RegionName,StateName,2000,2001,2002,2003,2004,2005,2006,2007,2008,2009,2010,2011,2012,2013,2014,2015,2016,2017,2018,2019,2020,2021,2022,2023,2024
United States,,120663.1901,128444.2553,137155.9114,146752.4394,158141.4763,175146.345,194761.8342,203342.5348,198427.7175,179930.4378,169325.8331,163405.9573,156172.693,162116.5489,174621.124,183217.7562,195112.2128,205738.9032,218969.0356,231314.5434,243415.0662,269205.244,312191.838,337214.5132,348089.245
"New York, NY",NY,215778.4911,240392.3385,270054.5845,308393.3366,350216.9491,398852.7183,451707.9621,463341.9582,449333.0257,415400.2642,389802.2314,383685.0851,365972.0685,367311.4998,383165.804,399288.6168,417769.3377,432454.1001,454840.3167,475108.1966,494301.1697,531476.8676,587695.2257,619038.7154,653788.1379
"Los Angeles, CA",CA,227480.8698,251089.3767,277570.9845,326505.8858,390202.3107,491809.4679,579689.9797,603851.4108,549513.1516,428563.234,414071.869,401165.8836,380296.1352,412920.254,482741.5871,519087.0063,509620.9523,545612.7907,613983.759,672551.5998,683490.5234,753553.361,860123.6326,898616.4542,955529.9343
"Chicago, IL",IL,154352.2912,166328.6147,179970.6764,193885.5616,208524.9533,226684.4302,247433.7368,256969.1504,251871.5796,224439.9186,201760.8568,187156.0261,172041.1689,168936.7635,186864.2188,196733.478,206638.5581,216109.7741,228085.2322,235408.4684,240904.397,258579.6164,285953.1314,301129.0387,319360.7934
"Dallas, TX",TX,126340.5089,129716.9047,130350.3753,135623.6278,137882.964,147217.2773,149836.3341,154269.2873,155712.9118,147380.1764,148317.8431,143705.6654,140031.0553,147974.5484,160398.4834,173394.555,193967.9158,215145.2925,235554.0379,248438.9464,256004.6997,277912.1794,336233.8361,373356.7792,372084.9173
"Houston, TX",TX,123687.4826,126283.3755,126513.017,131843.1342,134918.8975,145728.8721,148271.1631,153913.0569,156932.1554,150476.6294,151253.7859,147279.1764,142064.0075,145385.4072,160090.7747,178291.1682,193836.6482,201774.1055,208862.0011,218313.0507,225962.6608,241823.3524,282943.299,310201.6201,309289.2541
"Washington, DC",VA,187557.7736,202604.6873,228036.1464,261014.8337,298955.4048,365887.458,440238.4768,445978.9355,413009.518,347523.1469,328339.0952,327298.5404,323653.5533,347173.4969,374559.0261,385282.6121,395663.1365,405109.4222,419273.81,432961.1866,449303.6932,490608.5178,535526.3896,555841.6159,575677.8954
"Philadelphia, PA",PA,121812.7099,127782.0099,137127.1157,152284.2153,171893.7124,197689.0397,225858.0936,237270.8639,236851.8289,223969.6279,217372.9561,210039.5115,198076.3981,196334.8747,202605.3992,205488.592,213389.7536,221786.9,231865.4333,240073.4505,251128.3125,278754.9717,306040.4941,330424.9777,352806.4485
"Miami, FL",FL,131296.4511,140544.8163,159220.2856,180353.5728,209328.1793,253071.2856,320632.0485,352816.6622,310675.417,232505.7502,194950.9346,182838.5762,174733.5125,186221.4675,220561.4515,246644.7922,271332.8883,292718.6016,316122.777,334403.7313,346578.7518,376673.1631,449190.4808,522593.3755,560234.0128
"Atlanta, GA",GA,145787.5883,156438.4099,165576.384,171393.427,175337.752,180391.6084,187593.8741,193588.8356,192383.2849,172903.6595,153594.7482,140084.1387,126436.8112,132182.6654,155453.1576,169767.7012,183575.9115,197017.8489,213794.7836,232007.425,244787.0442,272006.2058,335503.3225,369359.8802,380403.9685
"Boston, MA",MA,224283.9564,255942.0983,293909.4231,330696.6669,362203.6297,393991.45,409722.1126,387889.9685,371587.8595,345039.7179,338758.9421,337931.1201,323466.329,337571.0301,364239.6713,381343.6963,407935.0313,432861.6017,461459.2418,482532.2355,495238.3061,550366.6848,603224.6145,641384.6391,694012.9118
"Phoenix, AZ",AZ,143573.7729,151753.1365,159545.8403,167277.9749,176721.9698,203988.9073,292170.5856,295179.0505,267354.4402,191698.0486,162693.7898,144945.1438,137993.5126,169150.0892,201035.8371,209198.6093,229531.8557,243207.6412,260162.0322,280237.7746,298506.3066,344852.0982,445185.3764,456296.4202,460629.0167
"San Francisco, CA",CA,298704.5726,361560.457,397317.319,435368.8446,474424.9068,569977.9762,655580.5498,655325.2553,609506.6702,518345.9996,490805.5619,477451.1308,444923.6082,505205.2551,607665.1602,679274.6583,778738.0441,814190.2134,900221.3147,954852.4016,956123.3438,1040652.597,1196696.889,1168350.365,1180382.017
"Riverside, CA",CA,136023.0196,148851.8196,165971.4754,190845.2504,229536.7801,301900.9739,365076.2864,388545.0376,340386.5308,220561.2287,191044.6753,193030.9846,184676.518,199936.8929,254421.2464,281058.7943,296580.913,306091.2701,353741.6101,372265.823,384464.8051,429747.1792,522397.4365,552525.5584,573072.4011
"Detroit, MI",MI,119357.6646,128999.8845,136715.8882,141397.8517,146428.005,151217.5638,154093.1318,150009.9047,137199.6749,108816.4281,87919.45932,82246.5969,77832.34975,86629.10772,107020.3234,118012.9971,129155.0439,140473.9004,153848.2638,165224.4333,175120.3239,193501.6319,213651.9082,225678.2025,237718.5673
"Seattle, WA",WA,222394.6401,236263.6966,248952.7263,257514.9821,273593.1546,303705.4416,357601.8696,404237.6329,410448.8836,361723.331,327689.6427,302673.5447,272662.7845,279064.5687,314205.9947,335765.5625,377219.0572,419117.2206,472817.0222,503392.1503,519718.9323,592779.6996,699292.7237,719271.4552,734347.8604
"Minneapolis, MN",MN,145971.5439,163555.7251,185023.8414,201676.638,219006.1145,236326.3215,249705.6812,249884.708,239047.3733,212733.2742,201838.6877,191563.0997,173527.344,189869.6376,210958.1641,220345.6052,234641.216,249598.7152,266339,281649.301,294310.8178,319869.2149,354003.2754,365215.1485,370196.8631
"San Diego, CA",CA,224077.1217,257671.4967,292934.7934,347058.8696,407326.2015,518911.7711,555087.386,539510.5101,484223.8199,387798.9206,376557.2325,369584.0432,349607.8628,380351.8168,445403.6003,476011.5747,517503.7385,549739.9601,592561.0734,608001.1755,619930.9971,698946.7543,827036.457,875418.5976,950385.8319
"Tampa, FL",FL,103598.3822,111537.4667,121792.2378,134053.2313,149668.1079,174289.9503,217897.4753,235018.0269,208306.0426,167102.5451,144164.1053,133696.8252,120962.6894,129220.7497,149326.0053,161230.0952,177641.3224,195472.1546,213341.6084,227558.614,239874.4844,266755.8753,334622.0641,381980.3253,390076.2813
"Denver, CO",CO,192765.3505,219057.3899,238232.7938,245167.0287,247959.5403,253610.8437,258840.0236,258077.4599,252009.2123,241141.8648,240331.3945,234670.5524,229308.1281,248559.666,273797.5978,300922.6592,342538.3952,374413.6481,401695.6848,423983.533,441886.4087,483668.7195,569192.1022,591951.4769,595809.3609
"Baltimore, MD",MD,142228.1155,148485.9543,157756.6151,175996.205,201487.8862,241489.2255,288659.4622,309577.4297,304864.3068,279224.7886,259776.8374,246718.929,234114.0821,242836.9645,255524.9407,261324.8721,267358.956,273987.9083,282039.4417,289460.7311,299332.8929,322871.3986,352743.8621,367192.1521,381320.6342
"St. Louis, MO",MO,110243.5749,117406.2616,125460.3071,134109.5661,144305.8924,152785.5366,161465.2949,166257.7626,164638.933,157764.4818,152946.8165,147012.464,137315.8478,137641.2399,140285.4587,144702.9757,151843.5911,158311.1713,165961.1826,172393.6918,179880.0942,198808.869,217036.322,232718.277,245724.7673
"Orlando, FL",FL,123313.3144,131841.7966,141803.3827,152200.4516,165470.4942,191734.7465,254531.7628,279376.7487,252113.8058,190645.363,156111.5819,141561.6214,131306.8337,142872.7605,169158.1851,183904.0147,198663.3865,214874.8193,233233.8555,250898.2504,263948.9568,286485.9594,344108.1736,395648.291,406356.0192
"Charlotte, NC",NC,141038.803,146939.1048,150698.9402,152418.5638,154620.831,157371.4594,162726.5557,170993.127,178465.1815,170802.8942,162595.1529,153331.2291,144615.5122,148517.9915,159251.4191,166392.1677,179604.5551,194041.1068,210499.0213,224813.6214,238069.2931,268936.7093,329482.5323,363630.1453,374386.1369
"San Antonio, TX",TX,112866.6638,110875.8155,109537.2321,113460.5117,116523.0793,127716.9048,132595.8289,142384.9331,149094.1706,145342.154,141354.8996,139454.6193,135776.7408,140217.7768,148547.919,159095.6649,172273.2834,182818.6336,193843.4571,203644.8656,212459.1225,230902.6961,272389.3365,295875.8967,286643.2923
"Portland, OR",OR,173532.9298,178927.0209,185390.4334,193631.4695,205267.3678,224823.5788,271844.0386,306728.1458,310192.1487,280416.2591,257645.6932,241105.9757,223233.4074,236844.807,266285.8789,287803.2036,326945.0445,364742.255,387634.5616,401877.7145,415755.3742,459278.6193,530846.6256,540449.5388,545705.8909
"Sacramento, CA",CA,168042.9778,189481.2424,223649.7522,259065.6801,300827.582,372926.2763,435103.0528,409102.0883,352955.6917,273856.5268,244574.2712,232229.0666,210234.8008,231959.1698,293325.2651,313863.2639,340689.282,367748.2021,399974.8185,417158.387,433730.2729,479067.0416,567820.321,566151.7233,570917.4873
"Pittsburgh, PA",PA,82383.8317,86031.69757,90786.56624,95483.81772,99700.92959,105047.9638,109630.9328,112162.5623,114624.1602,113833.5312,116466.0047,118564.4831,117068.9746,118873.7494,123190.3038,127974.2709,134487.2163,139035.9286,144908.082,150150.4735,158105.2788,176627.8285,189428.5007,195820.4697,203447.973
"Cincinnati, OH",OH,125997.8787,131629.9315,136698.6022,141714.3898,147162.5826,151882.7557,156742.0525,159017.1922,156648.5768,149468.1954,145604.3498,141498.3542,134663.6369,136167.3737,142718.235,147275.271,155309.0311,163269.3684,172238.7209,184156.4695,195752.5998,221231.5588,246037.5794,264907.3965,279384.0904
"Austin, TX",TX,169574.132,176013.9346,178347.5274,176015.076,176905.0335,184013.2778,190168.7061,196918.6809,204108.9415,198955.4387,195748.5555,189880.1248,187915.8982,199036.6203,220865.2019,245572.5126,268300.175,284706.6673,295655.0657,305078.2877,319470.6515,364850.1753,494377.4141,497650.1997,462362.1149
"Las Vegas, NV",NV,160571.7904,167559.7191,179266.6774,190398.1684,215744.3807,302089.0195,340049.22,344121.1459,298747.3046,205278.1335,154092.8259,144196.0551,130094.0119,144518.82,187098.6308,202977.4254,218677.973,230277.3001,263039.9,295814.0535,303101.1536,324049.9754,400639.2255,423191.6123,425923.2246
"Kansas City, MO",MO,108825.5341,115110.8478,123382.0652,129038.4836,134446.0421,138487.0509,143509.2166,147963.4008,148687.578,144811.3115,142590.6838,137313.5792,129702.7126,132800.252,138897.8773,145933.6808,156163.8221,168436.1341,181692.1079,194107.7409,204141.1525,228186.8257,256300.9391,277147.7974,291319.9944
"Columbus, OH",OH,128504.0427,133921.2354,139604.1309,144883.0901,150309.6666,155424.6236,159597.5485,160296.0313,157322.71,152172.3782,146968.1774,143922.6087,137077.6931,137525.9304,146509.1232,155440.8304,167873.4129,176379.3102,189514.6554,203055.9203,217806.4784,245639.9639,273784.0959,301571.1295,318152.9954
"Indianapolis, IN",IN,,,,,118017.1175,121929.6621,127613.8529,129990.18,130291.6277,126732.2423,126545.018,122990.6245,119675.82,122439.0496,127964.0254,134271.983,140026.8422,148937.3015,159555.1142,172301.7601,183912.1843,207134.6649,243338.4323,265126.3087,270992.9497
"Cleveland, OH",OH,117230.1744,123072.3384,127340.4235,130596.2688,136080.2327,140537.4659,144644.2099,144151.5899,138634.7686,130514.7494,125464.4319,120465.4549,113627.4996,115720.5781,119387.6197,121129.9543,127770.1229,133934.6284,141721.0992,150110.5468,156842.1072,174400.5946,190343.4703,206374.6782,219369.4142
"San Jose, CA",CA,377635.864,478206.0659,489336.5904,509653.1452,522648.2556,612712.4965,703662.3731,711022.0512,685560.5114,558852.8682,535687.9721,523677.4603,501151.4008,627653.3132,727925.6227,818036.1711,932372.1698,896046.2341,993321.321,1241321.953,1160977.427,1278403.126,1488449.839,1488299.316,1582386.86
"Nashville, TN",TN,138571.6455,142925.6616,146755.8999,150115.6173,153697.8045,160140.409,171544.3793,183252.2018,186775.6051,181763.1655,174951.866,169901.1263,164077.6458,169400.8845,180409.6613,193037.599,216443.2461,241759.9708,264842.254,280575.0041,294535.0211,321931.8531,394882.6716,433292.9053,434921.026
"Virginia Beach, VA",VA,116565.383,121459.1839,127735.3222,137529.4485,153273.7395,184981.7764,226629.67,245795.2793,248671.5765,237056.7348,225501.1518,216630.9957,205475.3281,210347.8682,213402.1446,216687.2662,223854.729,227793.4376,233330.3292,238368.1111,248885.4411,272113.2019,301675.2085,321250.0169,340138.2865
"Providence, RI",RI,140917.8584,152412.8247,174481.1102,208049.2655,247094.0155,284843.0591,308079.9231,301853.6583,287260.1982,254986.9021,240561.03,236134.1437,221329.1037,222042.2639,234462.8036,241683.5064,255556.4878,271872.6746,290496.834,303992.3704,317288.543,356386.2945,397896.7868,431030.8509,464103.5941
"Jacksonville, FL",FL,113251.7652,120420.7014,129798.28,139812.2316,152666.8386,172739.2808,202980.1259,226349.2107,215933.4238,189301.3538,167797.1374,152114.6921,137368.0503,141088.7454,158200.3265,167540.8929,179530.4242,193081.0961,209268.6928,225715.048,236046.373,258345.6919,318056.9087,361468.5109,359077.0896
"Milwaukee, WI",WI,142714.0317,149117.1436,159303.6307,169777.9563,184941.7127,201929.7859,218359.8943,222039.7789,220410.3405,203298.0016,197680.6887,186485.206,174719.2548,175650.8883,184946.506,190117.6313,199651.3981,211280.9259,222219.6483,234205.0671,247684.9528,271323.4931,290486.5258,311375.1713,336765.2264
"Oklahoma City, OK",OK,88981.17807,92893.92753,96715.32816,100946.876,105713.2337,111699.1192,116335.6907,122114.4423,124271.5521,124328.0575,126768.6159,125156.4958,123000.124,125462.271,129778.7682,136061.4572,139031.0652,142841.5705,149058.6895,153392.3688,161353.5012,175524.0493,197781.1383,219967.2406,227458.9832
"Raleigh, NC",NC,171590.0881,177317.1628,181107.0662,183901.2433,187111.5301,192355.3014,202191.1907,214745.5709,223488.4664,216178.4981,209865.6336,204465.5857,194354.3478,198324.5365,208675.0659,218643.5205,234750.3208,250047.6347,263994.3849,277895.6441,290094.9885,315214.5807,394973.2296,431871.2261,437419.9562
"Memphis, TN",TN,109706.8057,112663.6468,115254.8318,116844.2397,119577.8471,122641.311,127763.6501,132470.0624,130294.2073,119114.6208,111803.6349,107893.0983,103694.2954,105203.786,110359.8096,116040.4892,121692.4576,127419.7846,136970.8845,147812.6901,158998.756,179750.3503,210559.6846,230446.8636,229780.956
"Richmond, VA",VA,123968.5359,129214.1137,135945.3993,145708.4048,158541.0042,176919.6846,202387.9096,219819.1268,222149.43,211868.0886,199378.884,189384.4766,178110.0708,181938.2778,189623.9348,194522.863,204323.8353,215419.5073,226805.9824,237203.99,250095.8865,275985.4589,308297.6879,339272.5004,355760.8433
"Louisville, KY",KY,107670.4402,112654.0221,120564.7161,124112.3697,127395.1882,129127.0974,136188.5893,138903.9032,139461.1375,136837.3044,135446.9452,131791.2471,127852.9625,130760.4769,135579.0263,140889.1363,147440.7139,156528.869,162830.6186,176602.5826,187804.3261,206848.7154,226833.0912,240515.4184,250829.8183
"New Orleans, LA",LA,127460.0619,134273.3185,143600.0186,151338.8605,160144.1762,169074.8486,185240.8007,201512.5077,206597.5561,196258.5082,192699.4714,188632.5108,182341.4513,183772.7708,185950.1372,192691.5537,202564.8095,206897.1954,209374.9228,210613.0058,224595.3776,239612.0302,261703.9481,258723.5813,237662.2207
"Salt Lake City, UT",UT,173687.7578,181771.9382,184706.8197,183725.3788,185652.0158,186609.3499,196162.6785,233286.0385,263948.5692,240641.7443,217353.0441,203418.7221,191588.1214,213531.9017,240038.1788,247573.5796,273205.6681,292161.0602,322527.5302,349935.2292,373595.6873,429566.1783,525467.5371,543447.8976,546235.4945
"Hartford, CT",CT,156017.5183,166908.5552,180276.2785,198482.9619,217862.0379,241698.3121,265717.1543,275036.8813,271152.1448,253172.4623,241204.0957,235894.431,221557.9239,220756.6841,224799.4404,225496.8416,228769.8547,232078.0746,238448.2366,239187.9153,243176.6306,268091.3508,293597.8771,323245.5068,360044.5417
"Buffalo, NY",NY,85085.45951,86388.91514,89608.16871,91578.41543,98930.56957,102111.6445,108003.1941,113018.2554,114881.5414,115635.9878,118076.5401,119290.1646,117153.4393,118949.078,124142.1701,127616.9576,134259.9535,141566.3386,151287.9139,159833.0893,168634.539,189113.4754,210063.8265,230186.653,244825.7462
"Birmingham, AL",AL,109844.3408,113906.2346,118308.2181,122121.0314,128079.1135,134662.7663,143365.2336,151502.2081,152808.3587,144092.8717,137906.4693,130962.1932,126665.2937,132347.3373,138349.886,142891.6239,148788.7735,153475.182,159825.8272,167860.463,179652.4346,199387.998,226530.9692,244379.2337,246240.6607
"Rochester, NY",NY,96346.56799,99599.13771,103808.4792,107619.0072,113088.1887,117852.3789,121767.3616,125044.0003,126951.1944,124815.764,124956.6003,123800.1778,121646.4964,121479.5517,124552.8532,126313.0642,131209.4325,141576.6707,141696.1684,146862.6114,155223.0424,174351.9603,190370.482,211614.264,231608.2856
"Grand Rapids, MI",MI,117278.2569,122840.8616,125945.8645,131140.6488,136949.0175,142058.5768,145331.0384,144297.4457,139534.9446,131070.1147,124186.4939,118690.7842,116328.3071,124054.733,135970.8149,145093.0336,157011.6023,171840.3227,186384.8901,198782.0289,211558.5282,236148.7258,271009.6578,290213.7139,304861.15
"Tucson, AZ",AZ,123614.5174,128591.4439,135999.9515,145390.062,156562.8602,178243.065,232028.0822,240937.6671,227646.7362,194940.6217,175272.8504,160278.5832,139495.9954,157880.2188,171821.537,176770.2951,183405.0735,193347.7028,206343.9207,219464.496,235629.2835,266063.1949,324562.2303,344734.6428,351896.5932
"Urban Honolulu, HI",HI,271652.6937,285524.0459,299716.3977,332514.1008,385502.3461,468960.3872,588606.7991,627076.031,630173.6807,598298.9948,545772.329,579935.1534,565983.9526,583866.3144,625036.4768,662441.2775,693529.0144,738942.546,774503.8112,794727.8367,798135.9718,845263.2199,978680.0852,1046533.42,1032372.094
"Tulsa, OK",OK,99110.73526,104016.4418,108687.0269,111784.6727,114323.0418,116865.6947,120348.579,124320.003,126306.2521,125830.6204,126029.0563,124125.6931,120014.9196,121957.5611,124819.7596,129537.3042,131129.89,140011.4085,141793.5277,148915.1682,157825.5432,175970.048,201640.5236,219173.7167,226837.7102
"Fresno, CA",CA,113410.4925,114274.9641,125985.2981,148356.5455,182252.8741,230995.5379,291134.076,300079.4626,263565.2318,193270.4945,169752.2996,159942.4639,141928.5811,158435.012,185427.0988,199100.2796,214201.2442,227852.5705,248398.8193,266207.4134,277626.5357,306736.075,361883.3466,380958.4275,391397.748
"Worcester, MA",MA,159547.6137,179194.7196,205398.2238,233413.5879,263147.7955,288442.1555,305811.429,294683.5383,278011.4631,249404.3324,240564.3588,232209.7624,217723.3947,207933.8865,219733.685,226578.5693,237534.2514,251880.1413,269806.1491,282204.7511,295150.2929,334485.363,369131.1577,400109.4292,437334.0591
"Omaha, NE",NE,115459.524,118321.3171,121706.6248,126262.4612,132692.512,138654.2244,144140.8805,148376.191,145726.5039,138046.0382,143676.2166,136841.7341,134541.8803,137056.7897,142013.2918,145968.9543,155031.6576,162697.664,173905.0639,183794.1438,196337.5479,218151.586,240422.129,263610.424,277260.2958
"Bridgeport, CT",CT,295097.1461,328583.7196,360595.3153,404719.3947,452670.7236,510875.5422,558494.3565,556541.4964,538265.1989,490477.4935,454730.4553,434808.5346,416308.7974,418703.429,440222.909,443904.4541,453159.3424,455841.1067,461746.7893,461591.6948,458339.1759,507324.3613,567977.9295,615131.3274,680440.2609
"Greenville, SC",SC,115491.039,118868.784,121758.2734,124443.771,126709.3757,129472.6574,134366.1631,141845.0631,144384.5885,143334.6002,138782.7127,136266.4509,132174.0589,133974.4306,139348.3672,144249.0093,155044.3025,163849.6442,174934.3613,186035.5243,194905.1744,215991.6119,247203.2513,279883.989,288378.2011
"Albuquerque, NM",NM,,,,139276.885,144148.4985,151815.9968,168852.1117,191694.5019,198492.9252,185824.6574,179310.4548,169905.7211,163405.5672,162508.1797,165342.4619,168226.5489,174667.7866,181772.4113,188146.4087,196510.1216,211398.2854,239343.2376,278533.0001,305770.5501,325167.0223
"Bakersfield, CA",CA,97972.93967,98088.63678,104886.7886,117322.7307,138615.2252,184195.4196,243255.0115,267810.1768,233867.3501,161628.0935,133912.6433,128966.4639,120954.6617,135278.3489,163810.4712,177356.178,189866.7224,197366.1443,209432.8949,221618.9666,233530.1494,259546.4506,306789.9984,327831.123,342732.8571
"Albany, NY",NY,112894.0868,117566.2802,123745.1035,133632.5733,150463.9207,169970.438,191140.6274,207418.1905,209400.1374,204920.1771,201391.848,198722.1952,190993.1795,191713.019,193727.5003,194142.5528,198828.9162,204015.1313,213148.9711,221445.8762,230855.1815,249612.723,275254.5971,295723.5045,312145.5339
"Knoxville, TN",TN,102092.8916,105360.7752,109010.4599,112640.7261,117480.7903,125632.3579,136773.5789,147839.5172,150743.8445,147284.2948,142203.522,140730.3603,137454.5432,138339.9892,142565.102,146522.8776,153637.6117,161467.8392,170998.3707,181145.7977,194980.0314,219817.2353,265299.099,299677.7743,331383.3955
"Baton Rouge, LA",LA,,,,137773.0823,136215.5646,144175.0808,158094.8667,177486.3509,182769.6696,180190.5243,179776.0592,175665.6101,166880.8064,163989.6869,167312.3191,172967.3531,180689.1894,180278.8817,187543.4883,188671.7196,194773.4476,203863.1008,219870.2563,228708.7483,235151.7453
"McAllen, TX",TX,,,,,,,,78603.07182,79076.21107,78529.00064,78275.90611,86127.05757,84089.90965,82753.16564,86357.45188,90810.80519,96775.21296,101878.4141,104665.8036,109637.6766,117202.239,133508.3649,150207.4526,172169.4073,184979.1321
"New Haven, CT",CT,152232.7648,164075.8167,181259.222,203767.7377,229376.3898,260383.0732,295631.8834,301538.8462,289866.3974,264319.1865,245986.2737,239356.9759,221988.74,216914.3134,222916.9749,221724.9675,223470.0338,225710.9316,232902.4341,237078.0698,244171.6945,273232.5641,305556.0558,336341.9101,371796.5801
"El Paso, TX",TX,96265.20621,94010.33283,91887.46392,94214.68023,97828.65692,107752.9093,115762.1037,132153.6838,140680.3204,132793.3351,130594.1221,128542.2791,126787.1763,122687.1496,122693.403,123391.7654,126520.3629,130552.3416,133215.5889,136689.4686,141077.4182,155016.8551,178260.7268,201693.8967,213603.1716
"Allentown, PA",PA,114263.2507,122551.7542,129855.1859,140537.492,157334.5622,177091.2519,204731.1518,220689.1073,220000.2959,208502.0858,196578.3119,191307.7634,178062.8168,173980.2532,177037.4048,181061.9226,185607.7494,190251.6019,198552.8427,207426.5168,216171.4234,242164.1627,272085.0299,297211.6086,316614.0758
"Oxnard, CA",CA,269407.5338,300344.8544,329616.367,385444.4545,465269.7926,577741.5122,658341.8524,654260.3317,569784.7197,462971.764,440572.5138,440657.3318,405934.4768,412553.5007,484981.7898,514642.7997,548024.643,577350.0316,612942.7855,627358.5703,635849.9878,701050.0455,796451.7923,825953.2227,869091.9668
"Columbia, SC",SC,109142.5704,114409.7712,117750.1232,120301.6804,124686.0446,130315.7024,137076.3735,143690.322,146692.063,142761.5035,141751.021,138944.7129,131791.6493,129514.2525,131282.8198,132182.7351,137577.6366,144016.8151,149933.9681,156878.2293,165835.3827,181103.8902,208512.8685,235661.0474,243925.2667
"North Port, FL",FL,131433.4761,139929.6073,155425.82,172936.1564,193962.5434,231034.9574,306225.8095,307527.5967,249837.3979,199505.342,172539.6525,165219.5831,156867.9771,171157.928,198540.3578,216009.5311,240445.7756,256657.0972,266227.1708,277674.8579,284168.5493,311044.195,403294.2499,472483.8725,472543.4354
"Charleston, SC",SC,133418.1173,144633.4445,154649.633,160970.1775,170011.0751,188133.2309,213568.5722,234274.1633,231886.1564,214121.7876,195478.633,186733.4738,171816.6345,185429.471,199549.9574,212102.0183,232313.1632,244796.4417,260972.4353,270906.8193,280030.16,304356.627,362401.8163,404562.1378,426729.4827
"Greensboro, NC",NC,109332.6231,113479.2919,116997.3363,118857.7107,121104.4144,124866.0744,129529.3781,133650.8367,136153.064,133131.8277,127480.3251,123569.3026,117569.8844,120344.004,124692.792,127362.4105,132598.4794,139830.7326,147675.1122,157877.0632,169029.3567,190256.456,214946.4162,237942.459,249550.7107
"Stockton, CA",CA,161081.9215,182571.4666,219878.9863,242581.9573,274996.5997,345640.9708,431324.9146,430435.887,326142.794,193642.5449,177791.0049,175342.5011,158376.0071,178426.9335,235785.8422,265325.1714,293755.3889,321420.9694,353756.95,378797.9016,392227.2815,435843.7893,519645.4816,524924.5991,530901.6487
"Cape Coral, FL",FL,121549.7715,129787.8941,141926.1796,159009.2665,178393.1318,210639.4925,287353.3092,300769.3089,234580.9016,165777.8837,132631.9492,125632.9074,126262.7199,143474.9905,166765.1083,183801.5362,208988.1255,225365.8371,234161.9581,240850.6891,245063.0301,267738.1864,352879.9278,406326.9255,407037.7082
"Boise City, ID",ID,,144663.0907,149805.1133,152701.7079,156774.072,161926.5412,185231.5586,205049.0088,205054.7747,182430.1827,157193.205,137807.0111,131118.8497,152421.0821,174643.3329,183483.1781,198776.4056,218851.0238,241211.3109,279120.8033,309849.5317,380730.2285,490008.2141,466202.0855,462713.5891
"Colorado Springs, CO",CO,162219.8796,171811.2927,187032.3187,192550.0778,198414.5165,205837.8385,218470.852,224664.8578,225633.0293,211792.0405,212921.9696,205932.2667,200158.3286,209331.3623,218869.2174,227933.4452,244086.5487,264886.6581,289024.0768,314226.7915,335334.6123,373064.749,446039.8374,456461.0143,455906.719
"Little Rock, AR",AR,102975.5745,106848.9053,110678.9678,115116.6692,121083.3897,128721.5757,137814.2272,,145914.0136,144806.7776,144495.7151,143468.1446,140543.1731,141676.5636,143359.4171,146341.0008,150768.7279,150732.6543,155057.8117,157244.4959,162261.9948,175047.9237,195557.1256,208053.5253,212154.9144
"Lakeland, FL",FL,90764.90925,94893.88718,99734.77005,105016.2209,113500.9432,128813.1991,165460.9438,185340.5086,172886.5224,143564.5714,119670.9419,104701.991,95434.08657,103270.9141,120911.9523,132499.5311,143664.4324,156934.9544,171259.1602,187782.7394,199522.0116,221121.0856,273141.6444,314966.3819,314911.119
"Akron, OH",OH,104560.4591,108767.9583,112544.3489,116322.7028,121210.1651,124303.269,127133.265,128678.3017,126124.9169,122444.6755,118157.3306,114379.8983,107773.3701,107703.9871,112325.7486,114350.3324,120239.0968,125318.8586,132792.1662,140424.3387,147470.1754,164441.9882,178423.0602,192398.9089,204111.8731
"Des Moines, IA",IA,114432.4965,120583.2955,126346.2971,132590.0897,139311.5708,145133.7705,150736.5586,154454.35,154689.8104,150327.3438,148312.364,143692.3481,140493.7619,146641.7879,154769.239,161330.3896,173939.4106,184851.8009,195045.8686,204250.418,212342.0548,226084.7156,249818.198,267831.9878,276902.6787
"Springfield, MA",MA,126073.338,130262.7317,139289.7735,156501.8724,173252.1293,195589.0235,217028.2669,220678.3391,217900.33,206537.8475,201973.7854,198374.6513,189249.4378,189238.9724,195215.439,196422.5165,204002.7364,210819.8772,219605.3873,227989.8998,237521.6279,263838.9004,288561.2951,312202.8764,334450.2325
"Ogden, UT",UT,159818.6561,166851.3584,167478.6066,167228.7903,168982.5987,171803.3711,175808.7034,197244.7628,219962.8722,207011.7526,197423.6317,184018.8536,177491.9162,185228.4577,198793.7313,205587.9095,225512.4666,249232.8369,271805.9827,299373.0079,325879.4029,375963.0956,468041.0369,480067.0623,486564.9258
"Madison, WI",WI,149917.1784,156070.7999,164504.6921,172886.0737,185164.1246,202171.831,216664.5284,222863.0527,226277.5584,215506.1457,214391.798,208225.7983,202232.949,205910.4899,215892.0589,223504.2438,237566.3048,252216.752,266305.0707,279849.2195,293819.5016,321270.3091,352321.5386,381739.1345,405646.8634
"Winston, NC",NC,114463.9903,119789.6987,124246.5562,126008.6212,129031.1161,133399.8015,138518.8764,144317.3247,147014.8881,145582.0661,140262.6218,136930.3598,131183.3215,130267.4745,131323.8098,134511.7871,139466.3069,144027.3177,151686.2523,161303.3833,172620.7191,194496.2166,219659.2019,246040.7932,258036.3718
"Deltona, FL",FL,96888.32779,102414.0935,110282.074,121194.1466,138607.2692,165742.6178,211525.017,227715.9376,195723.0778,157048.9732,132741.9606,120674.735,108473.4056,116015.5196,133748.2157,144952.2022,158160.9221,174870.8344,193071.7987,206750.1562,219059.265,241049.9743,296576.0718,338394.3942,339466.2773
"Syracuse, NY",NY,75356.57287,78957.42829,84007.24569,87855.43634,95345.27637,100499.2033,107406.0132,113241.6336,117619.5674,116356.0403,116909.0094,116186.1149,113780.0471,114203.4409,116731.0709,117950.7121,122338.8266,125969.7139,130117.0582,135621.9839,142632.5374,158886.3659,172891.1477,191151.138,211591.3125
"Provo, UT",UT,,190812.5129,196733.5481,193358.7958,194324.4143,195630.784,203849.4713,238757.3129,273732.6273,244165.7461,218260.3531,199204.8574,190965.3557,211017.8831,237805.5821,247470.7662,273114.8907,294155.7783,318716.4931,349399.7656,372531.6863,424252.4183,525494.8608,539015.5426,536931.6707
"Toledo, OH",OH,81298.55028,87152.55908,92586.89055,96537.10884,100245.6758,104563.3188,107399.1656,108065.729,103892.0782,99294.65437,94567.90353,91286.70016,87070.2385,87699.39017,92627.01421,96033.42925,103781.1978,108097.3981,114744.9815,120617.0676,127595.9755,142836.5446,151501.8682,161925.0665,174220.5671
"Wichita, KS",KS,,,,93911.05812,94580.35947,105894.3022,103449.0907,107312.8386,110108.0371,110889.793,113357.8117,110223.1864,106646.8874,107956.9493,108160.93,111051.4056,117004.1473,120077.0806,124243.2601,129846.269,139623.6436,152936.0937,171033.1986,187560.7493,196715.0254
"Durham, NC",NC,157941.5168,164504.0032,170543.7813,175493.0266,179017.9632,185277.5721,193868.3416,200280.7435,207355.7809,202042.2249,195477.002,192222.4944,180524.975,177507.3563,186509.8991,194027.1504,205238.9689,219693.64,235242.6572,251146.2993,264710.6511,292346.7001,353516.499,389652.0963,404279.7836
"Augusta, GA",GA,92071.5858,94630.05823,97326.60729,98983.9173,102910.4283,109211.7897,117180.7526,126781.7605,132069.8038,131686.1771,128609.3513,123706.1817,117803.4255,117663.2062,119753.5358,121633.7331,127790.4939,129888.4192,135749.2529,146606.2501,155596.2787,173868.1858,198243.7931,218677.4575,224886.0382
"Palm Bay, FL",FL,104628.1918,109424.2653,117456.1252,129563.1201,147782.4505,187933.7018,242227.8967,243714.8391,200390.0433,156802.9157,137315.8355,123005.6959,114373.4575,119268.274,135592.6299,147750.5341,166861.9876,184780.925,206193.2951,220018.5154,228628.4867,254842.0757,310316.9938,354670.0342,360064.4049
"Jackson, MS",MS,,,,,103069.2374,107066.1668,114239.2779,123226.2139,120863.4287,112186.1446,114810.0654,111258.2963,108043.1561,108851.0114,108123.9981,116646.6721,124567.9026,128709.2087,132291.5544,137103.6067,144099.2137,154650.4746,174266.3987,184683.5075,185503.7416
"Harrisburg, PA",PA,113845.612,118901.8092,122148.4084,126472.8097,134673.4352,144780.3023,156838.7348,167888.5567,173555.9929,172059.876,171003.9495,168132.4218,163130.6121,165318.3741,165225.0781,166919.1013,171088.7763,176048.7161,181440.6794,185709.7383,195908.5772,213547.3675,233266.5415,257006.2512,271597.0077
"Spokane, WA",WA,119192.72,118328.2991,121538.4944,125692.8476,133259.9941,145646.8574,170859.9236,193867.4826,201369.2355,185803.7898,179612.7624,166283.7886,157170.2505,156570.1555,162275.9455,166922.8081,180729.607,195854.799,215052.0476,240213.1013,268601.4202,313674.2261,381491.4617,398526.2695,397960.9095
"Scranton, PA",PA,81474.70844,84937.11268,88492.5742,92793.50161,98384.60823,103579.1654,113733.4202,121550.9766,127209.415,127099.8418,121949.0792,123571.3182,116367.6311,115793.9585,116854.7997,117018.9764,121480.1714,119624.2145,124459.0375,128055.7863,137265.9902,153930.9795,172956.0357,181099.8946,191417.9692
"Chattanooga, TN",TN,110756.5715,115326.3951,120935.1108,125320.5559,130428.1021,137504.2421,146925.7268,152638.7247,154569.7265,150293.8457,143375.2698,141054.6096,134145.3556,135406.4463,142603.2534,145055.0211,152455.6899,161237.7491,171837.9463,180898.2326,194527.0166,216699.0514,255828.2017,275551.5553,292263.6699
"Modesto, CA",CA,144090.048,159302.1126,193501.2957,219824.9129,254925.7377,312383.8523,392958.1028,389283.9269,304861.4624,178986.0708,150774.0843,148609.5307,136591.1031,150430.5235,197613.6501,225476.573,248995.6924,270051.2151,294890.573,314366.5387,330692.6921,370052.2422,432773.9582,440417.9813,453166.3726
"Lancaster, PA",PA,,,,140693.6308,149718.1018,161437.6093,186662.322,198356.8695,203389.8705,198032.9656,195534.6071,188915.556,183186.4358,186857.7162,189307.5452,193603.6509,200117.8217,207832.8721,218066.0465,228599.5454,238638.0211,261631.6979,291794.8023,319757.4073,340810.8658
"Portland, ME",ME,135065.1717,147564.0469,166840.264,188802.5679,214786.682,243618.949,262343.1483,261636.2086,256329.0596,241257.3655,225910.541,224531.1117,220792.7091,220045.838,229640.0544,234893.8811,248309.3114,266136.1161,284738.1146,302316.371,316695.3009,365883.2137,423129.4752,465280.2683,503425.8067
"Youngstown, OH",OH,76056.34427,79094.40555,82253.68702,84379.44364,86848.84169,89957.70722,92490.72641,92958.65578,91135.3891,87669.33971,81666.52956,77692.55288,75046.19441,75098.86253,76928.70452,78205.13937,82972.9614,85396.80122,89101.78646,92649.82797,98514.66251,112248.4282,125682.4717,134790.4933,142339.5885
"Lansing, MI",MI,92225.93695,99005.44161,106565.0085,112973.7225,119812.9346,125590.9631,128967.8243,128161.4869,118594.8392,111940.1064,102435.7905,98943.36205,96095.31545,101109.6511,109155.9863,115740.4099,122384.6453,130229.408,139596.1693,146600.4305,157728.5349,175218.4509,186958.0776,201399.1041,212342.7473
"Fayetteville, AR",AR,118605.4395,125196.9906,128936.7467,,131579.2219,146663.3879,164581.2736,172105.6345,166894.2758,154758.5411,147192.0536,136422.9957,131772.7449,139622.1447,147772.6513,153954.4833,162825.6955,176129.0415,187885.3591,196218.5955,207825.4601,233648.7914,284412.3627,318209.758,332228.072
"Fayetteville, NC",NC,106151.9006,109154.4986,108719.2043,110546.6626,112976.8882,117782.7325,123665.7736,131479.1304,137913.4527,139519.6178,140109.4284,140933.1565,136750.4089,133591.9059,132636.6679,131577.79,131087.9705,132702.098,137080.0941,141495.5342,148841.3473,165440.6332,186557.9287,218996.0684,235148.3902
"Lexington, KY",KY,120353.8889,126176.2165,130324.7155,135095.1435,140359.5556,147230.4821,152213.2736,154756.4735,154312.6814,153412.1062,150954.8323,149367.1692,145258.2298,146961.6356,149876.7362,153038.3336,159701.3444,168234.2079,179790.3884,187433.0417,196899.8244,218102.8323,244086.9406,266563.883,284585.9618
"Pensacola, FL",FL,106091.4621,107498.8646,109261.8254,112869.7528,119552.8659,137598.2204,173682.4934,177737.0296,166626.4732,147504.0037,140921.2009,131559.1837,123911.9182,122150.2249,131505.8179,137274.5477,144055.0854,152933.0033,165029.3451,176719.5078,191980.6733,218584.7981,260318.3873,288526.6651,295322.5863
"Santa Rosa, CA",CA,268221.562,328530.7759,382139.3585,409836.3214,461755.7955,552014.8097,631049.0244,606067.5713,553012.1899,435794.3321,403832.686,388194.527,346401.9011,374980.1687,453618.341,501259.7392,562604.75,595575.1738,645786.6472,674919.4959,672645.0391,707619.2279,775075.4544,793774.8978,810314.9428
"Reno, NV",NV,176911.2306,182597.5957,193496.6861,210668.3881,242547.4174,319952.9697,380560.1572,361731.1125,320086.6849,249910.0828,198493.0609,184309.2469,162838.3671,175494.9729,220878.7868,246957.8497,287115.6093,310558.8988,340325.3093,373132.0456,384485.0263,426926.1866,531316.6116,526760.4157,529583.3467
"Huntsville, AL",AL,,88865.81913,91922.14126,93996.44051,95851.0565,99550.65784,80063.97361,88462.82044,101574.6054,110056.267,106822.7498,116963.8003,114830.2719,158414.7254,165709.5237,163295.9043,166012.6394,171481.2664,176573.8019,185981.075,201614.1061,231280.0607,281591.0031,299896.4538,303072.666
"Port St. Lucie, FL",FL,107764.6394,111525.6869,120450.9632,138576.7039,164327.5219,198526.624,255232.9268,263142.2718,211748.3934,154593.5426,125588.7743,123370.6224,117935.9515,125466.9639,145789.7239,160051.7771,185564.7733,207566.4768,225437.3403,239974.6181,248999.1617,273182.8072,350770.9291,404739.7475,411434.6574
"Lafayette, LA",LA,,,,,122799.1883,128752.4189,136498.558,149082.3749,153949.6744,153086.4228,149499.8043,151630.1846,149480.8375,155424.7343,167999.3419,173531.3828,182510.1794,176028.771,176367.5524,174372.2409,180530.0452,183925.0685,193077.6325,195268.4611,191588.6958
"Myrtle Beach, SC",SC,,,143309.5039,146934.4082,153930.3439,172601.0975,208407.1521,236697.4779,232298.5786,209117.3889,187536.8043,173183.7441,168606.2117,170583.2062,179893.8593,187020.8484,195104.8381,201552.7673,211090.5164,221249.5095,232324.972,255265.7192,313277.2181,354770.9641,359181.2573
"Springfield, MO",MO,,,,,,,,,124738.5435,121642.792,116693.9066,112891.1322,108530.4809,112751.4099,118960.2565,121951.8223,127778.5379,134237.7616,142262.9884,151639.2407,162271.0359,180910.1031,214509.3241,238675.0382,246509.8952
"Visalia, CA",CA,105089.8294,104093.6839,108071.5132,115333.8028,133901.5019,172060.4957,226980.7299,247735.0515,219697.3471,169491.2722,149012.0491,135038.4575,123507.7493,133755.0731,157115.9866,169315.5934,174690.798,196609.4,213615.2124,224912.1434,238144.0701,264435.0309,310276.8799,329093.9397,336349.284
"Killeen, TX",TX,,,,,,,,,,137478.1487,134441.042,134671.9653,130118.7302,129649.2447,129743.2896,132679.9989,137483.0995,141489.5012,147330.3217,157406.5984,166545.4156,185440.4519,229157.6406,257721.931,250252.8251
"Asheville, NC",NC,115127.3806,122136.7917,130914.1911,138357.7463,145753.5047,157937.7959,174085.7497,194695.0105,207443.2177,204955.9275,193507.8501,185422.2192,177579.1576,179256.9411,188742.8078,199273.155,216841.159,232699.6051,252822.3286,266369.6309,277907.4572,308624.4703,360510.3652,398935.5529,419688.2469
"York, PA",PA,116332.4005,118341.0255,122322.1203,127486.2115,137304.3417,151567.3159,173910.6115,190846.7158,194460.4687,180287.9732,174318.4122,164336.8652,155919.8808,155291.0868,155887.7269,157769.3007,163968.8776,169556.4947,177291.8557,182167.4629,193274.9113,212682.4588,232749.5382,256663.2653,272824.939
"Vallejo, CA",CA,187721.7551,218802.3317,261965.0146,294472.8313,341493.0919,410826.404,482788.8319,478849.0825,410548.5337,261067.4744,219703.9822,217646.4148,194302.8846,215562.2351,284287.1152,322183.9349,355231.2167,387887.3908,422274.5158,447298.1093,456207.7845,499892.8135,580163.146,576891.2931,584755.7865
"Santa Maria, CA",CA,277464.075,309127.6717,367251.638,427200.612,506787.6681,612787.8644,704779.2572,670445.2036,595203.8968,464033.6595,428354.3032,421797.4672,366765.8183,397400.3947,475687.1245,517073.3525,557408.5944,581397.6727,608603.0583,623706.2671,633782.9528,711315.3318,858691.5037,929065.0821,995357.8353
"Salinas, CA",CA,258323.9739,311517.9138,370293.6963,397584.9704,456615.4604,570028.8607,691578.9764,685189.6069,577400.8983,393919.0104,329164.4396,322373.9703,301809.996,319638.4947,390039.1909,426340.4329,468642.1625,502498.1165,537715.2011,567103.9296,587408.347,657725.1969,762672.0826,782866.6937,821479.5642
"Salem, OR",OR,141064.9281,146530.6407,151535.4014,156759.2638,165105.1224,171947.0975,195326.7138,225367.8339,233326.2229,217893.257,201622.63,188981.5622,169732.5779,166610.1644,177226.7081,191914.9256,215099.4136,242440.1602,269516.2295,297491.3333,313671.5269,350719.174,412244.4325,428041.2193,431430.9994
"Mobile, AL",AL,87933.49415,92516.13586,96868.20009,97269.6433,98727.12189,102343.6636,111453.0531,127323.7755,133067.4929,135898.852,126294.5744,112996.2226,103359.8989,101204.4512,102714.3108,103603.8226,107456.5365,113101.4071,117015.3053,122852.8048,133348.4399,145083.6824,166301.0894,177087.3274,183155.2601
"Reading, PA",PA,101591.1524,106044.1422,109875.0286,116677.0738,124913.0052,141669.0909,156124.9229,172683.7669,176383.1625,172277.6143,166604.6802,160235.7316,150906.0388,148239.3053,150676.8102,152790.2202,156124.5699,161996.6738,170101.9637,175854.0423,186379.701,208736.5135,228623.0081,256193.4567,273887.2874
"Corpus Christi, TX",TX,,,,,,114497.5663,124747.3135,132495.2336,137805.1135,131604.4201,128723.9196,124897.1121,124349.0564,125438.6515,129779.9374,140617.2258,153632.1404,161170.132,163815.9936,166699.8966,179335.4594,188860.8773,207852.2351,214992.9409,213429.6451
"Brownsville, TX",TX,,98258.33611,94490.97485,97721.83386,100098.1255,113261.1315,119044.2302,122805.5003,121378.9585,123777.3346,119989.2249,119021.8676,114585.2288,106268.2578,106838.4716,110299.6368,114371.2918,117629.7073,121173.6912,121291.8497,121934.2354,138220.5399,165489.3141,178885.0014,187056.3416
"Manchester, NH",NH,152179.9054,169255.4336,198373.0984,226394.7227,253387.6178,276930.5558,297598.1325,288090.2345,276155.6676,250354.0502,244149.7165,234520.1343,220295.3269,223327.3371,232735.9333,238401.8022,254132.8599,266660.5609,285576.5738,298609.5805,315401.0728,358713.2935,402021.9315,447707.1089,485314.7741
"Fort Wayne, IN",IN,,,,,101323.7134,105729.2361,108631.2406,109951.4668,109238.0326,106904.3903,105591.9238,104757.7898,104233.4569,105374.9366,107567.7046,110607.596,115554.5207,122618.6748,130851.9236,140528.9949,152218.3407,168768.0283,191951.2502,210751.332,226263.4136
"Gulfport, MS",MS,,,,,,,,,,,,118471.7397,113868.8845,108367.9916,109103.6489,116102.9195,124239.0377,129850.0403,136568.3386,142389.2579,148874.7851,162389.1957,189109.5347,198163.1513,203139.9632
"Salisbury, MD",DE,135613.3163,146707.1027,159861.4695,176554.3809,203288.5502,238098.3757,283079.6329,299558.8462,290768.5847,267067.9541,251229.9619,232753.7733,217765.1548,218471.4739,229471.3379,237145.5381,244122.4863,250255.401,259855.0914,266794.7839,279791.3363,311151.8231,367482.1853,388354.4377,402289.1645
"Flint, MI",MI,82179.30755,87441.39189,91693.21365,95012.44642,99804.44884,104114.2348,107513.4684,103902.646,95820.36808,75147.30805,62693.10565,53033.34476,45287.2328,53512.21799,61940.90141,69693.19913,76732.52691,86373.13174,95844.8509,104820.8857,114625.0332,131636.1429,147249.2013,153268.0554,162859.5344
"Peoria, IL",IL,,,,94576.14924,97320.2692,103078.9074,107080.5907,111491.3894,112924.0825,110913.054,108920.9304,106901.1977,103900.7666,105559.4757,107987.1781,108972.2374,110492.8893,108814.7075,108331.8404,106855.2073,107963.9636,114734.3799,124452.3028,131670.7193,139576.1211
"Canton, OH",OH,90726.55044,95503.84981,97293.61542,100887.3614,103969.781,105947.6347,109914.6188,111098.6849,108683.3487,106306.9196,103210.6671,99975.45269,94221.34164,96192.77067,101170.2763,104509.8694,110150.0975,114918.7045,120792.4852,127967.625,133754.7608,149583.7462,162742.2543,172289.7703,185556.8298
"Savannah, GA",GA,116445.9263,123649.949,128966.5366,135485.8734,143054.651,157212.8269,170810.5177,184656.4898,185859.7561,176301.9938,166973.1491,160326.0822,148846.9602,153510.5165,160418.8188,167423.5186,176523.6266,179804.4167,186422.7718,197455.4782,207209.9664,224842.8246,262906.7078,302223.568,329679.2163
"Anchorage, AK",AK,140337.0969,146360.0624,178163.8149,185892.7894,198627.9495,216315.9979,236369.8063,252856.8072,262614.2638,262318.9957,262368.2655,261679.6509,259156.0289,275051.7359,282612.0509,292847.8782,304529.6124,306114.3487,307325.4624,309804.0175,339664.6206,344532.84,366191.7336,382585.2408,393811.6769
"Beaumont, TX",TX,,,,,,96795.89628,101871.0191,108748.1,114066.2987,115249.4363,113700.4286,112739.3656,110968.0275,109161.2214,113460.3502,116412.3058,120563.4361,122411.154,129842.2788,140348.0202,152734.8697,159028.7365,169940.6866,170381.1494,160861.7672
"Shreveport, LA",LA,,,,,,,125514.5051,136420.4199,136933.8219,138163.9999,139559.3423,142366.3229,143675.2912,139455.6193,140286.5673,143099.4394,145102.0347,144250.9437,140168.4382,142157.4942,154620.5875,159426.8825,157832.9019,159787.1478,161701.9013
"Trenton, NJ",NJ,149531.4315,160688.275,180762.7836,206473.1837,234600.6679,269850.9521,305257.7864,316685.9839,302239.3815,278609.5429,261204.3768,252120.3757,229319.6405,219250.3079,230460.3254,236165.1521,243115.7179,249531.1088,257252.8529,264199.9423,275942.647,299781.9604,339774.2915,366720.5664,406692.7485
"Montgomery, AL",AL,111238.1516,114434.3461,114166.8883,115197.7716,117074.0015,122142.523,130672.887,139407.6281,144088.7704,142361.6316,135006.8788,128754.8804,124725.4556,123205.4096,126300.974,127234.9636,128518.3926,129436.4074,131390.9633,134447.7317,141664.0896,151222.9111,170005.4591,182912.446,187880.882
"Davenport, IA",IL,,,,,,110622.4361,117793.8745,120543.1657,122784.1212,119334.6126,118964.15,118221.0125,115117.1281,117573.8392,120946.9644,123322.0071,126088.4806,127894.6649,131157.6474,134605.884,140380.0202,148550.7887,159006.326,164651.3071,169787.2976
"Tallahassee, FL",FL,111713.9945,115759.9911,122807.2678,132743.3626,149160.1899,170661.2955,199629.0808,213275.9298,205309.0263,181787.5487,166955.5846,156738.2095,144690.6922,144949.5956,149696.4522,154050.6762,161594.2554,169417.0604,178211.8537,187459.6551,200980.9875,219143.671,246571.1535,267014.0287,282165.3013
"Eugene, OR",OR,146667.0784,150240.1624,152555.7068,157917.7266,169659.5214,188168.6629,222965.2089,249177.8356,251659.1222,228142.6267,213589.0146,197735.8014,185562.1606,186719.9453,201487.9032,213986.7236,231069.3499,252049.8009,274475.7662,293512.6688,312426.4148,353903.3977,411186.5077,432856.4146,440431.2747
"Naples, FL",FL,190330.3201,209665.3926,234863.6862,257836.7755,288087.3848,346356.6114,464680.886,502060.3028,411140.7881,334348.613,283626.276,269338.2014,258156.3838,268998.6464,307943.8088,343059.9338,382070.3758,391817.2965,390395.9171,401651.0367,404059.8572,434306.2234,590479.3058,694398.2911,724672.6983
"Ann Arbor, MI",MI,181772.851,199154.4226,214945.2594,227545.9072,237912.8524,244842.5952,250413.5816,240231.4174,217445.8783,196440.6409,183289.2905,183562.6573,179812.1101,195831.7446,221071.2599,235648.6549,252305.8455,264308.9351,281717.3334,299811.5598,312931.3769,328938.637,353329.0272,374176.9335,387337.955
"Ocala, FL",FL,,,,,112788.1627,128023.2376,165337.4457,191578.3026,172595.5347,146128.4778,125763.7845,111472.7997,98189.15969,100095.085,108588.94,116449.0422,127243.8358,137344.0991,150369.9517,161075.0497,171161.2042,189818.5266,238233.5026,281813.0697,281018.9863
"Hickory, NC",NC,88793.15492,94081.03911,97240.61336,99250.9425,100896.25,103931.8029,109995.6867,116363.7419,119756.5834,118792.2656,112605.96,110625.3935,106332.2007,107529.613,108549.4372,108945.442,117410.8834,124270.7262,131645.0049,141864.9204,154502.8303,178298.0729,199611.5447,227586.9333,240554.8599
"Huntington, WV",OH,76063.79747,80017.64696,82437.18298,84819.85044,88252.23443,100313.8831,99675.81967,101887.4066,103252.7318,101427.334,98991.05179,99141.43702,100196.6252,101399.7305,102702.884,104209.0082,107568.9306,107752.7732,108450.587,112426.1105,115099.6409,126513.4397,135362.0054,142096.1519,142718.4908
"Fort Collins, CO",CO,195755.2314,213607.7828,234698.3498,243369.6789,246994.1029,253705.1271,258678.6472,257728.0561,259894.5043,246928.8713,246069.0669,241259.3274,242589.4421,255266.1979,271113.0263,294763.5111,333107.1791,364355.5794,389255.754,407997.3168,424934.8144,453751.1317,528061.0083,562561.5624,560025.7712
"Rockford, IL",IL,75610.42071,78324.03907,81838.96979,86193.73823,91141.16445,97292.27899,103376.2323,108845.5147,110619.7255,105907.991,97691.49338,91430.05707,86942.91285,84364.84769,84948.91238,87368.68756,92331.51926,101331.5702,109107.2227,114701.7726,121487.209,131987.393,148349.4123,159729.7179,177267.6448
"Lincoln, NE",NE,119705.5231,125199.607,130477.1607,135631.1044,142047.6844,146518.9205,151518.8655,153718.6893,152505.9501,149185.6841,149220.3572,148361.9561,145795.6045,146288.4575,149700.2036,154304.2992,164483.9033,173564.0097,183278.5654,193471.2228,202256.3705,219935.0331,246679.3128,265190.2376,275861.5306
"Gainesville, FL",FL,104912.5571,109236.7338,116647.9119,125225.2441,140388.6238,161801.431,192838.381,211494.5497,204247.3048,183485.4944,168523.7221,152756.1486,141837.3209,139035.0546,145312.2548,152148.8207,161538.6209,172363.7886,185807.2964,197308.5352,208609.3269,232500.3473,266504.3089,295826.998,309998.2148
"Boulder, CO",CO,237837.1618,274894.4265,306462.946,307780.3783,303750.0329,311971.7803,323606.7444,327070.2244,330886.5143,329814.0839,328474.0027,322894.6329,318514.2974,349140.2193,378671.1422,408107.2874,466044.369,514412.5499,541258.2001,563236.3461,583303.2529,627972.1603,737882.4151,788892.1367,780258.8523
"Green Bay, WI",WI,,,120416.5005,125335.051,131865.1909,139976.4983,145200.8133,147105.2122,145753.891,155611.3233,150983.0965,140864.6708,133677.2247,140138.239,142742.5447,147669.9022,155577.1216,165398.6472,176793.4472,187279.8423,199301.2122,220262.1352,247983.1068,269472.7951,290859.1096
"Columbus, GA",GA,126093.3828,130052.9757,135082.0938,137055.4746,143124.3585,,123968.4146,129911.7799,134543.7246,133177.5879,126794.7684,120729.9421,114710.0849,110077.024,108435.9277,106470.8393,107552.5498,109359.3524,111673.2939,117622.5359,125818.6758,139256.1648,155183.9508,167152.4467,176526.2085
"South Bend, IN",IN,,,,,,,,,110681.0194,106741.1538,100765.2945,97132.39209,92573.58983,93969.69195,98700.48502,99918.8695,104952.7436,113152.247,120506.2483,129469.0926,138478.0775,153550.0588,173480.9819,189037.325,200906.8174
"Spartanburg, SC",SC,,,,,110788.637,112139.9329,115304.2033,120466.9402,121531.2141,120976.9422,119542.2873,117228.3292,112466.2177,116849.6731,117569.7435,122383.2051,128903.9951,136398.3155,146397.1301,156756.4058,167830.522,188536.459,217627.9,246337.3675,256176.6917
"Greeley, CO",CO,170844.0295,180565.8498,195984.7188,207414.1639,209360.2559,213140.4767,214173.5943,208651.3539,197507.5627,181410.8285,176174.8238,172654.9705,170469.7091,189230.9589,209069.2146,239770.5509,275776.0996,303758.102,335244.8526,358548.2538,375501.9607,405228.997,477716.4574,499147.1485,491078.4206
"Lubbock, TX",TX,80227.19231,84650.44017,88030.84665,90940.80037,93091.97416,96551.44197,101969.8055,115710.6508,118334.8436,123410.4578,126508.2151,126564.0104,125194.2698,124059.5923,124831.436,129597.1776,125562.6792,139364.6296,150815.6988,155480.5394,150295.0323,163553.5422,184646.6372,202871.0845,202217.1115
"Clarksville, TN",TN,105374.326,107503.4611,109818.2729,111373.2952,113797.4342,119419.8742,129133.1615,136850.6927,143126.8144,140699.0456,141224.2602,140693.5257,142320.3067,144513.366,142211.0225,143928.3981,144703.1211,148943.2383,153912.0749,161528.184,174480.6569,193928.5825,232444.3722,258784.2867,267478.0757
"Roanoke, VA",VA,,,,,,160053.2671,159116.7156,165606.3531,166437.6014,159302.7014,150799.0972,149088.1914,147287.0428,149128.3084,150318.9063,152554.435,155373.5292,159094.2592,164116.1584,169251.2615,181788.8896,204175.7633,224113.5515,248654.572,263751.0804
"Evansville, IN",IN,93133.39076,97460.75954,101005.1228,102258.3956,103797.6374,106839.9547,109855.1349,111236.0322,112204.2758,108318.4053,105262.6859,106378.9429,106044.6938,107100.5531,109204.4645,111933.4293,116660.1452,122619.7227,128153.9057,133830.4464,140729.6612,154395.3249,173501.1323,185315.47,196169.3375
"Kingsport, TN",TN,90452.54579,92501.42345,95355.80148,96128.91241,98997.93132,102142.892,111697.299,118518.8457,121698.7693,120016.9148,115794.429,113472.4438,112613.0508,113550.7796,113933.123,116125.5475,120124.8964,125623.6517,129992.6168,134972.8919,147777.4103,158219.129,183695.0101,201174.2352,223690.184
"Kennewick, WA",WA,131422.2091,137435.8088,143831.9781,148973.4183,162432.2577,175025.8983,187514.8192,190403.9529,186715.446,178240.337,177654.3618,182901.2391,183767.2592,183148.3043,183898.6928,189415.9378,204133.9161,224609.7878,251765.7225,278164.6482,307377.2308,333369.9934,387557.9656,410587.3794,418344.7625
"Utica, NY",NY,65374.19053,69491.05493,72805.93649,77228.40904,83056.2212,91659.37403,98076.06554,103496.7213,108560.4094,108169.5903,105960.7701,108045.192,104161.1151,102979.5055,104233.5774,104374.5714,108906.3603,112637.9675,119077.8063,125582.129,132886.4727,150412.4335,165027.6955,180370.3122,191153.3359
"Hagerstown, MD",MD,126451.0049,131412.1008,138919.2982,148729.005,164722.2127,181474.2995,205136.2688,216849.6417,211819.4019,191657.4425,173754.6537,155898.8246,151332.3,159378.7587,167477.3189,171382.9872,174827.2015,178364.3825,187151.4075,196422.0642,205523.0492,229025.6223,262113.8667,279503.047,292589.686
"Duluth, MN",MN,,,,,,117132.95,128064.2805,132281.9444,134877.5555,134822.1484,130859.82,126916.8711,121230.4406,122949.4967,129307.509,132198.9557,137286.2174,141075.1073,148206.2846,153998.7751,164658.0922,181903.8689,204631.9636,215979.5622,226289.7067
"Olympia, WA",WA,146253.0798,150035.2706,156061.8381,165892.0979,180452.4762,200698.7171,242906.3517,265921.3989,266891.9442,257197.7682,242107.3002,228090.9374,203638.378,212327.1499,222290.0255,231669.4743,249276.0411,270649.8164,293909.8555,319274.6069,344228.6787,403075.9391,473880.8641,487230.7147,497368.9281
"Longview, TX",TX,80789.20109,84456.72892,87114.44179,90090.69327,91735.05255,95411.37783,108514.2104,114966.074,125183.0511,123224.867,121352.4536,121430.8317,121516.0204,122383.9744,124693.8693,129972.1976,134628.5506,137965.1104,136948.5972,151972.9057,162640.8472,167052.1351,186908.3282,203956.7006,206396.1961
"Wilmington, NC",NC,,,,,175577.6523,186323.2195,215566.1415,247582.9207,253657.4027,238434.4335,220494.8576,205274.918,192052.1266,188563.2021,201265.4623,208339.6033,221259.0856,229842.1181,243791.8739,254899.0102,269743.9306,297103.7185,351387.0613,398375.7914,421901.3848
"San Luis Obispo, CA",CA,210813.6415,245251.382,291681.9566,339423.7604,389581.4589,471085.8179,540485.9709,526565.192,496169.6115,433839.8358,390477.2185,368693.6735,353899.6026,397786.5757,452098.746,487824.5415,490459.2781,564787.425,604905.2694,621709.4968,634462.6649,688439.5211,789800.362,841846.8823,886885.5561
"Crestview, FL",FL,129445.5342,132993.8522,139504.2038,145657.5426,161413.0497,203410.8715,276302.7278,273993.609,246704.9715,212220.5836,195312.3797,188745.426,177653.1709,184594.729,198202.4585,204605.9068,215048.4032,224498.402,241113.8471,255372.8135,270790.899,305047.2299,366629.7447,400161.7007,401883.2694
"Merced, CA",CA,,141009.3867,160414.759,185975.0231,216164.3196,268232.9214,357565.9424,351568.9968,264055.3698,143354.6765,114791.4546,124916.07,118214.3349,128639.4709,162661.4019,186593.8355,204926.9795,223129.8126,247160.5276,268170.8686,285412.7646,315424.8143,381734.4589,391349.23,399008.2204
"Waco, TX",TX,,,,,,,,,,112060.4713,110676.4769,110799.1614,109154.0367,105665.9474,106941.4436,112990.6373,121378.7964,131470.2278,144356.0051,155511.9437,165601.0579,187030.1069,224186.5914,250675.6464,250048.33
"Cedar Rapids, IA",IA,110245.7058,114271.6644,119637.413,123853.9321,127869.3836,130984.233,135362.9581,138837.0681,140850.4505,142833.0006,142269.2178,140644.5597,136322.0342,140127.6125,141210.1937,143306.4161,147291.905,149849.4844,155571.8601,161253.3564,169169.7751,179356.3502,197262.9894,211800.5263,219302.4483
"Atlantic City, NJ",NJ,122991.4309,129471.2483,140391.5341,158820.8009,185986.8315,225739.7201,270168.3807,290717.0117,275626.6635,245890.3883,221625.0819,215113.3217,198666.8749,204148.9275,207746.2803,208862.1384,204973.7236,191507.274,198844.7258,210874.8435,226336.3553,255922.0737,304036.9389,330959.1074,361830.2759
"Bremerton, WA",WA,156418.7786,163011.4012,172274.7438,188845.2774,206016.5322,239152.8579,291325.4188,320737.9298,319558.0105,295547.0041,271156.878,265947.0142,239863.7545,241565.9714,248522.159,259512.9576,286730.3353,321971.5313,346291.4701,371062.1905,403134.4817,465004.4808,538195.692,542786.8351,544279.1038
"Sioux Falls, SD",SD,,,,,,,,149498.6695,154197.2025,156571.0814,153176.4384,152572.007,152509.8055,160076.4416,168465.5585,173557.0526,185619.7409,192178.5924,203809.2232,214163.7932,227686.9226,245827.3664,284415.3043,308194.8265,317213.8871
"Santa Cruz, CA",CA,312495.0474,382437.5681,441208.0547,469141.1916,502247.0009,603700.5623,701085.6649,676048.1971,672263.1426,541258.7395,502367.4859,492093.2024,458423.0479,502662.681,571078.8292,634979.4996,709433.0337,757804.1693,821373.7102,850536.8587,841565.8433,945912.2911,1134034.782,1147771.688,1167686.399
"Erie, PA",PA,84962.24926,86089.03366,89697.85522,92855.00553,96632.4696,101631.8066,105875.3543,107945.0342,108212.628,108331.565,111435.006,111613.4861,111970.1047,113563.439,115554.141,115075.7296,117750.0723,121212.0665,124058.0746,124974.997,129965.7819,143091.7115,156641.1785,170944.2214,182742.5955
"Norwich, CT",CT,151847.6716,161920.1185,176301.7851,200863.6577,225442.7525,256519.9981,284871.1578,286943.708,282964.225,258443.568,240995.7155,232786.0012,217235.3596,210206.4162,214804.2948,215523.1061,220225.5502,224710.5101,235347.3046,238185.6036,244173.345,273865.8187,306779.3286,333860.1276,368417.1028
"Amarillo, TX",TX,,,,,,,,,,119567.4298,118604.9084,117846.6639,115232.7146,115124.3557,117383.0203,121350.8778,125773.2268,131633.1745,135240.3389,139349.2962,143922.6666,155689.8279,178856.3667,195760.183,200314.9512
"Laredo, TX",TX,,,,,,,,,,128921.9935,126716.0663,124714.7804,122987.2344,125847.6971,132530.4908,138627.8258,148970.3699,153336.53,156467.9594,163171.563,171165.8478,183829.212,199789.4653,207330.5429,207785.075
"Tuscaloosa, AL",AL,101380.0317,104695.6697,108726.2033,112052.2556,116422.1017,121414.9125,128346.4862,135671.1809,138614.5871,135359.9327,132589.7867,127689.8306,124881.5087,130979.6792,131329.0239,136180.8757,143186.8683,141124.9059,143774.7462,150953.0255,162410.5009,175924.6138,195120.4751,207870.3511,211451.1818
"College Station, TX",TX,,,,,,,,,,153129.0496,152914.6815,156385.736,154299.4534,159678.2914,164014.1493,177217.0815,195962.8864,212156.6929,223032.4214,230454.2767,229995.3395,244053.2235,269213.3966,288869.4125,298381.3967
"Kalamazoo, MI",MI,119617.4577,124837.7199,131562.6274,129214.734,133786.886,138863.3134,141570.8461,140521.6872,135456.1353,132121.3779,125645.3001,120226.0652,115823.7862,117881.852,126022.6254,133254.0496,142617.8981,147997.555,158591.5385,168540.7121,179397.2172,198310.2327,222156.8603,233066.5392,244154.145
"Lynchburg, VA",VA,106510.9466,113657.5111,121492.1326,129429.3247,130741.174,140716.7619,148156.5512,162267.5221,169110.3097,160353.0079,152060.1637,148591.9127,145440.5466,147174.4052,148288.7683,149185.0919,154554.9815,159506.0383,164555.5667,170264.2501,179541.8363,198771.0842,221224.0628,242407.1813,260431.0368
"Charleston, WV",WV,80208.24397,83135.46124,85590.4156,86387.11611,90493.03859,93276.04394,97410.78864,100896.6331,103641.7979,106530.1256,105743.1566,104609.0104,103976.51,101118.9082,94780.26469,95690.17214,95577.44105,96844.07837,97929.22601,98086.36274,101089.2152,110235.5301,119464.6678,127919.5912,134102.0109
"Yakima, WA",WA,,116377.2942,115588.6419,119519.7529,123466.6595,130446.4052,135598.8209,149025.5501,155663.6187,157513.5255,150462.4653,153834.1909,142805.2981,148516.2643,150861.7382,152759.6386,164613.3224,176713.8146,194187.1432,210050.9583,239197.1642,273143.1545,305853.5856,317775.5511,327747.9606
"Fargo, ND",ND,,,,,,,,,,191024.3382,186812.583,185557.6384,174795.4269,178017.5555,187885.8919,200738.7256,222993.1017,235333.764,237125.0872,237560.5324,251331.2146,257024.8562,280654.3959,295723.1183,297499.0758
"Binghamton, NY",NY,65271.60155,68521.21331,72168.14238,76612.12725,80333.65141,86082.90582,94285.51392,102130.2741,108851.2728,110042.5105,109890.3148,107702.6638,101596.0535,102005.5804,103346.4144,102222.8168,104504.4584,104987.4334,106090.8497,112439.4842,117152.8543,127516.7452,141000.969,152974.6202,165750.5794
"Fort Smith, AR",AR,84100.15988,87827.85584,91248.23163,94524.16487,97729.80844,101643.1707,107434.6727,112762.8793,114776.0391,114437.1276,113462.3263,110119.9716,110119.0225,108393.0982,107353.4843,108536.5154,112148.7985,116457.5364,118917.3062,122944.49,132055.5781,143212.062,165718.8087,174426.7016,179223.8736
"Appleton, WI",WI,,,,,,,166133.6586,167538.8362,167311.4293,165323.5267,161467.3322,158286.4144,148811.8964,147057.0309,151229.482,154256.2128,161533.4767,170312.4498,182353.353,191998.3835,205389.1643,224028.796,249935.9091,272311.9011,294267.6848
"Topeka, KS",KS,78714.42751,81590.33661,85244.15927,88284.03579,91732.75416,96107.22007,100640.097,104098.8471,107822.8683,106443.9472,106750.9231,104363.6388,102242.1456,103492.7752,104925.8395,105808.3857,109286.0809,111315.1621,116074.429,122420.1769,130480.0835,145040.1545,164522.6795,180315.8443,190646.6315
"Macon, GA",GA,84634.58307,89318.2177,93308.43959,95633.61691,99003.92811,102596.9374,106893.0182,110440.4184,112032.7562,106467.4858,100622.6917,95131.20128,89311.57298,87899.63181,89992.56924,93960.47078,98844.52989,97432.20053,103092.5505,110991.0851,120939.4252,133645.1455,151295.5716,170689.1773,178282.22
"Tyler, TX",TX,,,,,,,,,,131382.6188,130566.5174,126834.7114,125425.9833,125116.8822,130856.7446,140024.6167,145670.0133,153903.167,163149.2285,169242.4842,177855.1909,194035.1636,227270.4752,252204.658,262469.604
"Barnstable Town, MA",MA,198611.1116,227357.3918,270262.1234,322589.9845,375697.2144,423671.0297,449865.0641,429375.1559,411526.6578,392845.9619,371406.7029,374103.4967,352674.0396,351765.0329,367638.405,374375.5586,390561.5369,402951.0481,425353.0274,443269.0012,451596.5575,508168.6187,620056.9089,685827.6845,737646.0605
"Daphne, AL",AL,121683.9102,128089.6099,132774.5528,136519.3766,141223.2361,153401.4037,179933.729,204127.303,203728.4865,193917.9695,180452.9002,160918.3748,151795.3981,160224.7268,170245.7488,177989.286,191183.4652,199212.901,210526.0984,221421.9692,236212.2632,264247.4269,313971.128,338664.088,350078.64
"Bellingham, WA",WA,,150839.6645,154074.7786,166163.8538,191471.4978,239067.1059,283113.8983,306058.401,305850.2043,291552.8237,275330.0589,268681.2958,252183.768,252573.439,265991.6039,275085.9918,299285.85,327171.1116,362373.6744,395833.7433,422893.8724,480489.9852,569028.9996,587971.9096,598934.1499
"Burlington, VT",VT,140569.2853,151827.7487,166440.5831,181754.1605,196611.8156,221669.9526,248986.7821,261669.7338,262396.4228,253951.8611,249458.6474,254938.4306,254013.956,261953.1147,271724.4412,279825.5033,285866.6609,293923.795,307616.1957,318088.07,330001.5412,364311.2067,407661.5503,446404.2218,467450.928
"Rochester, MN",MN,124507.0267,138087.7936,147340.3369,152562.535,155694.5792,161914.2273,166893.8119,169029.6745,167445.7544,162795.2637,158181.4751,148910.1428,148174.5443,161619.1932,169018.3181,172742.28,183894.0781,198456.8259,215015.7922,226316.2786,237199.4703,258872.5684,287820.4719,302894.869,311017.008
"Lafayette, IN",IN,103002.9513,108519.4556,118645.8689,119663.3566,121990.2106,123695.9177,123696.1867,125739.4833,125003.9239,120978.9407,123081.6004,119250.0772,117429.2933,120236.4884,123598.109,127169.4695,132658.9629,141372.4228,150562.2997,159155.8704,172458.6106,190016.6039,218103.778,229612.8027,248163.392
"Champaign, IL",IL,,104778.9407,109850.5058,116530.8513,122083.7502,133109.5114,138992.8419,144453.0029,145883.8079,141284.2037,139691.6462,140098.5671,136192.1782,136069.2018,139467.6112,140179.0764,144883.0484,148826.7798,151915.7058,153238.3078,157534.716,164098.3947,180678.7425,189419.55,198838.0977
"Medford, OR",OR,148377.7341,159980.7209,172375.9989,185731.0785,212791.7766,253629.6997,308459.7207,320857.5788,292918.634,252112.2422,226238.125,213612.7955,184396.1466,190580.576,215703.8776,233196.6139,254513.3792,277797.2957,300450.3991,315760.4431,325089.0953,358505.4818,415756.115,420000.6146,418641.9187
"Charlottesville, VA",VA,161853.0949,175440.4669,190949.1927,207981.6429,231117.7254,274922.4654,307175.0283,298049.2841,293347.852,276790.0536,258975.4955,254012.71,246727.4936,248826.7399,256576.5228,259876.3777,271892.3771,281555.9184,295513.4828,307985.6837,319867.1099,349320.3543,384470.4982,414711.0226,431981.3077
"Lake Charles, LA",LA,,,,,,,,,,,,,,,,,,195132.6811,200209.874,205883.3423,207526.3166,211388.1212,202859.8462,202352.3348,186098.3017
"Las Cruces, NM",NM,,,,154335.4888,161899.5945,177615.3826,198797.6122,220289.1916,229238.3724,225554.2952,192139.5122,177582.2461,167173.9224,167223.2768,165519.7091,162724.4941,164014.5566,164153.5954,167860.383,178779.1785,181530.6487,200868.8403,233512.7349,261864.8851,278719.0201
"Chico, CA",CA,,136785.0044,153234.9816,175738.3531,214511.5705,251841.6756,299263.9525,295327.369,280842.9085,237828.372,214030.0469,201165.4562,182161.281,194426.5055,220176.5413,233045.4135,248872.3886,266074.1767,286284.0025,302828.4139,339117.123,365941.5518,402605.3571,403209.7898,389991.6544
"Hilton Head Island, SC",SC,188586.2073,207547.2177,225365.8095,230067.4119,243791.1998,265989.3144,309912.1779,354591.6545,339563.706,302998.7031,273589.6307,257416.6684,236792.2719,240079.7695,253852.0399,265858.7996,286089.6812,294428.9767,301557.9657,309888.2253,320844.4543,344381.6265,425669.5671,485715.2217,517042.0671
"Athens, GA",GA,130341.7507,139743.1942,147579.2449,155303.5633,161444.3751,168897.8152,175616.7841,178713.4934,181049.4829,179405.0877,163868.9948,158898.8635,143450.3427,141770.6886,149861.477,156127.8738,163292.6748,170475.9712,185412.0778,203046.0786,220875.0359,252021.8422,298417.8245,320761.0159,342730.9665
"Lake Havasu City, AZ",AZ,100652.2035,104860.2644,111527.865,123654.1209,149318.3897,190177.1623,232132.0382,252484.0036,223053.7136,180762.1789,146683.4887,134202.0119,131054.2747,137177.1739,151949.0378,160964.8159,175828.4203,184101.2896,199957.274,222644.8352,241717.3673,278498.6826,345644.6148,357485.6807,354121.9357
"Columbia, MO",MO,,,,,,,148941.9897,152372.3062,152413.4525,151734.5264,149670.6585,150454.7885,150095.222,153289.9113,158112.4507,162349.0176,168184.016,176059.8763,183257.0729,187319.8428,197841.6696,218230.3621,251099.2469,273763.1515,281321.642
"Springfield, IL",IL,,,,,,,,121097.7572,121499.6264,119994.1537,120229.7755,121865.1381,123230.9056,128284.5952,129105.8642,132061.796,133232.8224,134910.2593,135318.4866,134715.4654,141881.3286,146474.3408,153698.1716,160718.1955,169725.5797
"Houma, LA",LA,,,,,,,,,,157116.4653,157527.6801,156751.9247,159105.4954,157709.6087,172331.2423,177588.8474,187064.1223,184152.4779,174717.2773,173662.9597,189038.9192,194045.6488,190369.425,173245.1928,178573.0621
"Monroe, LA",LA,71583.70982,74361.81965,77877.33018,81803.13494,85700.699,90527.85688,94350.97469,97337.38527,98097.91978,97791.30327,99647.07935,102355.1823,97269.3643,100535.6951,110666.9911,116887.851,121848.8833,125466.6069,124632.8408,125920.7119,128441.5255,133952.8709,141133.3452,150905.9322,149110.6375
"Elkhart, IN",IN,,,,,,107957.8398,113494.848,118093.4155,119770.4812,114767.3339,111097.5519,105893.8715,103046.8534,108116.3337,113581.3668,118502.5211,125885.819,135185.1478,143903.8276,155634.4345,163382.9497,180115.2042,204514.6809,223456.3282,231208.7534
"Johnson City, TN",TN,85875.16772,89306.05425,90718.21508,93412.84157,96981.30505,102066.6453,110656.1767,118649.584,123500.4356,122889.3803,121619.7549,121284.9851,118377.6496,121764.7587,126022.6181,129905.1824,135001.5255,141002.6948,146974.0299,151232.8088,163931.6462,180568.9158,216898.0213,232554.4552,257715.513
"Yuma, AZ",AZ,,,,122117.4172,129440.8208,149980.1654,205759.1976,224752.9847,212558.3926,180510.1402,155479.5765,141378.932,121723.5646,117773.0308,125129.6977,131069.3793,136742.6433,142470.8105,150420.8514,160333.4959,170947.5806,195188.7176,238174.5884,265258.2332,273377.4722
"Gainesville, GA",GA,137402.7906,145513.0095,154606.9294,160084.6618,164289.9768,170086.4434,179825.5036,189184.1451,193992.5468,179518.6021,156203.1881,142859.2687,126786.6528,137630.7183,153815.8775,167032.634,181964.7867,194526.3714,207879.8752,220596.3196,233797.1499,261506.8357,320493.2044,355902.2173,372146.0178
"Jacksonville, NC",NC,,,,,,,133621.5886,150745.119,166182.8773,170694.2648,170258.4825,172541.7922,168006.408,164599.1852,156506.4746,151907.4068,145951.654,146889.7369,151350.8906,161492.6131,174295.2285,188387.8257,215865.3871,249666.2975,264445.118
"Florence, SC",SC,,,,,,,107255.8468,114709.9214,117145.5442,113263.8047,107598.8152,104543.3933,103388.6463,105105.9375,107422.6814,107918.1153,111379.5487,114147.0722,115477.0665,119482.4318,125730.0331,137394.1266,155569.7686,168704.8214,173397.0642
"Hilo, HI",HI,,,,,,,,,,,,,,,,,325661.6391,338670.6444,357799.6239,365417.4061,381850.525,416041.7563,491280.6242,558888.5314,549881.6255
"St. Cloud, MN",MN,,,,,,,205036.0481,176466.6171,167656.131,161950.9255,150819.7587,145828.4051,138048.7067,149926.2596,155731.3988,161088.3837,168087.8684,179023.5993,188392.6791,198075.9987,207043.9565,226610.837,258455.1346,274800.5535,286306.147
"Racine, WI",WI,,,,,,,,,,158005.7434,148362.0123,137130.3089,126483.2216,130035.2273,135557.35,138783.9124,145416.6421,153179.1013,164681.1125,179083.1642,188013.188,207662.6671,231765.9971,245958.9676,261892.1484
"Bend, OR",OR,149590.1247,157549.1622,168346.6331,178730.0143,192662.1443,231738.026,291718.9707,355112.7396,343108.8496,287224.7853,226573.5204,204893.7485,196152.9956,218223.3489,263321.1621,293912.2074,332203.663,361045.4679,385137.0086,412453.3871,433036.286,500048.4615,644167.7896,643437.1708,663823.2033
"Saginaw, MI",MI,75770.05005,79344.52407,82039.67665,85253.44859,89509.16885,91945.43085,92470.24425,86504.75393,80836.90281,72483.32387,75440.7496,74729.10992,67220.3633,67959.03853,69390.07537,71387.58127,72944.78439,75248.15087,82642.19985,87069.26448,96889.64173,110602.1237,121491.2347,135473.0395,144365.8233
"Warner Robins, GA",GA,107371.6393,111300.0407,113498.5099,114651.1865,117612.8837,123418.2189,129656.093,136201.6225,139025.7704,136731.3742,131224.8505,128236.3325,122645.0781,124177.0033,125797.4859,128064.8993,131513.7366,132905.0236,139118.9244,147090.6445,154679.2003,167176.5841,190612.8972,216999.2828,229870.399
"Terre Haute, IN",IN,,,,,,,,,,85859.63802,83630.55196,83355.85199,82660.07842,83630.25518,83761.4747,84212.2649,83759.80299,86908.45736,89874.57612,96413.14264,103085.0046,114258.1344,126967.4716,135875.2438,142972.455
"Torrington, CT",CT,156314.3631,167388.75,186083.6784,205953.5526,234277.0896,258248.09,287002.7019,293325.0746,287402.2465,275771.0904,254974.9813,247702.2886,231964.0193,223229.0955,227347.2506,228311.1189,232791.7106,235745.7101,244036.1709,243816.7689,248463.9061,285009.0194,321540.9479,355337.0418,392356.7549
"Punta Gorda, FL",FL,89411.4199,94868.77026,103544.4471,114675.6503,132515.0326,157786.977,208258.1312,211644.8692,164210.7798,141710.4069,122387.8607,118050.0022,111860.0576,124437.1789,142377.5058,155777.7783,174724.7885,190857.3487,202640.4955,213462.4277,223873.3579,246289.6568,325035.268,373152.4578,365328.5071
"Billings, MT",MT,,,,,,,,,,189285.7981,187004.8458,191695.8432,191250.8023,202025.1195,209501.0369,226859.3951,238896.6565,234021.9291,242527.4843,250842.4888,265008.744,284697.421,337851.0843,367298.1819,383604.5022
"Redding, CA",CA,109235.7045,111536.1554,126172.8379,149982.5075,180240.2881,216651.5236,262737.0494,268980.8437,249106.3585,207659.775,190210.296,181926.2362,168010.8241,173832.7338,199602.4511,210435.5339,222461.143,232343.5748,249609.5906,260136.093,277766.4854,307620.9318,354379.3647,359198.6739,361269.7651
"Kingston, NY",NY,113668.7533,124865.3419,137638.7099,154822.2296,182326.9353,211365.8966,244105.2979,246621.2963,246254.8869,230156.8781,216569.778,210282.614,192869.5865,182727.286,186370.5004,188594.6072,194239.6072,199157.1405,211350.5014,224013.714,234961.9239,279076.1445,326285.9393,359723.6044,384614.7086
"Panama City, FL",FL,99139.14944,105342.2746,108917.2282,116079.4837,130452.3173,162193.3767,211369.2841,215709.8996,203777.562,178953.8463,160641.2394,150137.0072,135526.5382,137783.5922,146969.0036,154969.7747,164762.391,170548.5565,182886.4722,200266.0418,207463.0229,237532.2199,279066.8779,317440.4453,324337.3651
"Joplin, MO",MO,,,,,,,,,,78244.29401,73573.04027,73162.07607,73484.29169,83011.53104,93459.00097,100850.9049,108395.1519,112177.7415,117482.4293,123360.1127,134998.1008,147519.1323,170111.2262,188160.1418,196575.015
"Dover, DE",DE,,,,,,,,,,,190528.1141,182946.0222,172988.6553,171892.9775,180694.98,185216.7384,195041.8823,204103.4305,206500.7954,214978.5046,228337.5157,255511.6187,291682.1294,316281.8005,337435.0951
"El Centro, CA",CA,,96285.94578,103743.2883,109149.6661,121174.5327,147519.6467,194387.0732,206941.4995,188813.3621,146508.464,134487.8289,129126.6634,,136930.7199,156455.3468,176036.0823,193755.6714,204237.1095,219116.5933,226981.5428,251503.6068,269004.0498,305525.3763,314161.0063,335485.2269
"Jackson, TN",TN,92751.24972,95144.32178,96342.87813,97322.08534,99603.4468,102118.8165,108182.2498,112289.1987,113010.803,108947.9624,107294.6386,100623.0215,96298.96819,97464.08966,99467.04104,100024.6891,104912.4703,107122.907,112629.6292,116907.9383,130818.1571,141544.0332,173038.2928,184172.0178,187700.0159
"Yuba City, CA",CA,,,,,148087.9705,186751.3375,231833.6421,226347.5926,192022.3368,153338.6825,144770.8844,140586.7944,135049.7608,145331.5968,182263.1756,202047.2384,219036.6767,241851.3686,269287.0009,285676.5586,306525.7947,345655.2543,405134.499,412175.4326,416199.8524
"Bowling Green, KY",KY,94311.74103,97467.98236,100502.0817,102630.3055,105632.3455,110807.868,115607.4153,120207.0207,122727.8263,123836.0494,122189.6202,116543.2483,116667.2905,118464.2735,120011.0633,123579.0422,132995.582,140070.8058,151054.8599,158307.1428,166845.6554,184159.1614,207047.1763,230973.3577,240998.92
"St. George, UT",UT,,,,,,,,,,209901.4031,180547.5177,168388.4379,169498.5139,190771.8647,214659.0051,232909.1984,249750.9215,269725.5724,294280.3926,324547.1283,344937.2813,391029.2704,513977.825,525204.3542,524838.3782
"Muskegon, MI",MI,81900.38217,87364.22942,90635.084,92710.56685,94591.93873,99593.94073,100107.5103,99985.81445,95970.35588,90243.46283,83349.55468,78263.16193,73565.94627,76190.28148,85307.46585,89212.67067,98095.79424,109042.4036,121161.5898,131323.0943,144826.088,165478.3971,189567.4647,205111.7416,213206.4499
"Abilene, TX",TX,,,,,,,,,,103762.3836,102495.6199,101174.827,99047.52284,101894.9623,106874.0841,112544.1501,119005.582,123995.9768,128183.5458,135842.9594,138865.7799,151269.8631,170984.2395,181793.5426,184202.0825
"Iowa City, IA",IA,,,,,,,,,,185957.875,184576.1084,185398.6416,184740.6453,189006.7636,195999.7927,202514.1347,210256.5604,216493.62,225542.1651,232196.3951,242320.2797,251104.8542,272869.6613,292205.2622,303138.937
"Auburn, AL",AL,130420.6068,136396.677,142194.5015,147805.6483,152793.2144,161676.5645,176062.7817,183019.9425,185458.9187,181858.0781,177596.3135,167687.5598,163099.1113,170660.7093,173789.34,177400.7983,184060.7456,193560.5083,204005.8212,214115.3874,225961.1185,244343.5282,275058.2724,293246.3888,307306.3163
"Midland, TX",TX,,,,,,,,,,161987.3484,156412.1702,157523.1406,166513.4475,188103.183,210196.3771,226658.2696,223793.5111,215259.8923,226578.9866,262014.7799,286633.7,284826.7821,285580.7567,287131.2329,298961.8275
"Hattiesburg, MS",MS,,,,,,,,,,,,,128235.225,127796.7611,126356.9246,129013.0024,138058.4408,137709.0654,142669.6889,146061.486,152620.0822,161704.3408,179896.723,183282.8017,189771.4553
"Bloomington, IL",IL,132911.7526,137430.43,140466.0425,146188.9861,150776.6292,154991.0931,158608.787,164536.0069,166679.9228,163222.9106,163040.4966,161113.4601,153211.4968,159651.812,165182.0738,165133.9044,167711.6251,166466.2128,166462.0924,165174.9082,166449.8003,175949.4257,190092.1799,211952.2642,222371.8872
"Oshkosh, WI",WI,,,,,,,,,,159186.926,152736.4595,150243.8533,129957.0919,130565.4814,138652.2648,140337.3441,148238.4443,156551.3022,166103.1218,174514.2882,185509.6535,205907.0435,226664.2851,244548.0256,257597.4324
"Eau Claire, WI",WI,,,,,,,,,,149183.9651,144630.0981,140840.58,135401.0532,139583.5943,144882.5546,149079.0628,157672.4361,165554.5702,176637.8945,187337.799,200197.5348,223796.9513,248928.527,267995.8827,282877.07
"Greenville, NC",NC,,,,,,,,,,145369.0668,139487.9871,138596.0478,133862.7174,132797.273,132794.2878,133237.3575,135840.8383,139028.1173,145156.6636,151202.3574,159457.4808,177043.4938,206488.0706,236703.3038,250098.8978
"Burlington, NC",NC,,,,,,,,,,,,,,,,,,145296.5118,154063.2481,163418.0516,170203.1548,190694.1847,223952.6145,259715.761,274258.9207
"Waterloo, IA",IA,,,,,,,,,116405.7249,116846.85,116916.8109,119397.2011,118775.2473,123606.7548,125970.3601,128598.9517,132522.772,131804.7715,133580.4196,138037.3976,145262.4904,151032.7513,161778.2833,175615.3071,185097.6672
"Coeur d'Alene, ID",ID,,,,,,,,,221931.7468,210759.3252,188820.2111,171258.6056,157993.2164,175231.185,195596.0969,207577.7812,224635.539,244526.3522,271780.2913,302995.3416,338336.6075,410107.491,533501.8559,548447.1893,543599.9917
"East Stroudsburg, PA",PA,,,,,,,181813.0669,193771.9396,196027.6672,182808.3379,166698.9173,159407.1266,146612.6663,142655.6663,142706.9502,139911.6747,138346.1576,141490.8571,149103.1852,161603.7376,175582.286,203801.3874,252269.7503,283253.0444,290695.7744
"Pueblo, CO",CO,103637.7956,108032.9142,109655.7043,113248.0213,117752.1148,121680.6815,127036.9407,131124.9821,129262.7619,124058.8053,122049.5916,120362.887,114688.3925,115366.6533,117095.4538,122289.1371,133523.2165,146858.8694,161279.6685,178376.4863,195571.7224,228897.4992,275845.2234,288269.0778,283020.7768
"Blacksburg, VA",VA,91455.08952,99009.79881,105376.4536,112091.3749,121687.2083,142140.3342,163987.6309,169599.2839,165310.3898,157045.5711,151012.8898,147533.3774,146855.6574,151476.2866,155938.2789,154567.501,160298.7274,163947.1138,169061.1577,176103.9062,188189.6219,207474.8723,233001.8798,246316.2588,255859.096
"Wausau, WI",WI,,,,,,,,,,131895.4581,129494.2885,123862.4552,120741.9233,122376.14,124856.1468,126598.4816,132497.2685,139214.0783,144371.3688,153876.5555,166817.8701,178225.2824,192174.8318,203367.0503,220406.5743
"Kahului, HI",HI,194703.9772,210206.0942,238099.8218,265996.1708,320691.3166,405935.208,490511.4147,541841.1962,522323.3284,480187.415,440982.1464,432280.2083,424813.5362,436640.8056,505407.1221,545923.2332,592008.3915,620351.3668,663503.4881,694566.9941,718855.283,795800.4588,929546.2518,1057518.452,1084330.302
"Janesville, WI",WI,,,,,,,,,,,,,111868.8284,111363.3542,115198.3518,119499.7789,126942.396,137202.7808,149011.471,160223.0105,170330.5519,189449.6244,212747.49,227766.6281,244944.3305
"Tupelo, MS",MS,,,,,,,,,,,,,104392.5004,109073.4954,113724.9553,120151.847,125848.0984,132179.6557,128651.8423,129773.7233,134056.811,141963.4257,167100.5736,165108.8553,167252.3111
"Bloomington, IN",IN,,,,,126926.1268,133067.4418,137844.7867,140046.2977,142354.4189,142646.0551,145189.2036,145789.5681,141156.3318,145461.8614,149170.6279,153232.8412,159616.773,168286.7637,179304.6781,190685.6093,205909.1231,231532.0495,259511.0953,276575.2655,286126.5904
"Odessa, TX",TX,,,,,,,,,,102234.114,105106.8254,105972.4122,115370.2715,123199.7665,137746.3065,155927.0065,166634.5534,160042.0016,164644.6344,185545.3471,218364.4353,223200.4893,219543.1666,215295.0702,222589.0313
"Jackson, MI",MI,,,,97643.803,102502.4601,108068.4223,112339.7793,112077.7015,105207.5463,93467.9,82265.10646,79784.09057,75615.5674,78542.64766,90491.82047,104134.9023,114301.2502,120824.6167,129325.7038,139409.299,148116.9189,165515.162,181099.4196,188749.4021,198038.844
"State College, PA",PA,,,,,,,162831.7059,169570.6986,174807.4402,178695.7719,183011.4602,184455.608,183229.7247,190036.7091,194326.8458,199127.2444,207710.3102,214611.2911,223779.6132,235897.333,251042.5814,268254.1068,283459.6155,302178.7917,315563.7603
"Sebastian, FL",FL,112745.0842,119925.8808,128728.4498,140861.6011,158309.538,195293.5441,253991.3516,256292.747,213478.3581,172887.1514,151240.1874,141467.7925,130686.5774,134263.783,152043.1598,166330.5305,183936.6423,202304.0619,222289.5048,236445.1256,245198.1489,265454.6049,332613.556,382519.5253,387198.5588
"Madera, CA",CA,,,,107991.8699,130759.8129,163565.5151,208877.0693,227207.0924,196764.7095,151353.4155,140330.4936,139394.6772,134643.9631,148733.4827,178832.9207,196918.1063,208906.3661,212960.3729,246921.0278,263062.0555,278536.2315,310534.2223,369710.8694,386988.2507,395769.4571
"Decatur, AL",AL,,,,,,,,92849.55707,93455.74005,93085.23649,88910.66575,85566.14365,86758.25015,114813.4542,124812.9884,123382.9881,128426.868,132899.133,138047.4757,143738.5757,156583.3228,175158.6456,203068.9736,208745.0573,215600.252
"Chambersburg, PA",PA,,,122693.8652,134554.7466,152968.8358,170829.2943,181254.0598,199886.4077,199033.7781,184009.9057,173297.9218,161960.4902,152941.4348,152971.0488,156232.4625,158400.9252,162482.555,165635.0855,174583.9702,180635.9191,191592.2451,210345.8177,234188.4182,248173.183,259076.6945
"Vineland, NJ",NJ,93703.74556,96180.73968,100359.9864,102796.5348,112682.2681,136250.287,164028.9787,186765.392,185579.1644,169232.1956,154759.4407,144883.525,138701.8779,142619.0132,141876.4649,140328.6147,144228.8477,144425.247,143738.0184,143093.1145,151584.4455,169526.9087,199847.6388,217629.2089,236168.4827
"Idaho Falls, ID",ID,109476.4927,113472.6516,117977.4928,122016.693,127310.3153,141965.7085,159833.0212,166505.7617,183504.3973,184398.2815,174803.4662,160487.1709,144326.5549,144227.4993,151931.6737,154487.3278,166632.1866,183767.7001,198627.0446,221665.6918,249056.8598,300118.5826,391640.6512,385955.2626,382982.4188
"Grand Junction, CO",CO,139333.3178,141076.624,148854.8487,159289.1229,170099.1239,184022.7408,202719.7949,230588.8067,260172.6539,248432.3813,220012.3729,198195.4694,177820.4382,184322.079,192269.8138,196378.2081,208343.9621,218243.5156,234976.964,254682.3003,274677.6015,302855.6555,360714.6027,380605.4891,393158.8072
"Elizabethtown, KY",KY,96241.98248,99915.67883,101605.1257,105411.9159,109263.5626,114814.5097,123299.8108,128725.3534,129323.3719,126776.6431,,128263.0171,117128.7987,121050.473,120880.803,122090.8201,122120.2501,127596.1096,136485.93,142761.3356,152121.4789,169896.7157,191213.9024,209696.0072,217052.9655
"Niles, MI",MI,106999.2462,111544.9155,116691.5984,121417.0626,128045.556,136069.4596,140887.8463,147760.2457,149839.3139,141621.6937,135882.1692,134720.4572,129452.2894,121624.1735,128049.3905,134883.6156,140336.4499,144045.0817,151175.0239,158049.1766,166148.2157,186668.1866,209944.2223,227679.7873,237441.131
"Monroe, MI",MI,144182.749,153691.3814,157843.2079,164405.608,169097.804,176127.6906,180369.9454,175542.7297,155586.2069,130828.8671,118710.4129,133224.5147,116003.3302,119138.1694,130286.778,142398.98,153467.4321,158517.5584,165591.9603,174287.352,180058.1057,198170.2141,211034.9847,222924.196,235353.712
"Santa Fe, NM",NM,,,,228798.0699,244228.6179,279882.4537,305840.2982,336306.2781,350391.5173,335053.8696,305348.8025,286936.664,270647.9797,271660.4388,278032.6594,288591.3714,301589.0035,305636.7516,337723.8752,353257.5464,387822.4817,435212.5381,496584.4689,525606.3121,545917.4336
"Concord, NH",NH,126134.0306,140041.2763,158051.6933,182837.8999,206797.9046,231285.3117,251189.722,251912.1779,241424.0857,217087.8876,205928.4995,199592.089,199570.9086,199927.2038,208019.5075,213690.5104,223036.2857,230807.1234,247843.7011,260869.2234,275997.0699,316561.6196,361939.4376,405605.0965,438342.0242
"Alexandria, LA",LA,74632.82687,78059.96842,81094.77529,84198.48136,87089.42339,91180.87553,88713.84477,99035.51107,105917.7085,106853.6966,106796.096,106822.2871,107979.8642,116474.4663,122311.1553,125147.7516,128859.6352,133317.5569,136516.1566,137754.5616,141026.608,150324.3648,146987.9629,155150.365,151005.2834
"Traverse City, MI",MI,119594.7898,128396.3749,134918.8939,142329.5703,151430.4258,159959.2597,165968.7896,168515.525,162853.4368,154832.2627,140935.8158,146345.9971,142756.0349,159431.489,172982.2851,186122.5705,196200.2391,204276.1878,219031.2463,231358.3161,242700.8008,272211.0529,324386.3306,353401.3955,375378.0429
"Bangor, ME",ME,79765.68945,85036.64966,91733.0423,100330.4884,110321.3837,125932.5193,136233.2002,139716.0577,140404.4146,136355.713,131337.3142,128853.4346,127106.1656,127966.3905,131410.6695,130491.0627,132968.2546,136131.859,141871.013,151372.4056,155781.0223,180481.9799,209657.4011,230673.8263,246965.1433
"Homosassa Springs, FL",FL,87795.45692,92783.20291,98677.11614,103611.9649,111949.9305,129381.2411,169677.0507,182906.8618,163025.283,140087.3337,124470.8991,111900.9305,102728.3857,100081.8682,105405.1969,110592.3647,122368.4168,134439.8131,147948.8527,162021.628,169755.2421,192934.1143,244735.5262,280071.7282,281402.433
"Hanford, CA",CA,,106396.7006,111115.8545,115660.6207,133687.233,170306.7445,219379.0936,235767.0626,221005.2027,187503.4844,172188.0698,163082.707,147668.6927,143966.5351,157515.6336,169455.149,179965.6159,196138.5515,213184.2399,223826.5411,235212.5633,262311.8974,305089.0693,321650.2143,335201.2483
"Jefferson City, MO",MO,,,,,,,,,,130111.9557,130627.0456,128724.1756,125586.5072,129213.6233,130946.8653,132497.7537,139419.3857,145208.1914,151817.3602,164236.9064,167585.3234,186143.5596,205901.734,222785.8324,232205.1318
"Florence, AL",AL,,,,,,,,,,,,102866.2398,102587.5752,109985.7433,118831.9354,117609.2249,122541.6539,125731.8105,128126.8041,129435.331,136168.7377,152148.22,175395.0194,187107.7485,196217.6444
"Dothan, AL",AL,,,85843.81756,91189.67232,96461.12141,103548.9395,114540.6773,123553.2193,128065.8184,123856.0346,117296.3535,114345.405,109018.3303,108529.6541,110635.6791,112829.8965,117063.4218,120575.3519,120948.7492,122541.6139,131195.4319,139659.8452,155724.9149,166606.888,170161.0616
"London, KY",KY,58239.28237,60419.92442,62631.16655,64490.60577,67012.80347,70051.76728,73149.53663,75941.71467,77285.14368,78775.0846,79343.87031,85489.97558,77119.41429,82595.22175,82892.57527,83248.86474,89500.33801,92292.12726,95721.18514,99955.48597,103471.6625,118354.9577,128425.377,142454.1747,144287.6934
"Albany, GA",GA,83069.14892,87506.12483,91527.8844,94504.37508,97351.26403,,104427.188,109902.3272,112317.4448,108300.3756,100564.2042,96170.68831,90829.30967,90092.65958,89682.5517,88031.54261,90354.52941,86657.56689,89081.92736,94104.84804,99209.64354,110316.7962,127066.6941,140850.9657,148343.3464
"Sioux City, IA",IA,76843.37514,79816.71626,82674.01482,84102.7588,87213.62586,90813.41849,90402.8205,92490.84899,94801.57668,95910.14905,95807.92109,96324.15299,97599.30623,99762.22019,104394.7913,110565.5182,119712.9113,126826.454,132571.0604,139443.0162,149982.5316,160937.0389,176422.9715,189813.1986,197347.5952
"Wichita Falls, TX",TX,,,,,,,,,,100691.6608,98334.04718,97448.57813,95565.64084,90030.75329,89588.09246,91465.09321,91636.00778,92911.77483,96222.7301,102365.5869,108882.5006,123532.0946,146214.8286,157118.7519,160213.3904
"Texarkana, TX",TX,79646.08903,82829.19484,85664.12968,88852.8129,92630.398,99472.67064,99516.28479,103750.1106,106476.5307,104844.1906,102588.7017,102280.2829,103859.273,105830.6001,109192.984,112706.916,117696.98,119149.7242,122143.4579,128401.4776,135027.8201,147157.5774,169451.3032,170906.4392,171951.1716
"Valdosta, GA",GA,111862.0998,117973.5007,123526.4778,127537.586,128879.3073,120135.6715,129368.161,138532.3175,146419.514,143857.7662,127169.5584,121092.9113,113748.613,116282.3495,116702.9841,114463.5713,116815.5305,113974.096,116777.3967,122540.9231,129506.4419,142358.0762,166700.2669,182199.2299,191604.2526
"Logan, UT",UT,,,,,,,198945.315,203864.4684,218713.2086,214036.3703,203647.8191,197375.8033,180630.0916,179796.8939,185880.2965,186318.0134,202041.1988,221487.9267,240881.2882,263928.8671,290342.399,335494.5923,425551.5585,443142.41,442732.2263
"Flagstaff, AZ",AZ,152969.8566,159699.0468,170229.7948,180841.2208,199078.0007,232275.7791,307722.3554,330751.7815,324278.1499,287525.3809,267456.1615,234723.355,223054.847,238283.4396,262575.5442,282309.7121,304320.4435,325865.2475,347567.3687,365441.4685,387507.2973,438018.1509,558941.2095,592377.0363,618175.6484
"Rocky Mount, NC",NC,83068.95782,88148.01186,91110.5191,92819.95626,94043.78922,97688.9168,102005.5636,107392.6349,109807.6436,108373.3431,102603.0622,97555.84902,95518.04208,94089.41457,95174.22021,98371.71104,100724.8273,102351.9105,107271.3927,113507.0762,119334.7435,139716.0144,155669.97,179845.6263,191509.38
"Pottsville, PA",PA,,,,,,,,,,85227.41895,79938.86296,76798.40491,72337.83502,72655.54578,72491.94724,70741.94872,73938.04223,74024.7458,76446.9088,79750.83174,85030.45167,100829.2308,114211.0851,119877.9642,131928.3125
"Dalton, GA",GA,79296.05458,84376.71612,88777.6137,92503.08567,95083.48858,100227.5507,107721.1538,112489.0025,114303.393,110060.3525,101602.8468,95438.24757,88737.19448,92830.36954,103483.9199,108518.0491,114720.9692,122833.0294,133188.0906,140342.8273,152937.6058,166606.1094,199843.5225,210474.5429,225539.5219
"Lebanon, PA",PA,,,,,,,157546.5212,165310.3649,173030.9057,172834.2064,171459.9819,170085.7777,161541.4187,161745.7983,164336.3165,164532.6735,165991.3426,169106.8321,175866.743,182357.7262,194647.0576,211985.786,233291.1479,256865.6119,270551.3492
"Morristown, TN",TN,91430.28168,95589.75842,99062.64967,99308.71961,102317.2013,106195.0258,115401.6004,124442.609,129048.6032,,123625.1477,121329.6195,114778.4116,119080.9031,122195.2199,123314.0274,133086.5973,139577.295,147792.5576,156242.0927,174964.8599,185926.5706,222970.7184,240426.7583,261990.4856
"Winchester, VA",VA,114389.1414,124456.3755,133611.9126,148002.1606,167302.7393,204984.3472,251821.1781,261708.2767,241170.9823,209274.108,186282.7887,186010.0338,182062.6542,185243.2727,196629.031,202537.8345,212325.2373,221191.8979,232459.7619,239860.9727,252613.6436,278410.4774,316981.3868,337893.0466,352598.9499
"Wheeling, WV",OH,55088.69596,56811.16598,59361.36778,61686.64986,64240.8567,68446.53926,77541.30185,82876.80972,85443.29532,85672.47935,82990.12325,84190.01661,83394.34833,86155.19726,89858.93573,94376.20735,100468.5803,99884.02087,101550.3192,108488.2611,109926.5404,123562.4766,126646.5479,129668.5327,130652.4545
"Morgantown, WV",WV,106967.9111,112502.0736,117060.3642,121766.6727,127627.8437,139180.645,157394.8238,165660.7207,154494.541,152560.1132,144061.2061,144325.0168,144744.3084,156010.7117,157283.1385,166812.2748,174105.0513,173395.5715,176632.5604,180045.5637,178979.6664,195982.838,206970.4525,215293.3202,222726.3395
"La Crosse, WI",WI,,,,136655.9339,143130.9224,152605.2731,162744.7614,163915.808,163109.2848,156953.0032,155019.3841,153346.0721,149678.3254,151049.565,155744.7249,158474.0795,166411.4238,175192.5044,184036.037,192240.4372,203180.2111,220658.5921,246777.9322,264402.3945,277631.6783
"Napa, CA",CA,247779.774,296161.3896,341904.139,389419.1845,456364.6801,535467.1974,622991.2243,621330.3053,574403.7795,495127.1342,409307.9177,405193.9544,359198.1856,403120.874,486287.4139,533269.7776,592606.2127,633916.005,671465.5754,697191.9397,711270.997,771136.07,859717.5311,881755.1351,905801.6709
"Rapid City, SD",SD,,,,,,,,,,163640.7741,160833.6979,163758.1306,161884.2904,169782.908,176083.0033,180466.478,189150.1018,195843.571,205617.3853,214519.9696,230062.0379,252606.8627,304245.1407,335067.9034,341232.8556
"Sumter, SC",SC,,,,,,,,,,128107.7236,119222.2922,115685.4318,112851.5871,109597.4434,114308.3632,112925.2156,116264.8402,118028.597,120243.039,130431.648,143775.2177,151943.9189,164476.2285,174444.3392,179066.3208
"Eureka, CA",CA,,166221.2392,175846.8455,204152.774,247901.6377,306520.3044,376188.8047,375658.0736,374925.9655,338100.446,311439.4,314478.9906,293069.6028,275918.9084,290681.0604,295748.1593,313996.9482,339354.4896,366395.0731,368984.4968,396996.1953,407803.5497,460095.6805,461930.7849,438998.8114
"Springfield, OH",OH,71803.91393,74581.71485,76954.32099,78874.80149,81304.57954,83624.70594,85709.05862,87872.80392,88606.5491,84589.76871,81939.73849,76939.22227,74326.87759,82172.56131,84139.79141,87026.06925,89362.96174,95029.12169,100208.1909,107116.9729,114398.9451,131708.5714,143483.0293,159001.5506,170527.891
"Harrisonburg, VA",VA,,,,,,,,,,,185682.3321,181266.825,179868.6878,184562.6612,186984.8624,192612.5402,201009.3835,205787.8701,211686.5731,218485.4946,229437.3049,253728.4548,280275.6995,299748.5384,315341.9392
"Battle Creek, MI",MI,80278.64131,82093.91911,85962.58691,85955.37812,91899.77492,96436.12804,100809.7082,102290.7901,94181.83109,84876.95196,75983.41946,72147.17724,71981.7638,72326.09072,71891.6591,81136.36017,86164.59069,93072.69505,98726.60078,104903.3588,116964.1667,129650.2801,151568.5363,154609.7427,164297.1704
"Sherman, TX",TX,,,,,,,,,,,,,103757.897,106763.6878,112787.8545,119306.6747,134040.4351,148534.8773,166275.7388,180876.6385,189701.0244,208690.4457,252040.8518,278052.002,278194.8489
"Manhattan, KS",KS,,,,,,,,,,140182.0835,140450.067,144539.9103,144394.4348,152203.3025,153906.3441,162075.2243,167435.8895,168939.5741,175669.9243,177148.9578,183758.298,192316.2921,210368.446,223690.4252,229223.8932
"Carbondale, IL",IL,,,,,,,,,,109332.5197,105147.6608,100798.3113,98938.59426,91629.10431,96444.33954,97159.00947,99315.36634,101639.0131,104192.4043,100785.9172,109832.1463,116416.516,122907.4494,125616.5237,127942.3637
"Johnstown, PA",PA,,,,,,83643.8915,93179.50667,95714.14302,96759.50797,90623.22387,85273.19049,86483.67522,83306.18658,86954.63249,93459.76674,87424.40022,88745.1048,86537.38614,86823.33915,91578.38667,102661.1425,108324.8023,121583.9363,117654.3713,102510.2999
"Jonesboro, AR",AR,85100.4535,89175.75874,91193.72023,92967.55528,95293.15925,98242.08397,104239.8927,108474.3934,109999.2857,111073.6158,109102.0687,108776.7404,110920.3515,112417.9274,114501.3284,116582.8548,119973.9095,123388.0581,127901.3972,132334.0497,139279.2793,150695.3681,172284.146,181825.3966,187366.3744
"Bismarck, ND",ND,,,,,,,,,,167834.6942,167772.4964,172686.2011,180926.3586,212720.4779,239708.8672,260673.2584,271849.33,264590.5878,265246.786,263823.7105,270851.0645,280553.8075,307343.9239,322525.263,331763.4908
"Hammond, LA",LA,,,,,,,,,180437.6933,169415.3293,150178.4021,148663.2081,147799.5696,151818.4053,157547.5057,165749.3596,184136.397,183267.4269,182395.8803,176899.5604,185987.2166,198361.3796,219091.8898,219468.5753,209443.6377
"Pittsfield, MA",MA,126074.1689,132824.6787,138194.5538,150942.7479,166185.8664,187163.873,207101.1289,219141.2885,218167.0703,207870.4803,192815.7246,197193.972,187413.4464,188825.6489,193848.482,194645.6491,201285.7857,203582.4715,210480.8598,217441.6063,227186.8927,257144.0127,295308.088,324886.7753,351014.6661
"Mount Vernon, WA",WA,154066.335,161421.8103,168708.3845,172382.7454,183681.8919,201969.9936,243181.2641,279100.0066,287112.9831,269078.5671,240033.3125,226209.8556,215097.6167,217063.2478,231773.3718,241848.7878,271145.077,298897.1982,329807.1069,359879.5577,386142.5194,445385.4799,524728.4133,538017.4185,551446.5012
"Jamestown, NY",NY,55967.34129,59078.92858,61028.24333,62295.09132,65166.01481,70246.78579,72460.54669,75955.60348,76897.76571,80609.57236,79747.48827,80811.63682,79866.33918,81149.1841,82052.84883,81918.1432,85716.38874,88784.2434,90860.79286,93652.78819,101088.7971,116131.2901,132192.5916,146167.4663,152844.3947
"The Villages, FL",FL,126936.9084,136067.7852,145777.212,155868.5217,168264.1075,190371.6893,213466.0707,247398.76,234030.5562,215572.7503,197480.0255,205188.9772,193019.9952,199721.3845,220688.9458,250266.7657,253291.348,251341.2764,258159.0495,275855.8314,289774.7987,302643.4003,362941.1193,414905.6577,401378.1063
"Albany, OR",OR,,,,,,,,,191288.7574,184272.4587,162078.673,153008.877,146948.9032,151360.6395,158174.015,166507.7352,184358.7468,204886.3178,231674.5846,255051.9779,272185.4629,309570.2638,364396.94,382845.6697,391621.2912
"Glens Falls, NY",NY,82251.8389,87460.90148,94615.17092,103915.0399,112143.9251,120902.7356,143066.8703,155772.3449,167763.6308,163436.3865,157323.4632,159142.1084,157227.0432,158999.0344,162436.9985,163697.3112,169669.4887,172945.796,178027.2169,184047.4464,190794.596,209690.5291,234075.5137,251577.9083,269932.552
"Lawton, OK",OK,88032.62414,89861.73079,92153.04676,94037.2036,,94338.68923,101837.6598,111068.711,117205.7672,113401.6625,113198.1422,113339.1573,112509.2397,108677.1692,106440.7962,103930.5274,98440.72325,95377.23161,96728.49471,95507.5188,98263.23697,107159.1226,119163.5061,129728.023,133095.8608
"Cleveland, TN",TN,95237.21541,99499.49116,103250.5264,105779.9738,110839.6863,117766.2141,126401.3757,134048.1967,138522.4688,136392.1801,129927.4723,133190.6075,122837.9868,123088.9893,126824.3894,132823.6252,140830.8242,149777.1928,157638.5532,167167.1135,179666.8594,202522.4495,243242.0866,259808.6353,278275.0302
"Sierra Vista, AZ",AZ,,,,,,,,,,183839.7857,167425.9362,158802.243,154129.3334,159368.2685,153816.0585,147775.9567,147797.3291,148732.1216,155521.6161,162969.8806,183240.3681,198920.9823,230962.875,244099.6407,247425.297
"Ames, IA",IA,,,,,,,,,,,147392.5516,147978.5751,148157.3487,149266.8042,157328.6575,163821.6101,175725.496,182332.994,191088.9067,195192.8037,199541.8424,211620.0127,232354.664,246962.6258,258162.8023
"Mansfield, OH",OH,80000.43081,83014.5782,85742.75591,89501.81935,92360.16935,95545.5717,99292.04677,102982.9954,,89268.80105,83808.7812,72957.82988,76225.20458,75505.13169,77115.46187,77811.80804,83594.03784,86810.13549,93950.38566,100963.03,110445.2608,127531.421,143873.0562,154048.3529,164478.5773
"Staunton, VA",VA,,,,,,,,,,,158841.2488,156419.4153,154166.9189,157991.0774,167549.0988,177419.5687,183284.3589,188282.7738,197204.6297,204434.9924,221236.1345,240309.9038,263947.3534,284366.9338,294164.9315
"Augusta, ME",ME,81204.35587,87631.27276,94313.68771,101829.3807,111948.046,127961.0239,140972.8667,145007.4355,146519.5933,141280.5783,135290.606,132945.1755,131365.0472,133244.2316,132314.0283,134088.0355,139592.3965,143621.8554,150988.1602,159797.4426,170714.8981,202343.1568,239484.6329,263571.0897,293006.9566
"Altoona, PA",PA,83436.40551,88692.93288,94932.82579,100299.2351,108162.9432,113337.6291,119322.9263,124151.3367,128866.9248,127688.2469,116530.586,110538.4754,109885.24,121136.5615,123384.0882,124684.7121,130171.3077,133926.9803,138095.1223,137464.4181,145314.6289,156081.5162,159018.5999,157679.9882,160287.1306
"New Bern, NC",NC,97815.02385,102183.3904,105456.1431,108699.9488,111919.5884,120617.3474,134458.0312,151484.6303,159895.561,154710.352,144375.6203,140481.8022,136088.067,134723.5864,133267.3986,131031.7738,132409.1858,137034.1903,141350.03,147220.8725,156397.0195,171873.6758,193936.3962,221822.0014,238554.0056
"Farmington, NM",NM,,,,,,,,,,,152823.61,147819.682,149573.1852,156207.6299,156528.2312,169061.7746,167141.6394,168390.9088,171083.9441,176266.4448,184754.4447,188657.3064,204153.0886,221159.0754,232665.8156
"St. Joseph, MO",MO,,,,,101533.195,107846.3752,111502.2776,113993.171,113747.0005,111064.3801,106511.71,104806.5311,102352.0741,104467.188,111768.5719,110118.3271,113353.6011,115747.3854,118807.0253,123809.8135,132081.5288,145622.2514,163126.4491,168618.8549,172696.6621
"San Angelo, TX",TX,,,,,,,,,,,,,,,,128821.5104,139951.5307,144963.4044,143678.5014,151726.2589,171955.0403,183799.6933,215236.6094,217892.077,222606.1804
"Wenatchee, WA",WA,,,152746.1469,155631.1375,162006.0547,181076.2297,222510.9667,251229.9388,274239.6895,242822.979,227218.3647,219034.3199,211067.1473,217131.5402,230465.0884,242767.6752,267372.8874,283170.6629,306580.138,335230.8709,369043.6186,413192.9325,478895.0004,491959.158,495584.3455
"Owensboro, KY",KY,83801.09948,87557.30263,90825.23205,91085.70586,93952.03463,93892.45017,95309.95589,98555.53466,99387.63094,98701.46203,97514.95526,96411.75271,91837.0366,92777.03659,94881.2522,98485.19142,103353.0446,103666.6115,115516.7471,124430.7926,130550.6941,144660.7817,159070.2864,174241.4916,181378.945
"Holland, MI",MI,121498.7977,127526.9708,134446.884,137686.6887,142045.3862,149165.8954,153471.7324,154493.5744,151496.0859,149517.1468,136344.7599,129627.6261,122562.8023,126097.3713,138703.9521,145412.6815,158574.4361,169258.2141,185461.3916,193870.8495,205577.5667,231190.4538,261597.3126,275174.7625,290247.0195
"Lumberton, NC",NC,,,,,,,,,,,,,,,,,,76426.40403,76064.19415,82916.25943,84105.1378,99015.47366,112363.7213,128916.7903,133493.3141
"Lawrence, KS",KS,,,,,,140155.339,150099.6829,157417.5658,158958.0374,158977.7503,157180.3465,156011.6318,157677.7337,160069.2111,164902.7012,167674.7892,172147.6342,180642.1474,190932.5238,199083.0358,211285.0151,232619.3477,263436.9244,281225.2063,297979.3074
"Goldsboro, NC",NC,82532.16248,86529.98095,89985.96875,92933.20979,96102.15454,101426.4071,102129.7649,104821.4139,102885.27,104874.4595,100269.3361,98180.44532,95633.15825,99103.82965,97821.26787,101566.1053,107437.4302,111413.0742,115803.8286,120769.2153,123620.867,136847.7736,144821.4203,161500.4721,170979.5109
"Watertown, NY",NY,51236.3629,54049.89229,57733.0139,60110.28736,67404.4495,78039.06984,93994.84962,105736.1474,116895.481,120601.6534,120454.4776,122911.4178,129494.8482,136254.611,138064.1771,135846.5985,136688.3745,135548.6111,136813.5272,139949.1321,145855.2665,157711.0587,169482.3981,185541.2173,195134.1338
"Sheboygan, WI",WI,,,,,,,,,,163200.2734,149113.9881,143691.4345,124717.4349,128521.4069,131768.6763,136174.1945,145042.3366,152979.6317,163924.5576,175382.6943,184954.9513,205698.5985,223615.7332,240714.579,263953.3926
"Weirton, WV",OH,,,,,,,,,,62841.90071,61910.08386,60516.77483,59550.53745,65075.89614,65430.95442,72228.08079,74843.74175,76520.64397,79700.71373,84878.9262,88546.28767,101403.9879,109274.6991,116798.7054,119874.6177
"Missoula, MT",MT,,,,,,,206509.8642,224300.8452,236143.7151,234193.67,222883.914,219298.8965,212512.3217,230404.2589,241280.7771,249900.1046,264816.5908,277781.255,295428.2689,308023.5609,327199.4925,382113.2528,489205.0029,520697.9868,544160.774
"Bozeman, MT",MT,,,,,,,,,,279807.4128,264544.3719,256017.3555,252868.2781,273516.6204,292906.849,310197.9308,346293.0798,377350.2605,415779.4313,449983.6455,476872.617,546244.0308,675978.4948,694226.5267,724537.7834
"Anniston, AL",AL,,,,,,,,,,,,103914.4359,99227.11141,110452.2609,126339.8798,117761.6118,104594.6659,106974.5326,108731.2373,115058.8042,121850.3153,134362.5084,147842.0673,151962.2275,150868.9871
"Beckley, WV",WV,53480.37549,55183.86173,57003.24807,58941.2337,61385.28436,66107.099,72594.48653,74253.88027,75139.91703,73082.67117,68570.41514,68812.99909,69393.7491,73622.99793,71841.06838,73310.82401,83827.29394,78378.62941,79548.52938,80901.5495,82474.20948,95033.7041,102333.4893,115102.5256,125166.795
"Williamsport, PA",PA,95875.64939,101471.5101,106206.1666,111859.5797,119213.206,132076.3609,133679.9626,138198.123,141428.2805,138883.7067,135881.3412,136066.9478,135447.857,138060.667,141120.0373,144295.5986,149138.3902,150430.5419,155185.3917,154513.953,163762.3936,177034.0982,187146.7956,200110.5385,208227.2352
"Brunswick, GA",GA,119348.7463,127280.9043,131393.2666,136756.4474,142451.2217,156349.3408,155253.8678,170301.3261,174121.4375,165034.5004,152081.0415,140274.8114,132351.4937,130571.318,136400.9318,140239.5058,148339.987,149773.272,166066.0171,177268.276,185457.4369,204219.0405,235835.7566,264455.8993,275506.4073
"Twin Falls, ID",ID,,,,,,,135039.0575,150176.1693,154037.9193,149690.373,134619.1698,123885.3695,120028.907,129852.7589,138521.9378,145066.6649,154826.3729,167589.9527,181181.0738,198041.7994,218625.2899,256569.2553,337916.2582,347770.4716,344385.3384
"California, MD",MD,163474.6159,170519.9749,175486.0734,188864.7812,219006.9605,272278.0215,333835.9712,361949.8372,356083.5041,320400.7076,290811.5078,283587.0212,270161.4954,275045.5982,282858.7277,284405.1684,286788.9712,284789.7643,296286.1221,302139.2368,315417.6417,344502.9496,375293.6499,386245.299,394795.254
"Cookeville, TN",TN,93856.62005,96880.85276,99252.75947,98874.12107,102356.9051,107813.7387,116912.8403,125452.7789,129430.1037,126776.9252,123601.1126,121843.6585,117179.5532,119073.2542,123966.4497,127037.9598,134361.2574,143002.7901,151695.6687,162665.0651,180323.5747,196605.1693,242975.2989,260370.2953,267993.9179
"Muncie, IN",IN,,,,,,,,,,,72707.80237,71256.36984,70048.63057,71048.40315,71886.82897,73108.08398,74047.57328,79417.22105,83275.12476,88537.58956,91841.77834,105908.2064,121033.0361,132326.7228,139708.332
"Michigan City, IN",IN,,,,,,,,,,,116712.4876,116382.027,115029.9504,116043.2312,119252.1021,119998.0889,124974.1114,126933.8165,134189.0773,143957.3318,152304.9572,169584.0279,191443.1764,209337.4226,218652.4141
"Roseburg, OR",OR,98314.41516,101357.4314,106110.6166,109930.3681,116762.8561,134525.6286,163396.5432,182291.6506,177245.5142,174232.6389,157460.7011,148049.6553,142058.7205,143411.1255,148927.235,156441.3783,169558.3849,179048.4495,197211.6784,209710.2623,225231.6214,256310.4519,303529.1709,318815.384,324731.4518
"Lewiston, ME",ME,83694.63096,91086.29171,97712.22318,106641.0889,115846.412,132835.422,146610.3314,151384.4585,152327.3381,147018.8872,135456.5411,132673.8168,131817.3175,131739.3434,134962.7032,135945.3021,141696.6724,149877.2438,163217.778,172852.698,184571.0772,217338.5854,251927.4305,276102.3907,307576.4436
"Longview, WA",WA,,,,,,,,,,184365.7921,169550.9008,161016.8606,153144.4847,155536.5407,161886.2699,169707.1349,189766.9414,211312.0696,236102.0595,257281.7758,283730.9639,327715.4478,376604.5111,388316.3822,399428.5544
"Ogdensburg, NY",NY,46144.8207,48060.20451,53073.14844,57855.83476,63610.12098,65038.17966,73610.22736,78531.56939,81060.98736,76754.0551,72625.23828,72337.36834,74878.71593,79593.43162,82869.57873,81394.16363,84698.04615,86497.00215,85607.01048,88851.83405,93398.63739,102543.5299,113459.4259,121184.0406,128222.6371
"Kankakee, IL",IL,,,,,,,,,,132792.5782,122840.4816,119430.1845,115930.4572,131212.9547,122891.197,123815.7927,124988.0738,126605.7801,131742.0759,137741.7558,145714.72,159412.6167,170818.8158,181245.4366,192757.0593
"Bluefield, WV",VA,59741.61886,63144.24247,65475.943,67309.38634,70238.26087,75184.26194,83152.45216,85873.26463,86793.52911,84077.26712,81559.43651,81130.65364,81710.96953,83449.5535,81986.97943,80166.65193,84810.02299,82869.86642,82536.6591,83981.3623,85625.9494,97147.96352,107893.8575,121304.4738,128403.5072
"Show Low, AZ",AZ,91523.65601,99635.16597,104017.2734,109234.5797,114988.536,126973.4551,152915.6273,187778.9319,198601.0064,184058.0649,160730.7687,145515.6387,139245.0518,149178.4775,157722.7948,167091.1411,177164.8316,186876.3638,200301.7248,214800.4101,233793.5134,276061.5498,352087.2748,369540.102,376276.6811
"Richmond, KY",KY,91938.4022,95835.86121,99634.76994,103185.6162,107769.2912,114363.3853,123831.611,128612.384,128004.149,125511.3333,123187.5901,125156.9522,125236.1801,122107.8064,119953.8326,123821.92,130557.5215,137385.4383,149070.8773,152982.3463,161593.3077,181695.2733,199927.7476,215753.2798,226051.8503
"Tullahoma, TN",TN,89771.98324,92649.94375,95814.94818,97491.81004,99966.50898,104135.3778,108502.3394,118173.2657,123179.2694,122168.0447,117432.8397,115173.2441,114771.2028,115582.3326,117997.7031,122306.4151,133701.4848,143261.1731,153147.9295,162716.1165,180939.7647,202521.388,250433.0572,269035.2047,281786.1109
"Whitewater, WI",WI,,168478.9628,175751.1748,179930.6269,188916.6061,207950.5402,219302.6671,230735.8317,237250.2539,224877.6883,206964.6528,190406.2714,173313.5715,173808.9486,182949.9402,187725.2572,198267.2534,207156.5695,222008.1328,236302.6786,251054.9727,282366.6438,316775.0139,340255.1587,356081.328
"Ithaca, NY",NY,85957.54016,91269.74273,91370.38374,102538.68,112686.2753,125840.8463,135746.1544,141715.1866,146440.6128,166186.3628,166980.1004,174544.576,168212.1848,177257.7327,185230.4339,192405.1702,202298.4378,208715.543,216880.0898,220861.493,224010.8604,242113.5692,269308.4831,291242.7781,313063.6791
"Grand Forks, ND",MN,,,,,,,,,,,,,,,167452.2371,180269.0817,194796.3348,200681.6578,203807.145,204199.2713,207523.3214,217336.0292,231241.4458,238861.8235,241478.2846
"Decatur, IL",IL,65758.1147,69653.97808,73702.43047,75629.79965,77345.70844,80309.35431,82587.01911,85655.04355,88867.90612,88410.23725,86103.88933,80406.66124,78270.747,80223.35765,79792.65732,78895.45941,80217.22585,78265.2141,77126.48356,80385.05468,83331.26852,88918.3256,95103.30014,95598.94075,105546.7723
"LaGrange, GA",GA,69180.8593,74009.0683,78079.39129,81585.89278,84820.53682,90437.85978,94419.09954,98339.24299,99877.50879,94494.55364,86666.55863,82891.20466,77017.80022,81461.83361,87996.15585,91367.15025,94393.91191,96267.69462,102569.4321,112988.9223,117150.0413,131588.8382,150151.089,170360.7653,179221.3633
"Bay City, MI",MI,81680.43809,87424.81627,91532.00955,93260.52097,96163.15061,100081.2431,101637.0437,101815.8133,96835.12303,88172.49193,79699.04058,77484.94287,77204.2982,80171.44496,83767.66376,84439.55429,88501.60676,89227.09389,93962.54509,96276.5259,108719.3766,118975.4997,131406.3427,139199.919,151678.0317
"Fond du Lac, WI",WI,,,,,,,,,,141342.3123,135267.6027,132797.4788,131738.2911,133992.028,138128.0456,139094.3063,141963.0301,145216.3841,153991.4318,163005.4388,172499.813,187817.3453,210602.0743,228819.7503,245613.2233
"Gettysburg, PA",PA,97422.15103,103254.83,109467.5419,116628.1867,126387.8356,141928.8552,173855.0406,191788.319,193197.4288,186691.7296,180853.3355,177367.7527,173895.6385,178027.0976,179453.5253,180533.7936,186277.5024,193650.1013,202459.6959,206317.2625,214383.4668,236583.3855,256986.4493,275955.8592,287989.3244
"Gadsden, AL",AL,,,,68126.79773,71000.5671,74718.61163,81182.18126,86622.2034,89244.92924,93021.88989,87632.71836,85122.93837,83325.15522,90747.20171,92247.5351,94580.11956,95108.82323,99642.71598,105333.6583,107029.5125,120476.2591,132812.7143,155387.7316,156807.4262,159482.1565
"Kalispell, MT",MT,,,,,,,,,,,264994.4654,239229.1571,221590.7042,213972.1096,235573.7349,248971.9309,266855.7342,283164.5725,302256.2583,320574.8159,341862.3833,406467.5504,566200.7407,609191.8414,608881.7298
"Danville, VA",VA,68284.1656,71547.03255,75542.64611,79329.45627,85156.71224,96857.09572,108743.0267,109386.1937,105230.0332,98256.27615,94098.03,92726.60664,92512.08256,91825.02839,90943.18222,87969.13659,90035.02707,91238.13919,91756.69767,92661.55941,99166.57709,110555.5309,125568.9805,139827.8582,149282.1354
"Mankato, MN",MN,,,,,169027.301,179594.6197,188963.4902,182141.8948,180877.2875,174411.8142,162261.7592,160849.6887,157269.7879,158392.2925,164621.4405,167225.5767,175178.5337,186206.2936,196045.2554,204900.4507,216326.8182,230215.86,254257.8734,273866.7506,281137.2431
"Lima, OH",OH,81257.32995,84483.51301,88280.31866,91327.22628,94506.05083,105048.7158,105158.7194,108971.4111,105467.4915,107186.5266,98513.53315,94900.77926,90365.91999,87374.29737,88423.27637,90342.14385,94582.54013,98652.17397,103994.0291,109818.4966,116283.5255,133459.3674,144731.1784,157907.8381,165208.9741
"Salem, OH",OH,65346.39022,69011.28069,71908.68538,74037.22543,77133.40864,80398.14353,82136.02309,82272.69464,81517.26364,79731.1871,76840.26378,74856.99264,73492.38269,77325.16294,79569.86603,83070.41609,87816.61911,89612.77669,92681.56737,100513.6621,105436.2971,116545.6734,124201.8466,134843.0575,141031.2375
"Truckee, CA",CA,,206805.7472,238305.6084,266207.9852,296195.2753,355897.3894,418233.8332,422942.6155,397729.7467,340635.8445,308440.4787,311266.0977,274850.8656,285059.4859,337416.2668,363556.3568,389026.5119,415582.2904,450621.295,472993.1152,474958.0184,533754.5256,624068.1148,614074.3778,603733.3498
"Sebring, FL",FL,,,,,85165.36916,101766.517,141022.1508,162371.3689,141698.8057,115645.2362,100165.6717,90996.25971,83515.66999,81665.55975,85275.91461,92302.95616,103976.1225,115230.775,126221.8669,136169.7035,145726.2244,161015.7187,201332.264,231002.1864,241694.0551
"Cheyenne, WY",WY,,,,144170.6971,151968.0303,165863.8025,172331.5377,184240.4347,190649.0637,193944.1274,197678.7525,200653.5697,200388.5987,208777.4016,214275.8751,224064.9064,241525.0656,250888.2434,261965.2879,273272.631,304963.8468,327651.4665,341454.6907,352193.9393,358177.5537
"Hot Springs, AR",AR,85590.03292,90013.48847,92066.79215,93859.39961,101474.1361,107456.1409,116824.1191,127603.6145,130397.6936,130450.7559,113274.1693,115149.0867,115100.4363,123429.3279,124464.4562,125324.7223,128877.1407,131353.7044,135274.893,142195.9937,150430.1508,169621.2953,204670.2133,225996.6979,232228.5875
"Adrian, MI",MI,88889.79619,96152.50278,99492.58324,101556.0704,106035.7356,111914.054,117819.3776,118408.0445,111354.3708,104661.0117,94018.88518,89656.06246,86717.90305,92043.33027,104193.1794,108572.1802,117097.8174,126408.3448,138499.411,144305.1805,153594.0672,170722.6338,188240.9244,202216.3034,211654.8954
"Shelby, NC",NC,80940.96956,85391.01401,88489.73295,91050.61623,93871.42955,98234.53595,105074.1152,111596.127,106109.0277,104029.4757,98750.29774,96432.36895,93011.21816,90330.73755,88704.19513,91825.82876,98765.00251,102732.9642,107623.9763,115669.8845,129698.4245,152248.477,172012.6298,187992.4513,195635.3432
"Dubuque, IA",IA,,,,,,,,,,,146192.0884,147421.9013,148106.9489,149578.634,151171.3202,152163.1911,157236.6734,161706.4202,166906.6218,172213.5604,183309.6439,195827.5444,214551.2798,231464.515,238398.4062
"Meridian, MS",MS,,,,,,,,,,,,,98893.14799,99789.74389,100800.4714,104989.7718,105735.6641,102198.747,94881.23717,97552.40037,97824.63277,103925.2862,120969.5075,119161.9658,113825.032
"Pinehurst, NC",NC,,,,,,,,,,221346.431,206582.8792,202661.333,197242.4679,194521.2735,195272.3975,201678.9202,207201.736,214974.9196,225635.5977,235342.4753,246781.9032,278232.5018,334245.8913,381750.4995,397295.7743
"Paducah, KY",KY,70302.73171,72546.50762,74947.41496,77211.58278,80345.11736,82825.81089,79798.20817,88016.71558,86417.51679,84386.747,83202.84364,83667.29795,87627.59902,89769.27262,90802.55836,92899.17023,98374.38959,100256.7769,102185.0966,106130.9807,112680.6273,121965.7833,131616.4787,142240.6124,149402.57
"Victoria, TX",TX,,,,,,,,,,,,,,,,,,152286.2533,148762.5285,155730.4305,165663.6722,175460.88,195625.4194,208594.5562,210114.0784
"Rome, GA",GA,80835.05612,86596.83565,90512.42024,93941.60843,97148.23051,100750.7928,103270.4677,103542.9475,104106.9731,101342.9589,92487.73915,87715.10795,81681.76931,90498.3058,98581.89279,98664.21713,107097.2649,106957.8479,115020.4461,128060.165,141137.8191,158621.948,189021.6545,204136.6955,211369.0211
"Sevierville, TN",TN,115166.1235,120208.9252,129428.2229,136228.5578,142750.117,151087.0626,162229.146,177361.1845,182252.4727,175551.7475,161657.9317,154178.4245,148811.6554,146727.0875,155197.0158,162935.2434,176848.4434,190438.0691,206088.0262,222357.3282,251730.5603,292254.8974,389403.725,419545.605,419875.9301
"Moses Lake, WA",WA,,,,,,,,,,183325.3423,168701.6999,161334.5002,155637.2932,158611.9819,159815.8724,158988.9466,171870.761,175549.3706,188297.8802,208554.3632,229510.9685,264088.6966,324191.0329,341105.9638,347449.1697
"Ashtabula, OH",OH,68721.28743,72437.83673,74431.05165,76487.4651,80231.56241,85624.03868,88581.23104,91761.15779,92876.38046,91445.63126,88506.66722,86791.7741,85516.45795,87857.32501,89672.34387,89235.92868,88594.52127,92171.85363,96246.99862,101467.0357,107433.5079,125591.7552,139867.1321,152352.1357,156836.7813
"Cape Girardeau, MO",MO,,,,,,,,,,,130635.2962,128839.7865,,122155.7558,122684.0569,126796.8245,133786.2765,138935.6082,143166.262,147124.8062,151854.3417,166663.6313,186953.0272,197987.3973,204062.2166
"Albertville, AL",AL,,,,,,,,,,110706.1278,106059.8431,106008.9645,101069.7857,114126.5047,119032.9449,122481.2464,126973.9437,130168.3712,133492.5421,140220.2184,154310.4247,172158.8098,200978.1718,212931.7688,218373.1021
"Fairbanks, AK",AK,,,,,,,198082.4194,216545.0726,231135.9028,225629.2168,222011.1514,224470.2074,223233.1481,223054.224,219634.1793,218789.3374,227375.7379,236881.6315,249812.863,250851.2848,272376.1542,279050.3388,294436.0178,296300.0681,293008.1861
"Brainerd, MN",MN,,,,,,,,,,164254.1752,153496.2923,149006.3542,144959.8467,157438.8533,166203.0261,173617.8698,187350.6161,191279.944,197347.3921,207038.4536,217207.9002,242773.8699,283594.9652,310912.2929,322152.5543
"Cumberland, MD",MD,69735.35008,72673.31882,77475.21648,83161.24161,80136.00161,85593.44319,97410.06568,109224.5091,112917.1964,103086.3706,94200.71055,90793.32135,99583.48178,99684.38312,97635.87114,101308.4069,100921.3426,101733.2465,100662.5584,105990.6153,112186.3415,124298.1068,138393.5704,144668.5453,147049.9103
"Ocean City, NJ",NJ,155639.3651,173189.0576,197295.6272,231169.1421,283019.0961,345920.7801,408217.6931,419619.9315,392706.3241,389600.8567,365699.4409,355066.1612,337782.6083,344223.098,347043.0899,348434.0543,355683.663,361036.1601,372712.5258,387088.0635,409120.0747,471095.0365,578456.4636,616308.7073,657220.9232
"Corvallis, OR",OR,170789.074,182826.984,190866.0861,195277.5944,207707.1242,219519.5745,244848.9813,280241.1017,299778.7458,280544.2448,272232.2006,263110.6466,250428.5213,253567.564,266507.6543,276481.5564,299349.0995,320357.4149,343957.6478,366561.129,385383.4616,419423.0879,483634.681,514278.532,533144.15
"Pocatello, ID",ID,,,,,,,,,,153384.3693,151382.5244,142066.094,129597.2103,137428.3503,139427.9827,138546.5693,143938.4991,152199.1334,159315.1833,178974.2613,202995.5198,235370.9378,302392.991,313767.7379,324476.5452
"Corning, NY",NY,77841.83845,80160.83214,86467.52968,86572.32036,86593.21267,89887.0711,98252.79047,104943.5946,109929.9854,104870.2535,95884.97137,92934.9218,92821.45076,95689.70009,97626.88219,98195.12497,99859.26254,100937.0886,105463.1169,110228.882,115125.2149,127390.0312,136759.6628,150375.6525,154152.4165
"New Philadelphia, OH",OH,107638.9476,110300.0018,113251.176,117443.9898,121986.2574,125993.3704,143146.8684,92387.60638,96640.77017,96029.59068,93753.75579,91995.67239,91106.03036,95341.62669,100964.565,106138.2038,112166.6371,119214.1758,121446.1637,127695.9496,136690.16,153237.2924,168426.3832,176692.8585,184431.3237
"Sunbury, PA",PA,,,,,,,,,,90719.65367,89269.1866,89034.20635,88558.20874,90417.64092,93094.84179,94574.47827,99511.01695,98968.67556,100936.7524,104951.7221,114349.6673,125330.245,129411.6345,127714.0576,126049.3043
"Ukiah, CA",CA,,,,241750.047,277736.746,344570.2958,379773.9786,409690.5905,413522.3051,331025.8069,310095.6331,300883.091,289201.5323,293933.2769,332378.7705,360687.4177,388124.5888,412493.5065,459334.8237,468023.2084,500327.548,542485.9636,596916.4231,542550.1705,499685.6118
"Hermiston, OR",OR,,,,,,,,,,157887.7132,145750.5347,138176.8848,133272.5134,134727.5291,139391.9622,145133.0724,151022.4902,158358.4986,170326.1574,184104.2927,201281.8886,228743.2727,271971.7946,286002.7881,288038.6526
"Clarksburg, WV",WV,65209.39835,68138.30423,71040.49933,73906.96519,77369.74443,84329.33833,93173.60318,96400.79315,98042.30446,97487.60822,95068.3943,94510.86742,92445.18086,96872.28917,96608.71003,98197.53847,106306.8016,108553.9265,112905.9648,116350.4384,117598.713,130183.1079,139038.7209,143243.7184,146866.5666
"Parkersburg, WV",WV,74881.97149,78647.74688,81162.73347,84158.13141,87140.42054,,95645.36282,97718.38426,98883.79487,98967.04687,96238.13165,97067.70557,96342.46086,95636.75404,97826.28708,100970.5028,104639.2677,103550.9023,106935.6997,111663.9681,116941.7356,127138.6208,136967.3218,147528.2914,153642.5305
"Beaver Dam, WI",WI,,,,,,,,151810.836,151009.7823,147153.8213,140581.7673,136804.4558,132960.8444,137598.5651,141572.8033,147909.3523,153849.6611,160173.5781,167863.6376,178499.7973,190449.2593,212176.3577,234218.303,247210.0544,263230.2097
"Pine Bluff, AR",AR,46571.14167,48899.53463,50360.27201,52331.7621,54566.88243,57988.68339,62457.71635,65338.75459,66210.27512,66923.3802,63839.72274,64750.70745,64037.17354,66485.17938,63477.05758,60871.0663,66464.01947,70944.25434,72599.47883,73403.61166,77494.18382,86483.11252,97834.53536,94401.54243,96069.08796
"Grants Pass, OR",OR,114164.5261,119493.8051,127209.0679,134376.1945,145381.7646,175365.8592,223119.5739,231494.4428,216337.4448,216119.0099,193859.7095,180038.1682,170196.0725,174682.5054,194021.7771,206722.8165,224051.1694,246689.4263,271073.8224,287541.0998,297913.9075,335752.3759,391352.3533,392219.7397,389731.9065
"Cullman, AL",AL,,97400.88334,102320.9266,105000.3933,106827.8258,112000.6342,121620.9594,129583.2572,133282.8919,133343.0295,128267.3694,124683.8963,122960.3085,123521.6944,127703.654,135062.8164,141893.7648,150262.0322,152815.4715,157764.2593,171497.3884,185800.7249,218038.1767,228767.0811,230336.3441
"Lufkin, TX",TX,81956.59638,86189.30454,88350.17483,91254.48249,92400.71402,96763.2939,97416.14704,102447.6284,106484.1418,105980.9321,106090.8861,105283.8946,106669.0549,107504.3198,109393.1263,114187.445,115485.0165,119964.031,121336.1784,127987.3957,142915.1494,156254.604,180690.2334,186739.3639,188073.098
"Zanesville, OH",OH,68304.347,74421.23026,76771.94961,79567.36605,82787.14048,86032.59321,89945.31505,93493.87285,96255.14705,92794.14951,89744.98889,88376.87344,87091.60305,86902.48822,90420.82227,91168.30621,97521.78744,102687.6762,108784.0157,115514.531,123424.4034,139836.6328,153663.7595,166146.5573,180196.3872
"New Castle, PA",PA,,,,,,,92297.45482,93881.64158,94928.81979,91607.0833,86828.35275,85172.929,82865.96988,86529.69776,89143.12553,88984.73913,93536.89074,96150.76028,99813.60304,104037.4634,108502.2253,122233.4398,132413.9296,143826.4421,149538.9352
"Oak Harbor, WA",WA,,,,,,,,320432.1656,330432.2951,303348.9007,275836.1108,261994.9054,250699.558,256522.8815,268490.1101,281040.9417,310401.607,345252.6609,374180.8166,400260.3187,423742.2663,492913.4173,585908.0484,594988.9104,596704.5472
"Orangeburg, SC",SC,,,,,,88439.64224,92361.0909,100055.9408,101458.2517,100193.1985,95668.89701,93331.19944,90534.25412,88433.74619,88402.986,86722.22528,90326.82728,95479.31513,99827.02277,103110.9493,109532.0665,127130.5356,148367.4228,139626.2092,144680.3137
"Watertown, WI",WI,,,,,,,171025.5389,178648.769,177699.4597,172767.1198,165573.0207,161550.5419,157346.5561,162350.8954,168906.21,176603.2963,182865.6196,192390.7218,204918.2096,216307.6451,231962.5823,254862.8143,282515.7316,296454.9703,316435.8966
"Meadville, PA",PA,55596.04408,60376.25456,64309.40378,68227.07436,74115.3439,80794.32896,86565.50155,89086.08507,89409.19965,85312.18752,81972.57441,83388.82835,82221.15934,86859.58897,87606.26975,94870.34428,97056.15046,99989.17487,107014.2284,108227.683,114899.7689,129184.0941,141311.6268,150861.2091,144796.4855
"Elmira, NY",NY,56789.27944,58738.74346,62216.3732,,72805.56854,78275.14302,80733.99446,83469.13416,84396.4598,85703.68811,89195.12461,89045.6677,92912.63146,95040.86526,97104.99782,94352.34659,95511.66516,96900.86739,99209.5492,103717.9862,107334.6994,117168.1986,127959.4654,138024.2345,142755.8402
"Great Falls, MT",MT,,,,,,,,,162491.6024,162342.7097,153797.1051,152103.8141,152622.1705,158489.8158,159972.4936,164962.5174,171826.2379,176112.1212,181179.3605,189809.7645,197528.8342,215482.6352,254990.0593,280856.3469,302176.5897
"Laurel, MS",MS,,,,,,,,,,,,,108485.6285,108556.7029,101161.5321,108673.1247,115550.0944,110569.826,112939.3563,115486.1307,118996.4168,127018.6569,147415.3214,141628.5522,140351.8789
"Russellville, AR",AR,83311.09794,86393.08337,89663.3956,92982.45352,96575.90068,102792.9558,108838.6828,113890.7183,118212.6818,117769.8527,114487.849,112402.5764,112132.1636,112990.2358,112984.1893,115430.9462,124820.8751,129600.3405,132714.4204,136234.0049,140624.5444,152520.505,170058.0792,176014.4664,179606.2237
"Indiana, PA",PA,,,,,,,,,,,92214.15852,94123.06919,93729.04686,96265.24251,98961.40731,103405.5351,108662.4697,108789.4653,112885.8975,112284.0605,116367.8999,127145.6853,131071.6364,139938.1396,146354.4191
"Midland, MI",MI,103188.2868,107885.9302,113046.569,119390.9089,124147.359,124318.7355,125195.2615,127569.7811,125730.286,117575.2314,107945.6548,107139.8708,106828.2547,114486.7094,118398.2545,118254.2419,126304.5727,127685.8505,131417.1272,131722.397,149757.6759,164460.2886,180757.9707,195621.3251,204306.5975
"Kokomo, IN",IN,,,,,,,,,,80233.93978,77059.84086,74921.8269,72910.9621,74959.09744,78385.85112,80955.08078,86228.05546,90781.49661,97454.32887,105120.8662,110730.4463,123186.738,139464.6453,149207.3862,157071.454
"Bloomsburg, PA",PA,101718.2688,107350.3785,112918.1783,119163.7552,126976.4738,140374.2469,154591.7722,161383.8896,163084.7747,160758.5489,156953.2185,157229.544,155711.8299,156948.7835,159020.7208,159142.0559,165647.9571,167669.4251,170483.203,172762.6597,189545.1284,199968.7306,214640.2124,220387.7115,225053.8272
"Opelousas, LA",LA,,,,,,,,,,114425.2514,113454.0374,113732.515,118894.6864,126908.133,121145.508,128135.7645,142941.7752,133069.4391,136070.8034,135891.9416,143788.4401,140719.062,143310.8031,141204.3825,133844.3493
"Helena, MT",MT,,,,,,,,,,,195334.6164,191952.2545,191358.5491,200167.8027,206024.1836,211001.6947,228569.2301,235223.5878,250430.951,262113.5687,278603.4034,319685.0689,394631.0355,423716.1883,440970.6786
"Key West, FL",FL,,,,,,,,,,,,,,,,,,554517.7741,595407.8159,611344.9722,623699.4964,697528.8079,880457.6941,1030852.17,1074107.371
"Talladega, AL",AL,,81400.41269,84625.32165,88450.52199,91195.2358,96144.46759,104943.1536,109765.0734,112307.3478,111676.1122,105652.4322,101406.309,100198.9697,99255.36086,96093.00249,99772.02696,100913.008,105371.6059,111073.3673,114957.2149,125050.0023,145008.3395,165586.3069,167003.3294,171882.3529
"Stillwater, OK",OK,90611.28463,94872.46651,98910.32373,102139.6083,105801.9939,110079.5162,115563.2216,123287.0326,126707.6273,121242.6841,116618.061,115822.8684,115832.472,121695.5237,125006.7401,131695.1654,137805.6415,140980.7948,146291.4099,151811.7674,160132.3792,172572.2,191298.1903,202111.6688,209658.995
"Columbus, IN",IN,,,179216.7931,176026.2805,180045.6959,184532.2434,171090.485,134178.4121,135471.0325,133937.3497,130053.3855,128581.6732,128097.0533,131041.6063,135544.223,138302.5773,144638.8594,148351.9854,154491.7621,164039.4229,176909.9608,191068.547,216753.1876,233087.7933,247379.9117
"Athens, TX",TX,,,,,,,,,,135623.4321,134285.4604,133068.5139,132152.4536,132349.6175,134415.0848,141139.1382,145952.061,154894.7405,166059.3077,178856.6052,182919.8388,209751.6918,257621.6979,268771.291,262367.0264
"Centralia, WA",WA,,,,,,,,,,183949.3634,169605.4906,161264.6482,150912.0562,151066.4175,155072.0441,161703.531,175572.8822,192267.1039,215748.0637,241349.3798,272115.6921,322330.2003,394274.8787,401151.9741,413208.5234
"Manitowoc, WI",WI,99517.83433,104504.4538,109721.7176,114235.9721,120224.1164,129016.879,124379.5503,124783.9227,126563.7987,122829.4881,117497.4959,115013.705,112000.417,114976.9499,115679.9558,115339.86,120472.7276,123911.8058,126705.1185,134859.9521,147759.7927,163104.0295,182525.5237,196822.0918,214133.4962
"Hinesville, GA",GA,115056.3518,120256.3877,124144.5327,127811.8527,131959.8887,139218.1792,147893.6668,172553.5371,162575.9337,156721.0279,146124.1029,137252.1728,130428.2921,130953.6405,128520.1642,130290.6935,131172.3991,127127.224,129261.6262,137800.9177,144781.3644,157073.2088,183586.7321,213325.7452,230227.5304
"DuBois, PA",PA,55015.45008,61239.97595,64898.77798,67542.33301,70719.96412,77776.80836,87467.42032,90707.84317,91665.17751,90646.72251,89655.0732,88436.84773,88471.15777,90071.27652,90027.05567,91184.70902,97398.39657,101334.7992,115849.8746,108916.7592,115133.126,125760.1918,134422.0199,129118.409,121311.7737
"Warsaw, IN",IN,109211.8143,112660.1339,121003.6152,126557.4275,132426.1356,,135488.4119,133978.4349,134866.91,129675.6021,126669.1498,125867.1984,125186.6411,129214.1984,134941.5197,138338.2715,145836.6205,150453.1967,159251.1068,170337.7833,182041.4537,200066.1153,225625.6318,244701.0237,254565.5745
"Plattsburgh, NY",NY,78346.44985,83937.51656,90228.37493,98082.1083,99675.18109,103321.5964,113234.8256,120350.3694,127839.0948,122864.6246,117218.4848,116964.4074,114754.4849,114097.2955,117188.9174,118198.2334,120740.9148,125474.2294,128889.502,134957.8513,142697.9489,156052.5595,168531.8924,184850.5802,193839.6363
"Statesboro, GA",GA,,,,,,,,,,139437.3923,129126.9698,123328.8518,115024.6392,120788.2771,127334.1905,131304.2274,133965.3113,138021.531,144413.69,151715.0859,156296.1362,173579.6006,201175.3826,229699.1552,256782.3004
"Casper, WY",WY,,,,,,,,,,,,171487.9482,170590.1415,185693.2871,195054.6703,205681.0407,215382.5197,204295.3595,199384.5005,202568.8947,215560.6741,231529.7884,250647.8929,270322.8431,282357.2172
"Wilson, NC",NC,,,,,,,,,,106555.9209,101027.387,97932.97261,95266.45626,96660.18144,99971.35249,103393.4102,103071.5351,104933.6502,111345.6793,116250.4817,120936.8363,139007.2732,161776.99,191718.0062,202132.2712
"Glenwood Springs, CO",CO,178508.4791,196661.0221,208277.3982,219255.3916,222084.9672,232791.4038,255239.7245,288842.8503,326963.2885,335607.5303,327048.7791,318686.4472,314831.5531,333373.7486,374725.6931,407182.22,449602.3847,469700.9362,496823.091,524918.7217,536277.7341,603694.8877,743258.5702,811433.4853,856713.0404
"Seneca, SC",SC,,,,,,,,,,,,147796.1822,137122.8174,137878.4441,137827.3685,139407.4991,146344.0964,149413.53,153524.9446,161519.2946,171932.2929,199367.5119,229429.422,251544.5955,262069.1284
"Minot, ND",ND,,,,,,,,,,,180606.2155,192073.5077,203741.0707,244447.5164,257011.3614,257002.6202,253078.574,231427.6073,216488.7795,197001.1024,195222.2161,207581.1882,216063.9327,232852.0806,238199.3438
"Olean, NY",NY,54271.41829,57888.27455,62605.38952,69201.1078,76178.06655,78347.50804,82599.01978,91218.38195,93717.20884,89002.00107,84050.56553,83282.91172,81602.11506,80393.59605,80730.98204,81235.06576,82233.77017,86170.29522,87623.75978,89370.01148,94276.31075,107106.8775,124079.3336,137370.2341,143147.7744
"Chillicothe, OH",OH,94318.63344,99637.34221,103381.8244,105947.7229,108905.3232,112944.4004,113677.3416,113286.8709,112261.0328,112310.4216,109055.9771,107345.1589,106303.9096,105270.9008,105388.5554,106056.0778,113889.2918,117035.0639,116503.8005,125834.6521,135019.8903,152449.6024,168718.2049,175698.1881,189948.5808
"Searcy, AR",AR,93555.0952,97223.58759,100361.8592,103280.3587,106876.9991,104729.1921,112647.2854,115829.4611,121283.8885,122208.0766,119979.3929,119931.0809,119256.6479,120970.5661,118335.2649,121193.8965,124484.0895,130153.8898,129733.3691,129553.4317,133661.1022,145423.741,166860.3451,177134.9724,187741.9432
"Grand Island, NE",NE,,,,,,104082.7546,106323.1119,109475.015,111046.1798,112856.5807,111611.0797,112723.8717,114721.3195,119605.3968,125297.107,130213.0882,138914.9549,144801.8975,151187.007,157859.586,168531.6748,181543.0464,207526.592,222805.9469,228219.5977
"Port Angeles, WA",WA,,,,,,,,,267680.7145,249078.1905,225784.829,212321.9023,201798.0135,198924.0173,203011.4759,210802.192,227318.8047,250684.0633,276341.3238,304893.8776,330498.6816,372506.1507,450211.7922,467831.1519,476698.7576
"Auburn, NY",NY,59216.59616,63573.81901,68599.18344,74093.38171,81799.49598,92181.55841,103541.7776,114498.9257,120828.6465,115415.1796,109686.7271,108993.5879,107105.2269,109878.4243,113107.2043,115228.4708,118246.591,121081.7995,125941.496,129965.4241,134191.4111,152115.9633,165850.0176,179038.912,193090.4297
"Huntsville, TX",TX,,,,,,,,,,,142436.1908,141474.7312,140926.358,140702.6971,143774.3593,153389.4195,165495.9173,173467.4503,179280.6199,193094.9115,204801.7055,223506.1642,260415.416,273550.6995,262538.0497
"Keene, NH",NH,95360.03203,106429.5275,117741.2432,131190.8002,144657.8595,159210.5036,173921.975,189199.2965,192912.0175,179750.8624,168430.8226,165759.1503,162354.9768,162344.1335,163514.6959,167458.9319,173571.6002,177030.3904,187739.4544,196255.4694,208519.696,242676.7359,275280.9142,313857.5778,339181.138
"Heber, UT",UT,,,,,,,,,,,386259.4276,367630.1145,357438.6599,381475.3863,421256.5766,440919.8406,503568.1345,541083.1965,592479.6379,647302.5673,684158.1369,812588.0111,1040322.893,1102333.718,1122111.748
"Quincy, IL",IL,,,,,,,,,,116519.3103,109737.7689,108448.3252,108038.5167,112220.2663,117080.8242,121097.0297,122558.5578,132148.3668,131430.0126,130870.1265,137973.5046,144820.1368,155918.2537,167110.1713,168347.9481
"Sandusky, OH",OH,101024.5726,105938.0903,111597.9731,114749.864,121311.3348,123924.9952,127626.8571,130726.6421,132951.2526,128706.7454,122470.2218,117101.3984,111569.1673,111319.6788,115202.0866,119535.1526,120660.9818,123367.2277,129180.7784,134613.1274,143574.2841,160775.7916,176636.9756,190986.2776,202684.6856
"Findlay, OH",OH,113428.7696,118687.3866,120786.0466,123232.8675,129198.6084,133347.5936,135345.0048,139082.3353,130918.4237,135061.2051,130479.3694,124438.6139,118697.8765,115225.0554,119356.2604,124271.6834,132296.6507,137973.7013,144492.4609,150809.8151,157001.2868,175140.7121,187809.9038,200886.3887,213972.5715
"Frankfort, KY",KY,92812.84082,97046.82843,100872.57,104511.1375,109024.6926,114325.3956,118788.2443,123223.2878,125833.2006,125185.6471,122872.3474,121866.1614,119146.6154,119653.8294,116687.2779,118388.7867,126268.072,129890.5293,135025.4475,137677.8502,144987.8078,167243.4151,187942.1413,202737.3027,213663.241
"Danville, IL",IL,40907.36643,43101.30543,45872.27443,47616.48299,51180.74352,50775.31397,56031.17325,56599.98982,58705.21911,55946.61458,52196.05897,51207.70384,47800.61734,53959.69027,59690.53706,61007.53622,64393.37812,64448.48742,64326.26389,64214.59543,65182.74141,69912.0581,74893.44444,78586.91664,82286.39067
"Aberdeen, WA",WA,,,,,,,,,,161433.2317,146794.3001,137163.0351,130967.2448,129548.2398,126636.9962,127492.5606,139112.133,150232.7556,170666.9039,193204.1441,218969.2267,258167.2693,308730.6587,311289.455,314119.7715
"Portsmouth, OH",OH,,,,,,,,,,,,85263.28949,81454.16665,76890.94098,79560.96165,78305.41719,78769.5258,79880.4361,82316.74607,87564.45329,90952.48416,98040.8355,107499.9744,114177.9805,119534.0477
"Somerset, PA",PA,,,,,,,,,,110202.1549,106379.3736,105305.8232,103229.6317,102043.357,103167.7497,103042.3861,101802.04,102525.8282,104757.5558,105604.9115,113644.833,127502.2147,143583.581,154325.3375,153932.5831
"Wisconsin Rapids, WI",WI,,,,,,,,,,118022.3442,115053.0283,113865.3519,111374.8792,111449.7402,112350.9363,110943.9324,115478.5152,117214.3754,125638.8965,134528.4187,145416.5152,152411.7146,166732.105,179443.7238,191339.0589
"Jefferson, GA",GA,,118085.7979,126489.0778,133308.669,139083.1629,146194.1203,151170.4298,158487.9495,164458.7086,160090.5308,147047.8419,137180.7427,126670.332,134307.8261,154159.3403,165674.3344,179539.747,191816.5484,210433.2579,226446.5577,241904.9496,271042.1567,338348.7856,368153.007,380895.9217
"Kapaa, HI",HI,183444.278,197059.2297,213119.4227,235445.1533,285823.7022,372163.0811,481871.6765,502825.1072,457034.5885,425809.8167,396911.7298,393447.2768,390635.368,411979.7715,471727.1111,500724.401,543339.7312,560476.6478,587951.9264,630353.6375,647298.1088,720653.6006,833926.7616,945852.1981,984797.2421
"Palatka, FL",FL,,,,,77972.96786,87907.32029,108724.687,135347.2736,132183.081,102665.7904,90079.16542,84438.75036,81246.17295,79583.09021,79878.44613,80666.98718,88931.85931,93641.45514,104980.2676,116783.8846,132808.4519,153989.0216,185162.8673,199782.6109,203670.9908
"Gallup, NM",NM,,,,,,,,,,,,,144914.8871,145602.5732,146288.6044,148932.8468,153501.2901,141414.3503,144549.6842,157254.7677,166466.7275,182135.4037,194393.7837,194046.4809,196973.7227
"Hobbs, NM",NM,,,,,,,,,,,,,,,183693.9613,198239.8565,196841.3619,194457.7868,197663.195,203061.646,219408.5877,229610.3539,206115.5883,187777.0645,170899.5621
"Shawnee, OK",OK,61201.97899,63709.84475,66300.44454,69030.99541,71296.51652,73888.89621,77715.45988,80743.94667,83003.00339,84986.00519,83368.353,81115.7221,80017.04573,82778.30287,86250.57403,88476.70361,92005.31807,94169.17473,96902.95438,98921.93286,112105.4561,125017.343,146611.0806,158223.9062,167479.915
"Mount Airy, NC",NC,,,,,,,,,,115426.2036,110002.3687,108034.7479,108187.7862,107497.3779,105830.0602,107876.4109,112340.6025,115440.8071,119091.8198,126232.7303,131159.4306,153302.4784,177136.1698,193260.9874,208422.188
"Stevens Point, WI",WI,,,,,,,,,,,,136718.6419,136052.5751,138639.1259,148577.8091,155343.0354,163332.6221,173188.415,181821.4523,190590.5669,204559.8042,220323.0179,238446.1336,253178.8369,265477.9989
"Greeneville, TN",TN,72901.06502,75983.33736,79110.10948,79593.94394,84279.04759,90415.73181,95269.24726,101548.6998,109033.0755,102359.4507,99143.68496,98047.75878,96921.0516,93786.56561,95832.7484,102624.9347,111571.9911,117556.4872,121683.0896,127986.7442,140514.968,156662.8513,191716.949,197808.8117,217755.1302
"Greenwood, SC",SC,54288.459,54622.77492,58311.56893,62116.56233,65606.99808,69748.40709,77449.544,81729.3589,84404.80169,83680.06684,77021.3257,75364.05336,72718.43616,76968.72947,81267.76709,83215.35081,91806.46597,92669.07163,93543.45978,98176.65279,108365.368,121524.4363,137916.8573,149667.6499,154220.8287
"Lake City, FL",FL,78256.96102,84059.40317,90641.39243,98430.77944,101817.3028,107470.1732,132889.2924,157901.8167,159527.8032,133899.1465,119533.3603,111989.1901,107292.5611,107617.2306,109750.768,113358.909,119428.2581,126420.7318,138509.4425,148598.5557,158677.4766,182540.9889,218300.9722,245585.4522,251981.2016
"Klamath Falls, OR",OR,74914.74264,77408.48235,82071.23881,83538.70807,89895.28638,101147.3703,129593.8638,148463.7794,150937.0488,142474.2635,128776.2048,120659.8588,114915.4673,116598.9234,122979.9867,129512.7096,139421.6126,145200.2473,155323.1529,169284.1434,180603.9078,207573.7734,249373.0097,264753.8932,275405.5163
"Morehead City, NC",NC,142281.9508,147020.5399,151133.168,158758.9617,171269.8809,186995.6592,239808.5967,274104.9424,270485.6253,248430.1461,234817.8957,231329.6356,225438.0996,225391.5684,229519.6882,230531.2454,240145.4053,249872.4702,256981.5058,267019.4813,279752.6784,311188.9058,370421.3932,414102.471,436958.2453
"Clearlake, CA",CA,,,,,,,,165552.3662,164863.9021,137703.1398,128091.0931,122904.1937,117876.8361,128169.6194,152374.8373,169477.8351,189995.8887,209504.9114,232715.3338,248016.5694,257895.1396,283766.3703,325459.0783,323494.135,308460.9045
"Alamogordo, NM",NM,,,,,,,,,,,,,,,,,,119693.4783,124313.6784,127923.407,136223.306,150349.5431,174756.3417,197735.656,208612.4946
"Roanoke Rapids, NC",NC,53594.59982,55543.23173,56944.44121,59098.92734,60625.45023,63907.7177,67497.01817,72148.16044,74515.59404,70629.83438,66658.09856,64108.6051,61776.10139,60597.5943,59384.92869,62232.93021,63706.69075,61957.1586,65858.613,68771.37375,70847.62986,85000.01086,90948.61268,100045.1155,98168.5172
"Farmington, MO",MO,,,,,,,,,,,,,77706.83137,78396.32174,81721.62242,87933.38634,101468.0367,108902.8557,109021.9976,115575.4276,121202.4516,136485.5328,154540.451,165998.1377,172576.6724
"Muskogee, OK",OK,65251.91069,67818.29235,70743.83647,73049.39801,75516.14205,78693.42908,81985.54921,85311.38869,87971.0734,,81945.49391,81438.60204,80216.48294,77774.44862,75690.94522,74498.9922,81296.5823,82458.71214,82537.35839,85819.59634,92132.67552,104276.9414,121788.3061,131967.1574,137441.9343
"Marion, IN",IN,,,77378.45294,78734.58849,76648.54199,76000.69509,82727.65978,85345.07425,79991.82147,74892.33249,72747.63086,71842.78995,70627.78856,71505.73613,70531.6742,73329.00686,76995.99764,77145.23573,80736.63827,86178.06944,90338.53828,99522.37206,113867.9583,119867.9684,124914.2963
"Faribault, MN",MN,,132840.3612,145245.2367,156920.2455,170982.4938,183526.9582,199106.2177,200656.0721,193198.6924,182812.6545,166945.6844,165019.0304,147196.8234,158733.7965,168030.7691,175648.8584,186306.1537,200024.2758,217806.7681,228983.3702,241104.5788,263843.6504,294380.4805,308255.3546,318920.5891
"Richmond, IN",IN,,,,,,,,,,,88845.54412,88033.3184,87044.60249,86362.39359,85279.57581,82863.98801,83821.09377,89440.45733,93572.14634,97491.1564,101780.6703,112333.4492,127663.5271,137678.9947,142306.4027
"Marquette, MI",MI,84355.82729,88412.83508,91986.79959,95533.15917,100092.3451,106062.7652,,109534.6329,105612.1714,101112.0367,104956.5214,108200.1439,115207.8784,123910.1821,126428.321,124861.6687,127591.9272,130814.1595,135602.7396,142007.716,148916.5285,163372.4629,185590.9514,204534.4891,212802.5861
"North Wilkesboro, NC",NC,76947.86156,81176.41727,83931.40965,85974.02666,88089.26711,92992.15563,100002.0317,106884.6855,110081.232,108407.0722,103954.0562,94229.80229,91129.98962,109057.9729,118418.6917,113986.6842,124829.5567,124537.5688,127598.4605,129557.5608,145255.0403,163668.8766,181182.3548,207866.0361,212393.6728
"Mount Pleasant, MI",MI,,,,,,,,,,,,,95969.39098,103698.9058,112282.3987,121075.0894,123745.8604,124034.0421,131631.5375,136641.8403,150478.4653,164556.3124,185076.1916,193987.2565,196808.4171
"Rio Grande City, TX",TX,,,,,,,,,,,97445.70599,95765.29468,91745.41174,95097.38111,105930.6022,112751.6649,119989.9692,113118.1019,117872.5965,110249.7931,116274.3708,139734.5092,154257.6879,136332.7092,130338.6218
"Marion, OH",OH,,,,,,,,,,,80110.21439,79119.72471,77797.61537,76642.20556,76088.83666,77696.4386,82817.82438,88558.24652,92257.68245,106846.8266,107505.0073,124448.4281,137124.8922,146496.5558,156998.7312
"Baraboo, WI",WI,,,,,,,,,,167657.3539,160599.4138,156641.6775,152841.1093,157966.6636,162738.7265,168005.799,179887.8728,188886.7385,200557.3527,209665.1543,223816.3774,246693.3605,273872.9521,291039.5331,302897.4698
"Red Bluff, CA",CA,,,,,,,,,,,,,113784.2539,123678.3717,147733.0882,164743.9209,179059.3391,186976.593,203628.4404,215530.0751,240512.7039,271726.2247,308688.8577,307330.0515,304124.792
"Marinette, WI",WI,72509.72548,74672.33763,78878.85649,84559.22653,87121.30305,91316.43001,100662.0162,103464.8113,104280.0922,100937.8023,94536.12415,85333.85193,87062.28654,89096.7754,91264.41976,93267.11938,98599.43347,98322.85864,104493.0243,108197.7885,116672.8503,130587.9469,151132.4863,158792.5919,170890.2267
"Roswell, NM",NM,,,,,,,,,,106107.141,103367.651,101103.518,99684.18408,98956.25981,100985.8212,102521.2429,98130.76184,102539.1,103795.8372,109325.3865,124422.3319,136680.1149,150701.3993,150177.2556,136256.263
"Shelton, WA",WA,,,,,,,,,226329.1975,210038.2676,191619.0644,181393.395,172351.4031,172777.1869,174349.2082,178307.3606,193554.5398,210822.5135,240237.8277,270496.6842,290427.2178,351246.1878,419784.5654,428809.097,435075.3925
"Dublin, GA",GA,81269.12544,85443.73432,89116.32959,92054.96525,94921.3606,99152.32981,104533.2894,109191.8344,110561.6314,106279.7855,98432.55788,92310.24225,87500.43504,85088.92653,87433.06507,87286.51469,93930.49853,95846.63952,102548.1402,106607.3523,115063.0632,128346.4861,143587.3929,151168.5225,154045.6695
"Nacogdoches, TX",TX,,,,,,,,,,,136925.002,135020.8094,134420.5744,135981.7378,135936.2758,140319.8805,146862.3,148025.1265,150587.5113,153287.9461,167655.068,177775.7986,206793.0186,214832.7612,219311.7513
"Somerset, KY",KY,47087.34754,49646.57499,51460.59311,51054.16638,51756.61116,53014.48341,54828.64813,60105.95666,60656.90078,59654.11622,58661.29991,60676.60603,62809.4099,70496.79182,72511.01525,72085.95652,86590.6081,93668.32196,102771.8434,117449.774,133856.3571,155824.0329,174389.6743,172560.7577,172398.852
"Coos Bay, OR",OR,,,,,,,,,179243.3785,167732.0939,151951.2665,143682.7242,137969.0347,141857.6023,151184.7049,157990.8689,174475.8063,188972.8992,200300.9405,215089.3737,231291.1461,260875.4076,309536.4177,328788.681,335230.8734
"Forest City, NC",NC,74559.27731,74314.07901,76487.92212,77362.00816,78809.85154,82152.20813,88347.82146,94762.94887,98760.22302,98825.59224,,96852.34767,94524.41953,96177.83811,98297.95449,100756.7754,103935.6873,109308.7813,118182.6495,127198.0217,139271.2752,160152.6794,179256.8619,201295.9887,204821.8486
"Martinsville, VA",VA,75183.33186,79573.39627,84043.48009,87999.82218,94858.21933,109067.5007,106347.1584,104029.9049,99919.40708,100070.4365,90909.62151,90750.83873,87186.4091,90378.23185,84154.51062,83362.69451,85669.83995,85544.68325,84382.17815,82080.87126,84864.22436,92733.70465,110163.5203,121425.6774,126103.6709
"Rexburg, ID",ID,,,,,,,,,,,173045.2098,159460.657,155571.0413,164373.438,169291.7083,171323.26,180517.6681,193578.1031,207936.4382,229919.6584,254244.6516,307679.9935,401128.3034,416248.9343,400886.7045
"Lewiston, ID",ID,,,,,,,,,,,173413.0404,164161.3063,162489.2843,170429.9389,171086.8311,176976.8071,187080.512,197574.8133,206623.7966,219597.2755,234995.5563,266020.7495,321130.9323,339383.9292,347294.5115
"Laconia, NH",NH,112355.898,123948.5422,138897.4832,158769.6898,187556.0115,208722.3705,230229.8956,233389.7096,227737.4216,217956.598,204994.4089,202740.9031,198161.8741,198398.1933,204224.1141,207985.2326,217883.9043,224629.4212,239991.0116,255022.0849,271744.7827,316142.5116,381236.6986,425877.2541,460430.2592
"Georgetown, SC",SC,,,,,,,,,,,,,,185650.4958,193706.1209,201790.5585,212111.8503,223773.1069,235065.7101,246366.512,257022.1021,282067.9,336039.2531,374198.1051,395890.6282
"Athens, OH",OH,,,,,,,,,,,98363.83881,97416.75609,96091.4449,94808.61934,99776.43409,103454.0867,109172.3876,111077.103,114550.6209,123757.2609,128013.7427,144607.2903,152995.3845,160809.1749,160783.2054
"Sanford, NC",NC,94629.47388,99916.51908,103329.0974,105876.8292,108741.5079,,121647.5558,125977.9768,128643.6928,127048.8248,120657.7364,115862.1043,112903.5545,111740.7249,115753.6792,116265.3302,120896.3506,126818.4416,136475.5028,148480.8155,159466.724,182017.1005,211755.4527,252049.4647,268225.2751
"Enid, OK",OK,67531.72556,70617.34264,73243.93117,75432.4624,,80224.32621,80189.15746,85956.18016,90984.32239,84669.07167,82768.93308,78447.30323,77793.24844,80415.29974,84436.87688,88753.05565,95855.7241,99450.10852,102495.6819,100395.6183,100570.7257,107358.7256,114172.0691,115984.5894,123769.7695
"Mount Vernon, OH",OH,,,,,,,,,,,93168.88711,91756.28493,90767.24301,91844.77837,97703.81028,107668.5265,134209.4405,146819.4489,154623.9374,165827.0902,172027.268,196687.7145,220187.918,237642.7138,252967.9596
"Walla Walla, WA",WA,124825.9479,128682.4882,134012.1881,138777.6348,146418.8169,166444.3756,183081.9533,201512.022,224408.6204,207680.6498,190156.7296,182290.5397,175423.3023,179392.953,185735.6951,190165.5349,202722.0867,215434.4668,239180.2952,259838.8798,278885.0184,310505.7266,368371.916,389694.5717,394351.1368
"Albemarle, NC",NC,,,,,,,,,,,,,,,,,,136488.4612,145436.7364,157030.0488,165218.0171,193775.108,225876.9818,258603.8791,270063.4199
"Hutchinson, KS",KS,,,,,,,,,,,,71830.31624,72353.27604,70791.1925,72940.64442,79416.36275,88341.3848,88950.72219,89136.90354,92297.28241,93731.14436,102016.1018,113876.0494,124844.0979,129978.268
"Hudson, NY",NY,102353.7216,109927.4612,119613.8442,133209.648,147969.5386,170208.6153,197418.9666,206775.4749,220661.0735,210399.8432,201385.1348,202948.6459,201655.6853,204620.929,210272.753,215885.8241,223604.7871,227722.8331,237272.7519,247143.2845,256238.0031,301761.6363,359998.091,397243.7678,415111.1352
"Starkville, MS",MS,,,,,,,,,,,167117.7153,166050.5106,167503.5077,179943.182,184682.7781,167931.3791,167097.2187,170918.3327,175817.883,180952.1394,185279.0309,193593.6604,214968.7846,220179.986,228614.7206
"Carlsbad, NM",NM,,,,,,,,,,,,,,,,,,188309.0882,169605.6339,181864.7917,200910.8866,223606.6529,224301.568,210579.9624,206015.8538
"Gillette, WY",WY,,,,,,,,,,,243297.6094,239327.9291,237726.4544,243447.3643,239980.7202,239739.7252,250534.5612,250226.3799,245192.5266,242511.5235,252603.2162,266306.4496,279923.4963,299532.9686,311917.8287
"Sturgis, MI",MI,95443.97917,99670.75645,103572.1344,105660.3021,100196.9831,107770.3403,112178.4384,114012.4599,112932.8547,105451.7123,96698.42389,95055.66567,94020.93625,95819.49477,100538.0697,102443.542,110909.0686,115612.1128,125024.5592,132961.9407,142287.6503,158624.7891,175556.5629,180425.0878,189242.6552
"Rutland, VT",VT,97043.81056,102271.212,109651.8125,117351.7579,130218.3839,139883.52,159924.1645,173432.2413,182194.1377,183905.4068,179688.2951,179161.166,176893.2689,178103.5754,178342.1175,175678.9374,180739.3816,181985.7415,193715.9068,197603.3124,200505.3861,219248.7218,258733.7224,280692.4551,295315.7305
"Crossville, TN",TN,97688.07226,103279.0019,104920.1856,106431.8007,112983.2656,118365.1183,133301.8548,150191.4218,157827.3621,139716.8278,139747.1782,137063.8933,129301.0132,122324.5646,121005.049,126427.8132,136789.2152,143997.2247,148525.4838,159958.3877,175182.6527,196435.2763,248122.4233,267400.2096,290024.8433
"Sayre, PA",PA,,,,,,,,,,126797.0416,123790.6031,114491.7002,122095.6832,138500.5272,142725.215,144100.7997,141483.4634,135305.6396,135474.8075,137652.5675,142761.6116,155660.7507,162395.0683,175163.7305,184558.8232
"Salina, KS",KS,,,,,,,,,,,,,92661.76231,97762.95149,99657.08582,102805.2827,105159.0565,106079.1216,111184.8341,113543.175,119998.5544,130255.7604,145161.6985,156197.4693,161996.1033
"Marietta, OH",OH,92105.46829,97197.83066,101565.5969,104435.9735,108189.6174,112545.4207,116196.9034,116446.2378,115286.1534,112772.0644,108480.2853,106864.8762,104899.1755,106840.2328,110985.5363,116786.2536,125254.8982,128776.6993,133096.8587,136762.4438,143106.1605,157281.4043,170993.3473,175881.5284,176807.022
"Fergus Falls, MN",MN,,,,,,,,,,,,,147839.92,153904.5407,159203.0421,164767.4154,176050.1159,186141.5488,194158.2073,204458.117,217952.4915,242694.5644,274671.7916,288058.9918,300753.9197
"Barre, VT",VT,114086.4446,120635.6248,130663.4305,140373.3295,156296.6308,172908.2262,188649.2381,208751.4854,221610.4746,219739.0162,213543.3641,214106.2211,213166.0612,217611.0861,223651.4452,229131.3266,235511.4213,241773.2112,251118.1179,257933.5235,269776.7347,295473.1485,334998.9547,365964.7005,384531.0898
"Fremont, OH",OH,93397.34202,98387.91597,102659.8975,106217.3708,109328.3102,112644.4444,114456.2053,113587.6754,111461.7633,108015.2206,103504.1219,100449.1183,97199.83287,96023.47155,94059.13603,97741.41426,100704.0552,103262.0204,106968.6679,114468.9243,115669.0204,130918.3036,142434.4701,152132.1703,165009.3377
"Oneonta, NY",NY,51937.17732,56106.02222,61111.56796,67490.29069,74440.13243,85021.54931,101146.3969,118685.855,129839.725,126234.0453,120763.4929,121727.8278,121010.3046,121806.9485,120904.141,121067.8174,125382.8905,129046.9502,132694.9559,135901.4029,143306.822,157631.4972,167692.2916,183167.3132,193261.3319
"Columbus, MS",MS,,,,,,,,,,,,,110503.7544,102180.8945,102720.1801,112314.7729,127703.5525,123845.0013,123680.1697,133883.8494,136533.5022,139927.1146,165780.3623,154628.341,160260.3093
"Norwalk, OH",OH,75439.94209,79000.02054,82256.25382,84788.91394,85158.97756,87796.94735,90853.54249,92660.98624,86769.33236,85818.02169,82544.30213,80524.67922,78246.19548,81340.8696,91056.41151,95823.56529,104429.0462,111265.5294,116217.9005,118712.1234,123962.7543,137794.3014,149101.0907,156651.4556,164430.0865
"Batavia, NY",NY,76483.36954,80749.90182,86720.8301,94127.83588,101525.3871,113662.9188,123986.3608,126052.288,125173.4887,114863.3772,107293.6232,105576.0187,102382.3609,103831.4312,104699.1919,106381.547,111288.4407,116118.7116,120724.399,125333.3954,132947.9126,151987.6053,166668.9198,180640.5755,191180.2522
"Ardmore, OK",OK,60952.47839,63072.57495,65039.89904,66779.00571,69169.99136,72432.46633,75915.14515,79273.82624,82032.70871,85155.83154,86841.4645,82826.98757,83208.09359,87399.89744,89222.58331,94930.41801,97716.61508,102103.8803,106122.4442,109834.7833,116193.0874,130038.8271,149392.7003,168340.3454,173258.2387
"Palestine, TX",TX,,,,,,,,,,,110990.4206,110093.087,109656.0636,106606.7067,104797.7592,104510.9885,113273.0965,115603.2169,118960.6677,124092.2795,131795.3628,146221.2434,172844.7318,188989.6702,197745.7086
"Fort Madison, IA",IA,,,,,,,,,,,65267.38644,65600.72744,67145.18821,73720.75233,78319.81753,79253.04508,85434.88445,85607.3731,87201.6997,87112.74645,91306.29169,98487.41849,102870.2994,105747.2129,106255.2923
"Charleston, IL",IL,,,,,,,,,,,93793.73574,90582.47118,88699.73409,92201.07075,93778.40198,93275.07465,94006.10023,93005.39357,91776.58012,92758.18327,102653.9476,108251.0378,113342.8279,115571.9474,122742.0776
"Fernley, NV",NV,,,,,,,,,194593.0794,149467.0122,123375.1239,109779.7936,99472.26834,110857.1059,144134.1778,158051.0029,182566.8298,207419.9245,239721.6771,268401.2066,283386.7644,315114.3344,388685.2926,385372.6812,380711.2623
"Carson City, NV",NV,138334.6986,145879.3703,155169.6681,167066.8965,190716.9177,261205.8687,307216.9868,308360.2229,270287.3328,207985.6246,173219.5685,155402.9642,142015.0512,151806.218,178985.7839,194198.624,227224.6481,255710.1481,283078.0883,311163.2574,330503.7177,367156.6942,438467.3082,437716.0334,453128.207
"Eagle Pass, TX",TX,,,,,,,,,,,133487.2778,133151.4771,133010.336,137573.687,151082.113,163774.6833,169986.5795,167124.8423,168813.2391,163047.1178,160776.3835,171810.7432,191381.4251,193994.5364,209477.7844
"Calhoun, GA",GA,,,,,,,,,,107383.1054,99693.33502,95789.65354,89642.81355,92788.52885,102562.8892,108607.8807,115932.5817,123627.425,133672.976,146097.4524,157570.0849,178058.2999,214203.358,235657.8205,255297.1028
"Cullowhee, NC",NC,,,,,,,,,,207866.3858,195140.3482,188579.5799,180061.7962,187899.9285,194717.4001,198333.8517,205484.1893,208540.2952,219651.7557,231851.9354,234301.51,271283.177,324709.7419,357913.7401,377372.5845
"Kearney, NE",NE,,,,,,,,132442.2701,133478.5266,133288.9017,131900.2009,132394.4994,134742.853,149219.9604,159729.6731,168092.8371,179930.4895,185448.9439,188795.8655,195845.1707,204910.6613,215174.7827,242144.0663,259871.8925,266254.2795
"Fairmont, WV",WV,,,,,,86344.63528,95618.10767,98150.20281,101899.9787,104403.6825,101849.4291,100861.7294,100395.448,110006.809,98184.62825,102121.7836,109187.0671,108826.4128,112520.5994,119143.488,122976.5102,136886.8031,145554.7757,153625.6735,154892.0929
"Ontario, OR",OR,80384.69092,84380.78407,88705.45901,92265.71965,95441.82069,105712.9978,123590.3665,136752.9812,137749.8187,130548.91,118714.9143,110411.2938,105619.1189,109790.5002,120310.7023,126715.2208,135031.4295,145082.1275,156738.1267,175259.6818,197159.174,245272.5405,322022.1762,333631.5924,330519.3946
"Gaffney, SC",SC,,,,,,,,,,95943.03176,90939.62469,86091.45847,82542.28993,90797.26667,108005.9363,113490.1236,120291.5527,126476.5167,124165.7429,132383.4873,145444.8675,158658.3101,178474.2879,182104.6088,172328.8362
"Picayune, MS",MS,,,,,,,,,,,,,102669.6265,111662.2625,126464.3265,129353.3927,150434.937,147523.0784,154681.3685,158193.3351,162459.8297,170992.4486,188745.2007,196808.5734,210121.8305
"Sterling, IL",IL,,,,,,,,,,99316.75402,94196.46452,93178.38488,91450.81366,92261.64077,89410.18696,91341.42079,93327.79142,92693.18616,92517.95169,82458.37022,95880.36488,103534.6937,107125.0314,115696.5324,119284.5012
"Branson, MO",MO,,,,,,,,,,,126629.8398,119293.6236,117918.5316,122141.7518,128352.8509,132015.5748,137474.8474,142377.0112,149814.1689,158917.6017,172214.9062,192614.807,237792.458,261192.1235,265975.3024
"Cedar City, UT",UT,,,,,,,,,,180209.6029,163899.548,157163.23,146330.4075,149970.8395,153961.5907,167301.7722,183892.9655,204071.9451,227334.7341,247122.801,262667.1924,296363.8622,385331.5692,401241.0445,402246.4851
"Waycross, GA",GA,56709.1883,60589.36487,62858.16452,65694.43231,68058.26187,72254.86303,76778.45625,81342.23632,83157.9646,80064.0987,74545.37402,70786.35981,66457.76872,67357.21314,68981.08042,71620.41213,74956.42204,75292.09202,79747.86043,85915.02092,91613.10876,102983.8256,122729.1118,133161.6068,140614.3832
"Oxford, MS",MS,,,,,,,,,,,187541.9305,183305.3959,181601.3419,183372.5006,189465.0366,198447.5533,214724.9542,228594.9345,232683.4175,238699.8869,238577.5274,248998.3326,280968.3604,293864.9018,334740.6542
"Jasper, IN",IN,,,,,,,,,115465.7514,114253.565,112600.4874,113854.0623,114574.9464,116685.1931,119091.6293,122826.9312,128518.3257,133422.3806,140828.2125,148008.9937,156260.4056,171957.9782,190017.8196,200769.0843,211041.6769
"Edwards, CO",CO,377183.0364,398721.7728,410112.7006,418587.5374,434961.6559,467492.2433,557639.0632,645282.971,698403.3347,634274.0483,595548.7737,550715.165,486381.1863,526920.4326,575741.4233,618318.4685,671938.9303,707247.5915,742591.1781,791594.7136,811173.7203,924026.5791,1195762.743,1353767.123,1442559.393
"Durango, CO",CO,,,,,,,,,,335551.283,322903.7259,314305.2311,308336.4569,319033.0124,339025.9631,359790.1827,378415.8192,394872.9978,414368.6836,427554.9761,437982.5448,473114.9118,574623.4671,635922.6067,668029.722
"Kinston, NC",NC,,,,,,,,75319.20075,76944.84357,75378.80086,71260.24735,70627.37281,68876.1101,67247.23973,69016.75712,69431.12976,71150.7638,71720.9592,75790.99758,78955.77646,82600.63232,94037.16852,109696.754,133221.1297,136097.3859
"Sonora, CA",CA,,,,,,,,,,,,,,,,,,283202.92,297301.3649,309519.6742,312614.7607,331709.0778,394386.8758,399603.1261,389926.024
"Tiffin, OH",OH,73575.56866,77595.26969,80704.22404,83002.26689,85801.46206,89505.37488,91632.91857,91846.77968,90782.12906,88803.8087,85405.84888,84226.63606,82675.75328,83821.97041,85659.9955,87657.39992,95799.91792,97436.14925,102705.1941,106725.123,109482.337,126283.9194,139075.0678,144717.5613,152624.4848
"Batesville, AR",AR,75208.62147,79749.83595,83174.08155,86081.9855,89607.61382,95020.3139,102488.0212,106911.1233,108244.5531,107129.7784,104611.9497,102449.248,101017.0948,105018.4428,105956.4728,106340.8026,111912.7248,114981.5505,118075.925,121083.737,127143.4767,136354.1109,154793.3249,153637.7814,151699.6315
"Point Pleasant, WV",OH,68978.6488,70848.91181,73708.63911,76579.20616,79782.44854,,87360.89865,88418.35802,88654.50489,88964.20882,86300.48245,84738.18084,83677.72738,87136.82676,87141.15805,89236.12685,95602.93238,95771.89498,95426.35254,99440.19434,103730.7573,118423.9768,127728.0193,136430.6866,139369.6372
"Elko, NV",NV,,,,,,,,,,250328.9887,221390.8342,208571.9836,198678.4664,211483.4079,220300.2716,224363.3845,231172.0341,232889.6717,236766.6763,245894.2897,257261.6688,273829.6583,307224.2845,318693.2683,329730.3504
"Danville, KY",KY,77073.89161,80624.10836,84069.65705,87226.59995,90751.8892,95327.34504,99129.19745,102226.7691,103796.3291,102233.718,100268.7315,98569.57172,97025.68576,95854.6625,99436.50765,97706.59923,103541.8693,109795.8992,113563.6828,122084.6081,127243.9306,145377.3395,163618.1879,182490.6911,189989.8628
"Glasgow, KY",KY,61219.46791,63864.95754,65947.14556,67661.96614,70247.77112,73249.67162,76064.73802,78929.23415,79934.68437,77877.52822,76411.40422,,81487.89218,84733.04566,88326.55838,91846.29706,98998.66582,104005.3967,109262.9591,116853.7523,125047.5325,144436.4066,160799.8844,172279.3892,178785.835
"St. Marys, GA",GA,86715.91976,90657.90079,94644.95207,97775.22808,101589.5491,108019.7555,134565.4537,153890.205,157927.4291,147429.7283,135878.1286,129519.4475,120331.0523,125380.1867,134438.4395,140231.2763,148544.579,150879.3545,161465.618,169212.3178,176875.4001,199265.4497,233572.6304,262964.3546,282495.5724
"Boone, NC",NC,149350.2151,161228.3287,168580.0188,176194.3807,184936.3773,197437.982,218606.9602,246879.4876,266661.8993,265858.6829,252401.335,234208.0716,229144.801,230060.6765,238319.6213,243355.5084,245616.294,255081.5231,268572.51,279329.4873,297547.0594,344484.442,420812.662,467725.5629,496249.4581
"Warrensburg, MO",MO,,,,,,,,,,146223.9929,140983.2679,139347.1772,138378.4461,140371.7607,143953.9456,146516.0394,153708.3363,160491.7421,169637.6704,175390.1937,189949.4111,213622.2792,242979.9364,250014.807,258345.3674
"Gloversville, NY",NY,59454.20878,62970.96136,68477.93885,75729.23143,82865.65355,92930.11064,100172.719,106889.2412,114314.4833,110913.1054,106323.2455,106590.1834,105622.3068,106466.2295,105465.5748,104498.4697,109980.5482,116894.4431,120806.0346,124180.7313,130500.9665,149164.2466,166087.6652,179350.9249,185987.8157
"Fort Leonard Wood, MO",MO,,,,,,,,,,,143563.9844,141734.8427,137675.7961,136355.4903,140113.4509,134444.1133,127894.3762,124105.7995,131049.0081,134728.6063,135111.6665,147001.9214,172133.8159,184995.7074,199921.3343
"Poplar Bluff, MO",MO,,91742.57825,94486.11366,96110.51361,100465.9981,,119883.4263,126163.5486,127661.5412,126820.7323,122861.7981,121418.1809,120348.6276,120412.7784,115309.7831,113628.0538,112602.4569,110980.3049,109103.4838,111460.0461,112910.2985,119813.954,132806.315,141813.036,144704.1213
"Elizabeth City, NC",NC,,,,,,,,,191328.3279,188544.8529,177360.8457,168763.9552,162849.3823,161748.279,149420.5394,144662.7934,147694.0783,144717.6821,152206.5251,160088.5851,160102.2929,181364.7645,203157.6554,224642.1272,238770.0313
"Payson, AZ",AZ,86228.16671,90268.84327,95650.71409,100358.4009,107087.2248,127162.5589,169683.5672,209601.5934,219413.1279,188409.7117,162611.9316,148074.2975,142831.9917,152916.8213,164432.9786,174901.8236,188320.4642,194446.2305,205180.869,220604.7337,240820.3445,271877.0579,340473.8409,357301.2969,368256.2973
"Athens, TN",TN,,,,,,,,,,,,,100142.2706,103721.6678,106837.5576,110615.9136,121475.1042,126414.1793,130930.8285,139598.196,159344.7912,171001.477,201940.7934,216351.5991,229330.1214
"Enterprise, AL",AL,,,,,,,,,,,,,,128948.2683,132811.4235,127557.286,130407.3016,128430.4784,133653.2706,135212.1154,141427.9661,151752.6061,169325.4615,179073.7936,188506.9819
"Ashland, OH",OH,,,,,,,,,,,108834.1606,106502.2805,103035.6467,104785.2148,104892.4975,109681.4248,117043.5752,124953.9033,129124.6292,137852.781,143867.7649,166442.4012,183677.3148,199816.4965,210771.3016
"Scottsboro, AL",AL,,,,,,,,,,,102155.4283,92753.29944,88592.1699,95577.52083,102496.9298,103289.7045,112947.2099,117507.3894,122142.7194,120746.7731,127162.1268,145478.9096,164176.9543,177017.9273,184033.3461
"Milledgeville, GA",GA,,,,,,,,,,110645.0617,102564.6569,94566.0177,88135.98404,93960.29172,96231.876,98251.74112,108248.2139,107647.3228,112089.2349,120607.1296,128426.0973,148309.4295,171999.2294,179129.2546,182589.1052
"Kerrville, TX",TX,,,,,,,161402.966,171600.9732,178640.4114,177759.3469,174280.9971,171099.5661,170200.9943,171304.9668,175824.9726,183991.8829,197627.9932,214577.143,228758.65,245167.7617,259286.2211,284292.0295,345641.0879,365348.1129,363298.5451
"Bartlesville, OK",OK,67008.43006,70013.93322,72481.49293,75745.12988,79382.6129,83243.07885,87664.10247,92890.47967,96331.16394,97873.97494,94695.98301,92988.6744,91259.75993,98528.58538,98278.1196,102469.4556,104308.7927,104812.4807,109535.587,109987.9435,116514.2355,125917.5074,148454.3501,159131.5552,162203.21
"Platteville, WI",WI,,,,,,,,,,,109884.8011,107301.0799,106508.2462,108878.8788,116194.3532,118731.1399,122849.0932,126169.762,132275.7004,138661.0038,147227.7499,158572.7063,176833.8907,189528.5769,193779.9336
"Corsicana, TX",TX,,,,,,,,,,,97226.874,95357.343,93307.31907,91478.39848,94578.2599,97719.22201,103761.4351,112856.9648,120152.6925,131572.6461,140411.9311,155350.4547,186674.8298,205247.9998,206244.2826
"Greenville, OH",OH,96604.50853,101122.0232,104667.1467,107368.0453,110560.9124,114422.8859,113881.6843,117217.697,119104.6496,116125.7168,111601.913,108101.2194,103992.8968,115503.1805,130605.2158,134927.4491,137977.7569,112209.8205,113092.875,122047.3077,129399.7132,145587.8562,164106.3339,175428.3782,185065.7321
"Rochelle, IL",IL,,,,,,,,,,150023.9265,139381.6405,135814.3484,131849.4818,129137.2329,132201.0636,126781.811,115097.3323,112622.147,139521.5035,146075.407,150579.2072,162897.3854,181934.1653,191980.2265,198450.8386
"Douglas, GA",GA,69794.58429,74737.13846,78152.83802,80838.33477,83639.66731,,92505.47802,96732.32052,97487.94832,92663.5549,84923.65778,78457.92724,73804.87546,75870.55924,79518.36829,78305.04213,82333.90485,81250.42299,87090.80769,89002.13095,95412.49956,106283.625,128329.3066,134603.1175,137581.386
"Oil City, PA",PA,47938.54332,51242.73416,54440.20245,58317.4439,62689.5695,69858.67467,76136.71599,78562.91622,79017.43388,77238.96165,74639.97427,74674.44009,73775.76686,76925.66174,76769.88799,79836.23703,84096.06958,83303.27232,84118.61302,83463.42229,88278.47516,102547.8498,113066.326,120881.6825,119378.1822
"Mason City, IA",IA,,,,,,,,,,,86974.1972,86746.85884,86817.67985,90472.81371,99242.08504,98497.7775,108085.7273,109810.1695,114496.4496,124247.1244,129222.8021,140351.2245,158260.2403,171639.2767,171173.3893
"Jacksonville, TX",TX,,,,,,,,,,,111809.4526,110154.1494,108762.8505,108619.8352,107973.5977,111685.7044,120528.0463,125879.3309,125087.265,131530.6061,145601.0577,168797.1973,199059.7173,214527.1682,221561.8323
"Galesburg, IL",IL,,,,,,,,,,78382.85422,73468.33314,73092.39258,72082.55589,77449.70729,78727.19539,79943.72791,80339.87382,80817.46139,82192.76397,81547.55527,89674.39236,94859.81848,96725.75212,93598.56543,97999.59666
"Pahrump, NV",NV,,,,,,,,,,137216.8705,114437.9069,101504.5151,91726.08936,99201.03994,119939.5863,133443.4607,144508.0616,150302.7618,166875.9753,198128.2059,224582.4306,244659.1951,314468.2854,324610.7924,317359.836
"Paris, TX",TX,,,,,,,,,,,105698.3225,104463.3497,104586.3699,101911.2786,105357.5556,112182.7965,113163.3942,121391.2389,127053.3637,134586.9543,134774.2026,152672.8901,188848.6706,195174.4541,188331.7943
"Winona, MN",MN,,,,,,,,,,,,,137528.0167,144005.3646,143975.5625,148267.8752,156801.3596,162987.1216,169194.7203,174296.5899,182277.2218,196958.9027,217982.7104,233913.3238,246768.0512
"Newport, OR",OR,125862.9171,129768.0778,134368.3896,132608.3068,140532.5488,160243.3395,195342.906,231951.6319,247287.546,232556.2757,211108.6865,198983.4874,191764.0757,192881.7943,199807.0106,207559.8545,228171.6892,242850.8326,260634.4175,281377.5425,299797.8237,345826.506,433627.6983,461067.9851,470032.8403
"Morgan City, LA",LA,,,,,,,,,,,,,,,,,119747.7916,117145.8062,116607.4476,111485.9308,109941.5792,120162.5198,117582.3683,118399.3278,118450.3184
"Shelbyville, TN",TN,92663.02092,96032.91807,99766.60636,102809.4768,103515.4336,107437.3859,116574.1106,123939.1082,119409.5335,115986.4656,111171.3807,109365.1916,107169.839,108875.9056,111555.8296,117984.7322,132024.0743,145862.7979,162323.027,179345.8621,198969.0291,216268.4471,264265.5848,287495.7669,303448.6841
"Amsterdam, NY",NY,60027.75879,64541.17261,69894.39013,76680.02363,84331.31907,95507.71369,106194.3121,109105.0286,111489.021,107552.4097,102562.2743,102332.0856,101676.1074,100430.6042,98155.08901,97140.16617,100818.5868,105426.618,110146.6119,115432.4836,123230.6041,140777.9493,155675.5767,170890.541,180720.8415
"Ozark, AL",AL,,,,,77411.78174,80600.21281,87532.7563,93216.39926,97161.95852,99179.20456,95126.52634,92484.45036,92422.23353,96122.22736,99706.96256,95617.38256,98059.95478,96956.48046,100560.2558,102914.9107,109720.6165,119691.8229,130724.6942,140448.9615,148922.0895
"Alice, TX",TX,,,,,,,,,,,141782.4628,138995.9784,137045.6867,134759.1559,136222.0877,133015.4494,139140.605,132628.4289,124374.4911,128642.164,133262.5832,140106.9247,131773.593,124830.7291,116340.6729
"Gardnerville Ranchos, NV",NV,215732.4667,229481.4133,248028.9708,272078.9084,316988.4097,389307.7006,469547.0139,438395.4734,416918.3682,338571.6443,282019.8828,254649.6619,234537.9781,248793.4035,295154.2374,319936.1214,350498.3204,376102.2529,410139.3231,448810.5418,482424.8526,546671.3785,662427.8745,653672.2589,648237.4821
"Fort Polk South, LA",LA,,,,,,,,,,,,121375.675,126615.9733,129218.9842,146353.189,153400.7286,155698.8362,141474.8872,139888.5979,133065.6073,151112.745,157615.7688,157556.4077,159405.2042,155680.7413
"Ca-¦on City, CO",CO,,,,,,,,,,,,,,,,,,176547.6526,191821.329,208730.7308,227208.3348,255840.1343,307327.4854,318775.8732,325052.08
"Natchez, MS",LA,,,,,,,,,84750.68895,84848.60415,83117.17212,83606.7216,87621.55272,88146.13376,86750.14521,91638.80559,98642.30348,99835.15356,96443.77175,96391.55143,102283.3651,104817.9699,126822.7811,119024.0033,104861.5392
"New Castle, IN",IN,,,,,,,,,,,77151.57339,75107.01016,73846.35106,72632.86223,74057.72871,77493.89078,81784.88276,85999.13167,91363.19623,97546.58369,107140.5785,120619.35,138812.8249,150422.5252,157785.766
"Clovis, NM",NM,,,,,,,,,,,,,,,,,,131043.7129,128618.1251,131739.5669,139757.8101,147823.1374,146211.3742,158208.6605,150298.5842
"Norfolk, NE",NE,,,,,88873.99749,97067.51187,105979.3278,108007.3984,108820.8869,108972.0502,107670.2864,106563.0082,108341.6484,114787.9986,120418.481,126264.4268,135905.4381,143601.7338,153524.853,161291.0726,170603.1549,180712.4065,200978.7353,214451.012,223452.2296
"Cadillac, MI",MI,,,,,,,,,,77101.20872,70887.44904,64415.92078,67571.88783,72058.21674,75605.49653,79977.84954,83827.50051,89040.44356,96749.87991,135504.1671,143254.5297,159542.1174,180960.9376,187763.859,196166.2864
"Ruston, LA",LA,97989.90431,99794.21211,104114.615,109058.29,114096.9113,120484.2874,129885.6829,140710.3537,145015.4254,144205.9529,142217.0264,,137714.0918,143157.4903,146124.0141,149521.5676,158974.5146,167069.7219,174013.3333,175911.7906,180917.4828,191058.9789,203190.3582,207735.3216,208182.5401
"Sidney, OH",OH,85706.52818,89630.2045,92853.87118,95456.09266,98690.67352,102408.0972,103400.9959,107275.9691,112671.8373,109677.8466,104246.1776,102616.9071,100573.1443,106802.7231,112535.3607,117449.9556,121536.228,125878.5404,131666.7641,141313.4072,147972.1488,163660.1116,180482.7085,193025.539,202535.7586
"Pullman, WA",WA,,,,,,,,213310.1271,216385.3197,203921.496,186536.8669,165643.8259,163932.3772,175284.3931,187693.6653,192461.496,207165.3355,214514.6055,225654.7031,242812.8796,261710.7183,293845.3451,340851.3195,358821.381,370536.8099
"Malone, NY",NY,58622.77967,64195.241,68452.35534,75164.75741,82560.01247,93228.93928,103665.6373,105944.137,105382.2948,100694.6957,95904.85656,95750.96893,96523.08399,94700.62748,95016.39722,95887.40413,101430.4766,101670.3598,106935.9669,109987.9357,114238.8257,129923.9431,143308.369,159557.5705,159799.3909
"Del Rio, TX",TX,,,,,,,,,,,123826.8431,122952.7573,122839.0734,118316.4076,116012.3994,120413.8749,124868.6067,133013.0229,134051.1992,138589.0329,156011.1484,165710.0882,190013.59,194373.4342,198979.4259
"Blackfoot, ID",ID,,,,,,,,,,,,,,,143157.3705,145097.5254,152992.2931,161379.231,173745.666,192360.8078,217105.7725,264656.6637,339334.7763,343196.3997,338420.3857
"Red Wing, MN",MN,,125842.1589,138372.9372,146416.683,158099.4298,169327.8662,179594.5468,188877.6551,186220.213,174941.0895,161342.6113,156137.2892,151372.563,158307.0025,165992.0987,175722.0211,187559.2539,195162.9519,206981.8143,218371.3889,233544.1378,249469.4995,280151.1217,297635.4552,303867.28
"Nogales, AZ",AZ,71167.71387,75174.84709,81736.3814,87099.16824,93404.95962,112165.1368,143406.9545,174979.4037,158068.1299,136627.8553,120128.1877,108012.1525,104202.5952,107664.4878,116413.2516,121637.5451,134483.7379,139425.8863,145655.4679,156007.463,169203.7135,198633.7033,236542.3843,253722.4806,263731.963
"Tahlequah, OK",OK,75873.39287,80283.15522,84284.78535,87461.85786,91128.48115,94975.95159,98982.31648,103293.3456,106346.519,103976.2612,106122.3404,102610.4273,104041.361,105493.2058,107729.2275,109312.7704,109534.7486,112949.455,114145.9315,116031.9656,123155.4881,141225.8188,167707.5842,182376.2921,188237.6841
"Kendallville, IN",IN,,,,,,,,,,,,,97155.72825,98141.75325,102715.439,112425.8187,119233.3636,126470.4165,133018.2639,142938.0319,151187.6998,166466.2397,190441.7189,204750.3585,217078.2272
"Montrose, CO",CO,122544.1689,130977.0409,138116.8121,142419.351,146596.8487,154309.4879,178225.8686,196643.1961,200142.8792,197392.7917,190960.6263,186343.2053,183105.8948,189775.1557,199684.2528,207120.5594,226239.8778,241530.5871,259840.6343,282801.177,302677.3784,332973.4625,404585.8988,435592.0569,448287.954
"Cortland, NY",NY,63423.61447,67705.27438,72942.93423,79759.22701,86271.34603,96819.44676,103838.7794,111933.1586,120432.3572,114984.3449,109262.8659,108684.8429,106968.6698,107565.608,107548.8298,107569.5238,112042.6664,117556.1672,119076.7758,124596.1067,128005.3948,141186.2701,154236.3435,166918.8832,173595.3544
"Mount Sterling, KY",KY,70711.7949,75390.88832,79489.27804,83576.09065,88153.39257,92639.65145,89543.22405,91062.93433,92303.66078,91700.23244,91085.47646,89333.65923,85781.50711,85797.25593,89954.18061,93222.84903,102635.4522,104411.7484,109169.4095,112192.9892,120765.9602,135649.6058,150807.4436,165928.6983,168227.4118
"Clinton, IA",IA,,,,,,,,,,,94295.29378,94792.61023,94504.69733,96453.54147,102251.346,104801.6428,111868.8659,113870.2981,113421.752,119310.6216,126419.4202,135976.2299,146976.1831,156870.2772,159979.5174
"Sandpoint, ID",ID,,,,,,,,,,,227526.8469,205935.4338,198225.3563,203849.4994,224042.3389,238366.0595,264032.017,279916.4969,306127.2843,330223.909,361082.5412,448940.0527,593291.8551,601988.4661,608108.7991
"Bardstown, KY",KY,91239.54885,95462.22554,99073.89071,102840.4228,106825.6823,111685.6315,116431.7425,119345.3336,121019.1271,120279.2765,118159.6486,117531.7867,111894.017,113493.5484,115392.2299,118643.6556,123663.7975,131106.1879,140209.056,150025.439,159327.7196,181548.3894,204503.692,223415.4498,234667.6598
"Wapakoneta, OH",OH,,,,,,,,,,,115588.6226,115341.9149,113516.161,110223.3391,113980.065,116683.0707,122717.0013,128170.5081,134499.3018,140995.2314,149891.386,165705.0668,178640.9796,191131.3077,201839.1614
"Plymouth, IN",IN,94036.00337,98386.41116,102082.486,103763.3437,106769.5741,110388.2532,114529.3782,116639.0369,119063.9631,118743.2555,116009.4418,115674.1615,114513.8142,116630.7302,120228.5833,125251.08,130728.5104,134322.3199,140023.4186,146735.1217,153552.4706,172264.2283,198230.9098,209883.9834,227719.2407
"Lewistown, PA",PA,,,,,,,,,,,,,,90327.14261,90001.77975,89819.39792,93146.36536,98708.30763,101554.2758,108994.7136,112418.4302,128254.1174,138594.7291,153997.3416,164799.7565
"Bemidji, MN",MN,,,,,,,,,,,165942.8681,139692.3944,136292.4965,143363.6306,146316.0257,147111.2406,151117.0677,154659.4749,159685.6725,165210.4543,176041.2993,192253.6423,217387.1315,231980.146,243820.1706
"Bellefontaine, OH",OH,,,101024.5341,104172.9491,107816.2187,111981.1432,114942.3169,114434.4276,113056.6779,110113.6186,105523.3083,103170.0777,101135.9461,103730.6421,111928.0496,120609.447,125506.4876,131755.1015,137961.0297,145507.7064,159663.3422,181458.4852,191326.0733,199597.172,216163.0559
"Seymour, IN",IN,,,,,,,,,,110213.5186,107623.4325,106329.9854,105178.6367,112034.8678,112880.425,117871.0959,123257.0613,128073.0111,132640.4491,139237.5166,148098.8026,163865.842,182411.6091,194461.2774,206775.2413
"Burley, ID",ID,,,,,,,,,,,125070.7644,116658.2664,113432.1536,120926.7457,122526.0332,124984.6634,133698.4248,145136.8149,160772.3993,172694.4241,185788.1706,216538.7858,274657.7807,296542.5965,303600.7242
"Durant, OK",OK,68710.71304,72949.77592,76628.47638,79442.90255,82327.92411,86242.28681,90884.50145,95639.26385,98570.14895,104473.8914,97403.27549,96746.45444,96784.39481,102400.9414,103526.3226,106645.813,111403.5044,115082.8907,121729.3128,132382.807,142154.4162,164080.3482,190234.196,209206.2578,214698.412
"Moultrie, GA",GA,69616.44867,74815.24009,80543.98937,83850.31236,86435.99652,90496.92857,96010.46997,100715.9278,102272.2593,99936.48902,92155.78566,88278.07642,83477.57941,86765.43563,89063.34382,86897.39309,90974.2759,88313.89793,92276.49025,97113.33211,104765.5086,113853.8259,133565.9181,124883.4519,134582.4272
"Bogalusa, LA",LA,,,,,,,,,,,,82996.78795,84178.33594,89559.63361,98317.92582,103600.0969,112762.9809,109258.2933,120784.4669,122512.8218,135212.7013,142640.437,142029.4179,138174.8452,130385.833
"Cornelia, GA",GA,,,,,,,,,,127551.0348,117916.1674,113040.3111,102206.9092,102881.2148,111050.7911,120944.46,134743.9151,138795.1825,149939.3258,160368.3608,174425.498,203665.3835,241520.9505,264822.0949,288829.2982
"Hillsdale, MI",MI,,,,,,,,,,95120.0952,86269.80419,85408.55783,84194.31478,90965.17432,97025.92081,103062.8233,108641.6361,115431.2464,123479.8642,130303.914,139210.6638,156732.2654,173512.6102,180409.4045,182259.5222
"Thomasville, GA",GA,87041.58921,93780.9551,98986.01302,104635.524,108605.0696,112198.7368,117487.9983,125029.1144,127713.3706,124426.6335,115127.8106,107682.0707,101567.4043,101999.0418,108873.0614,111482.7075,117020.7725,116365.7768,123769.1313,132195.1495,138676.5925,150008.9185,177474.9335,190500.1707,199750.9254
"Paragould, AR",AR,73815.41786,76536.2701,77814.60395,80203.93183,83079.2115,,95343.36424,98550.27304,99212.60338,98616.47424,96400.02224,95783.40372,96361.81945,106536.0637,101089.6807,105918.524,110565.4828,117609.2929,119524.2549,123819.6363,130070.0139,143454.0849,163489.3888,172254.239,176941.5114
"Greenville, MS",MS,,,,,,,,,,,,,,,,,,,,,78745.50054,85043.834,88583.52295,66208.80963,62512.85391
"Burlington, IA",IA,,,,,,,,,,,83098.56062,84064.36967,83436.60099,86304.33113,87614.19901,94680.76648,99541.51654,100539.2102,101085.7965,103403.0067,107528.2561,114479.976,117252.6668,123823.6556,124675.8261
"Madisonville, KY",KY,67239.34366,69328.62167,71507.10102,74092.01575,77288.83849,80867.48159,84306.45125,87013.4815,89031.29981,89035.95065,88491.07337,88611.77934,80243.98494,83687.74196,85402.46115,87006.88748,89147.40352,93778.00869,94249.51394,97278.19135,104195.0861,112313.3962,127933.9237,139924.5426,147772.3517
"Menomonie, WI",WI,,,,,,,,,,140318.4782,134807.6733,132141.7794,128264.8911,131999.1181,135882.4165,144285.0637,154621.3908,162265.0182,173932.1717,187528.7063,196914.3516,221546.1657,248813.1033,269264.0931,277946.4713
"Shawano, WI",WI,,,,,,,,,,,121477.6142,117945.6216,114510.7175,115051.675,117049.7228,115517.2203,121535.9232,125812.0068,132581.163,141643.8974,153461.1213,171004.6347,194197.2759,201949.1365,220427.0675
"Vicksburg, MS",MS,,,,,,,,,,,,,100072.9349,97184.09161,96769.26385,113726.1637,129665.7047,128371.7117,128695.5022,124947.6148,125997.9425,136675.9359,153362.3891,143928.5717,144651.4962
"Bedford, IN",IN,,,,,,,,,,,,86080.3038,85438.28857,87899.76657,90404.5198,95421.82995,97065.35119,97140.57789,106553.4793,116100.477,129017.866,146177.8477,167922.3479,176588.3468,185874.6121
"Washington, NC",NC,87734.31973,91551.62402,95367.76602,100736.3429,104715.2092,,122508.941,132149.6216,136961.6509,136356.9323,128167.0591,118439.5373,113587.4465,115532.0388,111536.4973,113595.3067,123840.8573,127595.9407,131152.9239,137852.1801,143623.8847,164529.5182,183648.9256,211339.366,223136.9841
"Freeport, IL",IL,,,,,,,,89778.15305,88533.18764,81522.44428,68953.52964,65380.22408,62795.01604,64285.67116,59696.1791,68765.72721,73193.87827,74382.29776,78996.34415,84280.6776,91099.59216,99719.1808,117458.0477,124711.282,131261.897
"Harrison, AR",AR,79275.58903,82757.85044,85665.28836,87975.86635,91066.75635,97430.32147,105167.4343,109802.7942,109042.5319,109871.7817,104489.4654,104519.7017,103313.1807,105213.9856,105265.8618,110392.551,117778.5573,120188.6761,125312.4898,129104.9841,135342.9053,150731.5335,177706.8268,190808.1179,206240.7972
"Rolla, MO",MO,,,,,,,,,,,,,,,,,,127355.978,130543.7504,133772.0659,138171.4036,152950.7253,175845.1324,189178.8054,194351.9625
"Coldwater, MI",MI,104227.1767,109959.2077,116115.0226,120773.3381,125809.8757,131328.4576,132845.2704,129992.3534,127512.4676,118707.7912,108535.7317,108075.8813,106830.7715,106364.0629,109707.7451,113014.7775,120343.9308,121863.4733,129039.0828,138879.9312,148636.3598,158202.7028,178564.3155,180071.9601,186757.2436
"Marion, NC",NC,,,,,,,,,,,,,,,,,136982.4499,142592.9988,150023.5545,161416.8535,176227.3192,197078.5872,225815.9624,240536.8386,253428.4248
"Huntingdon, PA",PA,,,,,,,,,,,97054.00406,96901.97658,95839.27522,97760.28221,103763.639,105821.5004,114379.2906,117628.9512,120403.1377,121215.4067,129441.0365,151522.2853,160520.6927,164516.4823,172091.6784
"Ellensburg, WA",WA,,,,,,,,,,256502.2281,233312.0336,217678.135,208632.1713,209528.4768,219161.7569,230118.4821,247925.4221,265897.211,293280.6195,327191.8386,343608.2745,396987.7902,474491.8578,502022.7476,499782.264
"Ponca City, OK",OK,49434.68189,50846.17491,53190.39826,55139.06347,56655.49697,,59931.60115,62498.61092,64482.18385,60449.94235,57744.13228,57167.68501,57150.32183,59018.2402,61907.31474,65569.70876,68411.2098,71314.23305,67573.11338,72414.69812,75360.80643,83801.16333,96895.56551,102886.6069,102289.7769
"Lawrenceburg, TN",TN,78394.41341,81272.66994,83209.1713,85669.48159,87900.45629,86540.40461,90041.06757,92553.74645,98341.62307,97025.93856,92412.43959,90755.68303,89135.85328,91864.52212,94572.66744,102549.2592,107809.0262,118674.3436,125410.1855,133273.0667,149816.9107,168761.6073,204688.7117,217182.3509,222556.3758
"McAlester, OK",OK,63327.23021,65610.6729,68672.92538,70972.61709,73343.06696,76401.74303,77660.07528,84163.71483,87748.76276,93359.40247,92003.84636,86026.09154,84086.89637,83555.88528,83837.06852,82456.85735,84025.34954,81925.21812,86050.9565,88489.56213,96440.63668,106924.4642,117547.7506,127227.2542,130984.5123
"Mount Pleasant, TX",TX,,,,,,,,,,,98396.31435,97214.21344,96139.52546,98656.10937,105215.3571,110863.2881,119220.3777,126855.0273,134617.5514,140967.952,150557.0247,170229.031,206394.595,212100.3506,216866.3796
"Willmar, MN",MN,,,,,,,169630.0932,171570.6524,167147.7867,159601.7303,149568.9253,142391.5281,142527.2966,146369.8293,151388.2412,153333.9956,160103.6733,161038.6447,165285.1936,173930.4157,185619.2958,203126.2716,230797.0769,242702.1309,251935.4988
"Rockingham, NC",NC,,,,,,63398.78855,72181.23539,77874.29744,79894.16959,78270.5295,74780.67111,72895.6782,71118.59444,71583.04742,72052.19605,69774.5637,73512.95283,78952.6681,80544.76521,84955.75187,89188.1145,95488.64397,112350.4025,123917.0614,126172.2011
"Muscatine, IA",IA,,,,,,,,,,105326.1205,103904.3213,103579.9428,103187.0846,111268.5268,116129.587,112568.4225,126349.7391,128113.1979,132854.6334,137530.6216,142588.305,153480.1118,168034.4802,179299.8856,181881.0621
"Lewisburg, PA",PA,,,,,,,,,,,,,152742.1054,154272.2037,156181.0028,160672.9727,164847.0694,171766.0734,176509.2716,179921.7297,190006.0233,207517.2387,222290.225,240184.9839,249457.4152
"Auburn, IN",IN,,,,,,,,,,112708.6767,108933.7156,107006.5838,105700.9977,109770.3152,108972.9647,115791.6129,122017.9978,128559.9045,134980.1985,143891.4541,152198.1254,167146.407,188011.4056,200795.199,214874.2746
"Duncan, OK",OK,55709.59818,57720.45301,60325.96844,62024.41899,64135.26478,66668.53952,70808.46566,75029.79696,81152.51317,79268.47312,75841.20875,74005.11952,75328.84375,75983.15567,80767.11902,84290.82948,84404.30747,78805.83363,81174.85174,83964.23283,85396.99711,89162.90023,107399.0035,116871.9731,124761.1487
"Sedalia, MO",MO,54542.37636,56416.34207,58719.74848,60836.22699,63186.19543,66954.01881,70384.7449,72122.57884,72272.79276,67498.1948,60808.15275,60355.64602,63696.97462,73242.81211,73787.44257,74502.40407,82403.8704,81207.05195,89620.92828,99181.14099,110147.991,123787.0355,139446.534,151110.6115,164867.8693
"Cedartown, GA",GA,59573.10386,63844.28104,67541.4888,70941.91272,73899.75883,,77018.99101,80489.16701,81432.41959,79122.92762,71558.71759,67464.74001,61362.25972,65197.42144,71229.32521,78982.74932,86657.54364,87907.71791,98545.03131,112376.5378,116673.4909,140830.221,169645.1596,196169.6902,205652.6109
"Henderson, NC",NC,71440.57107,75470.50548,79266.12028,81655.73279,84012.18844,,93658.2498,99208.37328,101256.1832,99854.38334,94432.06781,90862.36753,82249.7858,84082.17658,83519.7819,87786.0829,93176.23211,92690.01333,100570.4504,106881.8699,117654.7364,137349.3347,158890.7292,165128.2951,174459.886
"Aberdeen, SD",SD,,,,,,,,,,,122474.3075,124662.3542,125802.6954,137682.5876,139463.3194,137991.7408,138664.027,143241.888,148340.6033,152448.768,162152.6988,175111.4741,191784.3622,203390.0965,206837.7824
"Rock Springs, WY",WY,,,,,,,,,,,,,175656.5749,191981.4705,202954.3185,206845.7878,220300.4919,213571.5095,214348.0336,216204.3395,223310.4788,229842.7835,243368.8652,256397.7373,266130.5255
"Garden City, KS",KS,,,,,,,,,,,115605.3775,116411.3827,117276.4089,121360.9982,123472.957,128796.8238,137202.4045,140870.1757,144715.5494,150837.9216,161089.9293,176229.4515,196489.8498,212097.3205,215308.2364
"Stephenville, TX",TX,,,,,,,,,,,132951.3046,132163.4945,132412.6294,134557.1536,142860.4905,151963.3049,160616.3802,167889.4317,170876.2368,186200.7931,196895.0691,217107.7847,268515.0317,297846.5313,304663.6462
"Celina, OH",OH,,,,,,,,,,,121671.1021,121155.0497,120035.2455,131344.0738,141895.5008,151606.9751,145563.7772,141768.4503,147703.7664,159182.1735,166578.2058,188578.998,206335.6861,222019.7023,236799.2364
"Wilmington, OH",OH,,,,,94848.40569,94376.49722,99465.47443,101114.2586,100222.5134,98269.21595,94377.81765,91561.72648,89109.01999,92034.90967,97860.9991,104917.7363,114661.4697,124208.8671,131598.8711,139291.8275,147527.8469,170948.1674,192137.1454,203736.8844,215316.645
"Bucyrus, OH",OH,,,,,,,,,,,,,76067.72209,74658.70475,73026.89623,73195.04365,75496.92675,75806.39305,78578.84881,83909.57249,94366.00233,107157.7481,120028.5312,131196.6411,134672.6942
"Alma, MI",MI,,,,,,,,,,,,88702.22324,85115.0525,93326.16802,97847.35339,98042.32326,102142.0715,109216.1039,114987.5884,115114.8885,122861.5619,137978.8923,158916.5528,159264.0528,154394.2485
"El Campo, TX",TX,,,,,,,,,,,112044.0664,108991.6538,107553.8713,107622.5108,112941.4778,123102.34,136791.1412,144846.6808,146992.2657,155283.5583,171504.6628,182580.8324,197487.5489,204568.9065,197460.8193
"Mountain Home, AR",AR,90618.7749,94712.96335,97668.54753,100547.3652,104810.1864,110707.6205,124959.3334,140568.1445,142361.8944,141944.6366,136870.2282,134771.3135,134754.8518,127996.1933,129797.6006,133233.8346,137571.456,140418.5394,143747.9164,149151.4088,157625.4034,168031.2739,202138.3713,207840.4588,217310.3947
"Gainesville, TX",TX,,,,,,,,,,,122560.6065,120505.991,119897.8383,122412.2631,129186.9751,137503.0361,154086.616,159805.0992,179772.0466,194099.9763,207848.2362,230990.1556,273652.9954,290257.0893,290731.9769
"Tifton, GA",GA,97940.95449,103817.0409,107968.0817,112051.5443,115539.8066,122505.6338,127775.4954,133205.6879,134909.5695,130473.5423,120604.8581,114817.9043,108801.821,109827.8921,113200.9638,113309.1853,116922.8755,118672.4081,120836.0277,128246.4351,136169.869,147909.0716,164656.5599,175976.494,182588.7525
"Blytheville, AR",AR,42462.32763,43696.64616,45895.14148,47901.78913,49243.47594,51387.24088,54579.91737,56183.94377,56980.47365,57635.06826,57241.01449,55608.21354,53736.51416,62346.92539,59891.766,56282.45692,54459.29475,57913.22212,61685.61372,71900.9697,68747.01241,110054.0522,105876.2272,87978.55467,88655.69988
"McMinnville, TN",TN,80910.92398,82683.7267,85529.02466,87795.91725,87500.5051,89937.2943,92141.55975,96469.69569,99504.49966,98175.18491,93424.68897,92830.05819,91341.76323,92148.4662,93735.25967,96933.50134,103558.2321,112828.1545,120603.5788,130278.0067,150261.8179,165581.2874,205939.9337,214620.2401,233204.1496
"Astoria, OR",OR,,,,,180275.5706,204398.9764,248739.9494,279829.2935,285286.6845,266979.0296,241975.815,228536.1123,219357.357,218795.8307,227148.4983,233198.3357,260301.5682,281285.1554,304824.0668,325243.9405,346255.3158,392252.9909,473622.1232,512179.9621,516792.4602
"Bradford, PA",PA,,,,,,,,,,,78599.62226,77639.0253,76602.01399,81236.73497,82553.3045,84918.31246,88564.89093,89726.34784,90498.24991,87788.74633,89191.58506,99199.53579,105948.1848,104478.1385,106015.3563
"Espa-¦ola, NM",NM,,,,,,,,,,,,,192912.4718,197284.6779,186917.325,192368.1306,194060.6309,207097.2977,203959.3791,218313.5756,229181.6277,264545.4357,294350.0888,291234.9595,304881.5629
"McComb, MS",MS,,,,,,,,,,,91664.27773,90567.86876,87736.89892,87025.28094,83545.34207,84157.94588,85810.59589,87236.21568,90272.85824,94550.67909,95107.19177,98798.14911,109379.0502,103367.126,93839.99057
"Big Stone Gap, VA",VA,,,,,,,,,,,92150.99148,91386.30158,91128.49884,92221.52969,85520.27619,84420.71246,79984.87797,79412.69568,82893.77595,84749.12945,80239.80866,93640.60089,104944.2808,111383.688,115690.5447
"Marshalltown, IA",IA,,,,,,,,,,,91776.03829,90572.93116,88836.50788,88188.99584,89738.2097,84875.45587,91950.92584,94857.31753,99265.34944,110033.3717,117392.6739,124449.8535,138369.2226,146438.5228,150374.2461
"Big Rapids, MI",MI,,,,,,,,,107833.049,100503.29,91952.39101,90080.10613,87651.11057,91197.15983,98408.61819,103582.065,108514.2255,121103.6371,125663.6033,132762.4482,141310.1742,157627.635,181665.0318,189478.6172,193913.514
"Austin, MN",MN,69446.47994,75036.03321,81142.64625,86072.55834,92215.75602,98917.31146,103039.4858,102656.0106,98905.49999,94330.53544,87232.65358,84794.62711,82098.35661,89362.85307,91802.17719,90852.91982,96428.27687,101731.3238,108699.4236,118954.0312,125144.8253,141437.5132,161226.7077,170914.0251,179547.1334
"Selinsgrove, PA",PA,,,,,,,,,,,,228777.996,226596.4484,232417.6906,252060.6825,172021.2077,169941.9721,167999.0025,172574.1646,167779.9792,181847.5689,195174.8303,209873.7856,215776.5848,203638.3295
"West Plains, MO",MO,,,,,,,,,,,88413.41551,88160.81847,,95843.79973,96223.0523,97242.76839,104681.2504,111436.8123,110393.5679,114774.4112,121078.1501,138461.4843,165772.8503,183951.8344,192911.6266
"Okeechobee, FL",FL,75497.97208,81250.08337,88294.20329,95515.68311,105437.0458,116215.1368,146125.0072,153390.2046,137532.5842,112569.0133,97462.08685,90565.95923,86717.90387,87305.0201,90896.56481,98346.67638,111357.0404,120875.6622,134139.8684,151187.2886,163389.9086,179635.3267,219682.7716,252583.9866,270830.8513
"Houghton, MI",MI,89591.53489,94036.4082,102368.0996,106234.4927,106488.1951,111625.8412,113934.6219,114062.7712,113847.2437,108626.3339,108066.9967,98778.91342,105042.7869,107473.9055,109770.0955,107054.5756,109446.0642,110422.2693,120094.7808,121735.3396,121970.854,127143.1918,145130.6617,154466.66,156461.5901
"Moscow, ID",ID,,,,,,,,,,,239644.1054,220284.7119,215770.0996,229915.1781,229413.3153,231224.3767,242790.8123,242209.291,253302.3358,273657.8307,301238.1867,334993.4657,412654.3974,429449.7503,435051.7001
"Clewiston, FL",FL,50544.02655,54051.47663,59429.93298,65215.51547,72369.49149,87247.9096,109838.6461,116261.9411,104982.7433,85457.82591,74787.28829,69315.96658,64737.76158,68308.76363,77673.3143,84297.65456,97800.22395,111113.7115,124707.1899,138962.6204,150019.7632,171240.9853,209745.912,244215.6395,274477.4171
"Riverton, WY",WY,,,,,,,,,,,198660.9064,200464.4606,186675.3479,194833.309,191698.0003,197644.1283,203319.3097,200391.4622,194083.3164,197402.462,206702.1862,221814.1321,261660.1967,290829.49,303159.9639
"El Dorado, AR",AR,,,,,82217.66044,86986.3615,92652.65463,95930.1878,96949.45723,96376.26179,89424.06486,87744.77516,85646.05329,89511.81037,91749.74718,93691.25407,95572.98934,98192.62466,102335.8179,104222.7131,112289.7112,122092.8782,134933.7371,123053.5753,124507.3859
"Selma, AL",AL,47029.22593,48918.75371,51202.05198,52727.2488,54269.69799,56211.65159,60367.79072,67752.12567,69374.97348,71572.56542,69242.92254,66527.01854,60403.43112,61017.2854,71058.33114,75371.6369,79339.74688,75942.47025,75146.40194,71671.92638,73253.66885,77897.47087,81033.11271,79895.42721,73691.33504
"Pittsburg, KS",KS,,,,,,,,,,,74490.74481,73810.80068,73603.36492,72844.80766,73600.83476,73832.26923,75975.64779,76352.91787,72608.97561,75585.63063,78608.06907,89208.35003,99312.48151,110555.4964,115054.5198
"Hannibal, MO",MO,,,,,,,,,,,97658.06546,96574.46503,94204.98234,99355.8479,101761.8668,107070.2188,114966.6725,114688.0963,113763.6733,121359.4693,124056.6991,137197.6587,159024.4702,168162.8187,176235.813
"Warren, PA",PA,,,,,,,,,,,,,,,,,,90081.25037,82737.12212,87165.09102,96837.68826,107369.3387,118722.7492,126292.777,137336.3831
"Alexandria, MN",MN,,,,,182010.3107,198840.4804,199762.685,203144.9118,197304.795,188762.8618,175125.068,167713.0893,160962.7437,166401.8633,172947.1912,179377.323,194020.2893,202367.6963,211925.8375,221927.5635,233448.648,255828.8635,287176.5563,300418.1908,316492.2642
"Urbana, OH",OH,97922.85401,103488.1405,107685.7827,110955.2329,114769.4944,119246.3195,122343.7116,122166.0764,120580.1452,117962.9032,113717.9663,111514.3007,109150.3647,113306.8898,118410.6723,120467.0793,125045.3429,127967.6477,135693.2731,146350.5833,155672.4603,174498.4364,189377.7529,209943.9563,220049.6895
"Greenwood, MS",MS,,,,,,,,,,,,,,61822.78339,56526.35878,61881.81121,68467.63235,71969.78005,72222.11146,76388.45187,84665.39456,97590.43434,112145.4488,108809.8383,92084.48424
"Cambridge, OH",OH,82998.56325,87572.08584,92304.04548,95422.5429,99835.35251,103457.3285,86136.09581,86923.75253,86835.00232,86064.51344,83284.40671,81770.48799,82995.84547,88525.55336,91420.04486,99265.08024,109739.9003,107435.901,106108.5945,106114.108,117069.9427,133346.6486,150417.9555,152321.8166,159355.9748
"Williston, ND",ND,,,,,,,,,,,178194.3268,194940.2238,203283.4569,252430.4451,281841.206,311301.9476,318645.5977,276620.497,262475.2387,263836.4214,293740.6685,301546.2186,310047.1529,315273.9971,305211.4515
"Defiance, OH",OH,82840.90519,87014.60729,90306.03675,92328.86173,95010.33798,98880.4214,99515.08854,98133.26019,96105.5432,93721.1683,89531.32027,88106.88632,87743.4674,91831.59946,98025.94975,99617.65248,103082.3438,107841.3095,111489.2269,118309.4488,122743.2782,136924.0395,148308.9015,155449.4814,164282.6292
"Sikeston, MO",MO,,,,,,,,,,,,,,,,,,109326.3307,115140.5675,120910.9578,119848.5106,130104.838,138546.9784,141593.2006,137664.0154
"Safford, AZ",AZ,98197.61256,102374.0405,108014.2938,111704.3153,118035.3759,138511.4348,178130.2326,185234.3665,173445.8721,148092.3443,124995.0384,112126.9159,107801.2998,130591.0615,146801.7055,154481.5012,159425.1376,162811.2175,166173.385,175198.6512,196936.8669,217753.746,249703.6208,260612.451,265556.0077
"Jacksonville, IL",IL,,,,,,,103608.7748,105894.6668,104303.2847,99868.77224,94220.70876,90911.28754,90089.09081,87441.2595,91552.13582,95636.3674,97903.31635,98267.85085,98099.13052,94822.1435,102833.4629,103391.6003,104224.2909,104736.7428,112237.0864
"Ada, OK",OK,66119.76185,69367.42952,71938.50735,74268.43176,76650.53762,79815.85418,83720.74338,87841.78902,94329.86325,100733.2857,104692.0406,103724.8905,100557.6816,100162.7951,98490.1133,103029.5757,105288.7729,102840.0915,109598.4994,113535.2104,118787.0235,131223.5895,152920.1882,169254.2602,168262.4957
"Brownwood, TX",TX,,,,,,,,,,,112652.2042,111519.7723,111412.4012,109462.8122,109873.242,114404.0741,117517.3049,116548.8344,119583.6411,128115.0461,136643.9837,150402.7148,176650.0584,181061.5563,179454.1655
"Crawfordsville, IN",IN,,,,,,,,,,,98284.05823,96871.16705,96317.67521,96029.60923,96905.11364,103161.7433,108920.9466,113623.7132,119959.0456,126393.604,137303.8042,150768.7891,174779.7076,187616.8491,192945.9543
"Logansport, IN",IN,,,,,,,,,,,,,70194.52253,70083.65922,71220.41347,71543.52038,74652.60483,79716.76299,82324.40053,91388.81435,95720.99287,111490.7027,124062.8075,134094.2885,143056.0644
"Scottsbluff, NE",NE,,,,,,,,,,,107640.3566,103215.6389,104979.3927,105430.6616,106808.5119,111120.2037,115299.3543,116972.3598,121103.1509,123684.7996,129959.6337,138857.3588,151113.9247,163416.9522,172238.0215
"Natchitoches, LA",LA,,,,,,,,,,,,,,,,159026.1307,166047.9769,154300.9969,156333.6754,163733.5601,167830.4009,177156.8494,182071.8612,178476.9584,162813.6087
"Newberry, SC",SC,,,,,,,,,,,139636.949,136726.9738,135389.7675,135324.9331,130672.7129,134921.3578,143479.4775,146954.6303,148578.0429,149742.7771,169338.6777,198798.0057,224897.4985,226848.4082,222482.9239
"Lock Haven, PA",PA,,,,,,,,,,,123803.8458,116990.3636,115526.2133,115047.7041,120853.1692,120963.9614,125821.9965,128048.3613,131960.052,135782.4685,140288.2547,150807.6963,165407.5391,172532.1333,174548.9038
"Centralia, IL",IL,,,,,,,,,,,,,,,,,,76695.01461,77908.09407,71848.54639,74983.98627,83315.95153,90810.45387,96732.11551,100122.0673
"Easton, MD",MD,188042.4488,200619.601,220226.2992,237689.7669,283270.1425,327588.1925,386706.4426,,393843.5042,359781.223,332310.9674,315504.895,292694.509,284532.07,293978.0358,298378.4707,308174.502,311291.47,318974.5673,325814.7501,335643.8086,367039.0384,417932.9963,436203.7563,459249.0764
"Owatonna, MN",MN,,,,,,,,,,144979.6679,135022.5512,131907.2698,127769.5699,132200.8448,138618.3267,143390.0126,150081.466,160844.3545,169663.8851,179785.4013,189505.2289,209899.0858,242076.7308,252134.7702,264005.6904
"Mount Vernon, IL",IL,,,,,,,,,,,96912.31765,98899.14308,95697.58745,112103.6247,147274.0542,157445.9398,159919.6172,111063.8004,98703.69803,90760.88881,101328.4867,100678.3567,105326.426,112916.285,113475.0351
"Laramie, WY",WY,,,,,,,,,,,197847.1628,195257.7831,196038.2587,211796.6709,212307.1737,217938.6697,226273.7282,236525.493,237116.7383,243656.8883,259632.7109,280690.6863,316552.7124,342959.5827,347389.5807
"Murray, KY",KY,41368.45133,42835.97254,43870.32197,44982.66889,47038.45292,49360.02674,52181.61167,54345.90389,55903.73853,55955.69356,55623.55393,56043.63931,57503.07204,59919.14626,61697.28833,61465.49335,63081.90892,67687.14906,76712.11761,89190.62902,94908.94779,123409.6475,138791.3677,160618.3654,144347.3051
"Fremont, NE",NE,,,,,,,,,,97466.87883,96773.01717,95697.94112,95983.90873,96709.67558,101826.1667,108260.4137,114117.2361,120205.5805,133426.5596,147262.1634,151578.5892,166619.6354,189170.0542,205817.4625,216310.3567
"Bennington, VT",VT,118006.6482,125763.6358,135239.5437,145564.6437,161467.2507,185972.2567,208031.7795,219362.8199,222391.325,216724.257,211860.183,212887.7856,208551.2171,216072.2836,219153.597,222389.7693,222601.3492,222642.8739,235303.3791,240442.3231,247659.055,269342.7604,324079.0488,353143.2901,365196.283
"Sault Ste. Marie, MI",MI,,,,,,,,,,,107915.7735,105772.8063,105932.4965,111480.7505,115592.0631,113625.3074,110860.7289,100276.6285,95742.42174,113123.7136,123908.4932,137279.1436,149133.8566,157659.0816,157482.0419
"Campbellsville, KY",KY,,,,,,,,,,,87615.30874,87227.58543,85593.37473,86622.28451,90080.56871,93767.29441,97012.88614,104291.0035,108048.6529,110191.4322,112679.5095,126438.2162,149238.5446,164232.469,169381.8845
"Dyersburg, TN",TN,89076.32324,92086.97545,94151.17509,95488.85923,88359.79831,89459.45441,96634.30135,101384.3495,102159.7465,98896.29852,93586.65681,91415.69116,89327.526,90150.16003,91638.13498,93863.48974,100634.6454,103658.8479,103469.9261,112392.4918,120212.5753,125673.6026,142667.4299,144145.7505,152750.0115
"Escanaba, MI",MI,,,,,,,,,,,,,93613.48394,100550.7136,102802.676,97029.31833,103308.3179,100678.5372,106507.8473,107327.3075,114146.3757,126355.1892,139821.2342,147316.5328,155722.3075
"Mayfield, KY",KY,,,,,62526.00162,63497.30682,66041.63073,67419.02686,68119.33025,69040.40346,67909.34633,67876.63808,66857.64811,67588.7208,68424.35571,70611.08402,74705.1327,75612.66903,81165.00435,88528.11214,94278.84512,110708.3613,121106.9121,140421.8807,142102.0796
"Kill Devil Hills, NC",NC,,225843.673,239852.4494,258972.3477,278713.128,307744.6418,354396.8648,369793.3323,364254.5754,344006.2577,317572.3132,299751.9567,284935.6961,300442.8555,315206.5484,307430.775,319856.551,328407.1085,338666.3673,356603.726,361243.5628,402705.8814,508741.68,575765.3457,595029.1755
"Sulphur Springs, TX",TX,,,,,,,,,,,,,,,,,,159628.0154,166470.2578,168789.09,185335.0032,216056.8177,252375.1709,267617.4243,257920.6107
"Hutchinson, MN",MN,,,,,,138172.8145,147348.6426,147299.7075,143062.8604,134679.508,123478.9546,118737.5208,112892.5302,120321.1193,132862.4132,142601.3949,153289.9661,163249.5614,173630.6128,180166.1313,191589.1776,208855.5023,242333.3418,253129.4222,265547.5972
"Coshocton, OH",OH,,,,,,,,,,,80133.55184,78118.10778,76856.21205,81730.43219,83922.50919,86111.81455,91841.82968,95553.91582,96129.92412,102978.4165,111671.4666,126037.7041,139071.191,150506.9127,157392.0215
"Huntington, IN",IN,,,,,,,,,,,91110.51093,89400.17056,88078.11592,91257.06572,93246.85931,97300.06915,101983.625,106841.4953,110160.2793,117708.0973,124940.8741,137453.7279,154976.3751,167492.6424,179473.1863
"DeRidder, LA",LA,,,,,,,,,,,,,,133110.2834,152023.2722,155748.5575,169205.2732,169249.3415,161498.4491,168388.2837,194436.971,187365.9355,171339.5582,167488.48,154944.5881
"Vincennes, IN",IN,,,,,,,,,,,,,74924.61942,77022.30006,77637.02868,79540.3568,82634.78639,85247.7489,83507.21191,86777.34893,94697.22284,104542.066,117626.4635,125186.8181,134443.0539
"Bay City, TX",TX,,,,,,,,,,,126396.1,125427.7248,125976.4296,127230.1227,132615.1913,134965.5529,148143.8398,154926.9328,160830.1673,170537.3158,166884.5779,179501.5805,196735.7433,202279.1402,196571.4253
"North Platte, NE",NE,,,,,,,,116751.6979,118953.9802,119826.1927,117809.1409,110202.884,111548.591,115166.6946,118617.3724,120680.511,128203.7246,135279.9626,138826.6198,141703.1436,148185.9599,154584.137,168334.5946,183287.5058,188099.3379
"Peru, IN",IN,,,,,,,,,,,66062.0619,64677.50285,64003.56926,63955.22765,65546.85845,70271.07035,76508.19652,78525.10997,83275.59983,91120.51269,97202.30972,109561.5019,124735.857,129479.6237,134862.9339
"Pontiac, IL",IL,70829.02505,73434.24234,77230.1985,81414.19419,86234.88483,93286.36889,99950.86915,102682.6119,101402.3477,93714.79231,95958.15091,97903.37256,96248.25766,97595.00193,94686.29956,90275.43285,93338.18395,91704.83,92296.80589,95315.08573,104294.3036,109388.3699,119437.4249,127044.3931,135227.8486
"Lebanon, MO",MO,,,,,,,,,,,112580.7433,110485.7555,108205.1381,105286.9644,106948.4841,115485.9465,118517.4035,122775.8405,125419.7366,131738.478,141685.4867,157387.4696,181546.7142,199775.4956,209270.099
"Newport, TN",TN,66155.48138,70820.42834,72366.94735,73939.59759,76874.42482,81503.55231,89852.84151,97276.03473,100999.6848,102575.5219,99297.6461,97892.59336,96647.48175,104416.103,107475.2458,107499.7499,117410.324,124205.1871,134646.7109,134962.1896,156523.4144,167941.4262,200354.7887,199929.4124,211610.3961
"Decatur, IN",IN,,,,,,,,,,,112208.5888,110693.3219,109693.5231,108452.1006,109106.8788,113145.0151,116826.0336,123023.7694,129459.39,136503.4012,145734.1115,157347.7796,176153.2321,192360.5432,207552.1621
"Vidalia, GA",GA,72483.96028,76485.75472,78926.39084,81008.09564,84782.86602,95145.07912,94797.71713,100085.0881,102466.9809,98782.0045,92059.77388,85232.17516,80710.04017,83449.83011,85216.72174,86272.30338,92039.70204,92029.41295,102264.1004,105330.8199,113825.2412,124890.3365,146497.4759,146911.7668,159626.3346
"Brenham, TX",TX,,,,,,,,,,,181170.8325,180734.176,179993.6073,182075.6085,189298.3882,198297.4324,218432.7588,227051.0126,237457.079,247885.2234,264931.9279,287232.3168,336967.356,355086.5518,352035.771
"Vernal, UT",UT,,,,,,,,,,,176278.3039,171008.0734,167442.7101,191139.7812,204838.4896,210993.0179,214930.5625,183797.0813,174204.4146,185069.995,215551.0355,226803.9486,264060.8337,296594.2346,324490.0937
"Ottumwa, IA",IA,,,,,,,,,,,65777.95902,66235.60648,67411.32621,69888.11431,72971.79543,75207.85486,88021.39134,83722.69168,77698.48211,81590.58274,83650.87441,90433.81338,99111.31564,108946.9703,115858.4151
"Butte, MT",MT,,,,,,,,,,,,,99851.46444,103406.086,104550.8021,105056.6391,115256.6655,120447.1111,130254.4668,140369.2837,150316.7307,169482.7603,218121.3319,244273.512,259825.529
"Corinth, MS",MS,,,,,,,,,,,,,109788.4779,108301.1468,102185.2133,107245.6767,111238.254,119377.9576,119343.0901,121862.4098,126981.7398,133355.0516,161652.9655,154099.0106,150919.6512
"Brookhaven, MS",MS,,,,,,,,,,,,,,,103439.3047,109476.8069,121262.1982,132084.9331,144688.3143,141235.4517,151826.4932,163705.69,179197.3163,169220.6098,164282.2651
"Emporia, KS",KS,,,,,,,,,,,,86862.65581,86448.77448,84846.54961,87578.73518,90233.79213,91967.66511,95323.51519,97150.46596,103617.5376,112830.3791,126117.2621,141133.1846,149435.2497,154901.9697
"Jackson, WY",WY,,,,,,,,,,,569060.3029,498735.1266,486613.3002,507551.4694,551655.5584,600576.1532,690619.5869,720592.8223,778546.5251,833056.6282,858890.4468,971022.1357,1326211.7,1452531.093,1568812.427
"Big Spring, TX",TX,,,,,,,,,,,,,90536.30337,99219.62065,116359.7752,133918.41,145030.4267,127719.0945,125232.6648,144154.9612,156346.5768,166084.9806,163139.5198,150868.3143,149276.7633
"Effingham, IL",IL,,,,,,,,,,,127233.8386,124289.6022,122786.2988,125839.7385,128976.2429,130672.0892,137706.0971,138886.6509,146783.7206,151960.2839,159109.1993,169817.5634,190144.482,200708.7401,202466.2681
"Dodge City, KS",KS,,,,,,,,,,,,,,,,,,103983.0552,109896.1139,115015.6744,119220.6405,132325.5251,148504.231,166083.9349,187138.8756
"Watertown, SD",SD,,,,,,,,,,,,,,,,,200937.688,211794.8359,216421.3672,221776.7765,232101.9236,250211.3061,290500.3369,316422.3895,318170.2993
"Angola, IN",IN,,,,,,,,,,145538.0308,140225.9873,138552.314,135710.7013,142497.5797,144906.6101,150681.8809,157669.509,164506.3213,175151.1841,183851.8,193680.2858,217156.9865,258295.0161,268321.2253,281640.031
"Dixon, IL",IL,,,,,,,,135594.3309,135355.2587,126422.0075,119286.6307,115983.57,106872.7335,108288.5381,79747.05742,67003.32554,73218.74298,90316.88134,113867.6844,116139.3741,118649.6051,130613.3491,140548.405,143005.0241,152305.5101
"Laurinburg, NC",NC,57625.26454,61396.07263,63236.34666,65013.43034,66318.05791,68756.29595,73624.1889,78479.00321,80559.82628,80165.67923,76431.06331,74438.14006,72639.45869,71151.2643,71273.12378,70351.41297,73205.82637,74433.46305,75749.67104,75560.12433,77843.08245,90801.72252,103522.503,125670.8441,132132.8166
"Taos, NM",NM,,,,,,,,,,,,,276899.724,280223.581,303006.2753,291765.3293,326313.2256,337829.0739,342225.035,360878.2247,374469.2599,425292.6285,481397.4709,498683.8665,471072.08
"Brookings, SD",SD,,,,,,,,,,,,,158990.4707,163569.1167,166348.5274,170094.9894,180639.4555,186599.7287,194816.5316,200445.2062,208401.1312,227901.8127,252948.2867,271982.7806,279351.9024
"Americus, GA",GA,84951.30423,88950.3909,93782.29212,97600.55922,100934.868,,96958.27614,101108.2338,102336.6297,98476.5906,91399.52852,83167.74426,78421.92916,80696.47595,77971.2849,77177.10315,79436.40791,74425.01861,74790.65579,80067.495,81673.28835,95443.97965,109558.9885,116402.71,123986.2374
"Columbus, NE",NE,75555.89176,78907.95238,81790.70921,83812.32517,86708.05338,90651.32678,92802.18417,94305.07344,95210.79815,101218.754,105460.8925,115781.4455,119235.5724,124974.6055,133777.69,137973.1021,145209.7523,151457.2423,168098.5164,175399.4506,186877.4128,204868.2122,230326.9217,242673.1439,254120.8628
"Taylorville, IL",IL,,,,,,,,,,79968.6742,76121.78908,77356.79579,76003.45683,76046.06073,76562.5209,76485.87044,78860.59551,77570.78038,81430.54774,81259.74503,85105.95671,89959.53456,91842.08824,95473.20923,101386.7927
"Arcadia, FL",FL,61223.89719,65251.64826,71029.47033,77950.70138,86698.88694,105641.0418,133920.1736,143309.2249,129431.5103,104897.0388,91304.95385,84375.66567,79528.67775,78964.81717,84647.78314,92120.79904,104733.4948,120756.1428,134295.7177,146785.5365,157473.3844,176911.5861,219062.8707,257649.2602,257282.8822
"Lewisburg, TN",TN,86809.49192,89876.38629,92778.10976,95070.10436,98117.60702,102588.2241,102148.9137,106590.2467,112743.0816,110943.6694,105790.2846,104160.1929,102151.7453,101911.0281,107110.9207,115597.634,131563.3332,146773.7618,168534.2941,187506.8393,206901.2974,230595.3774,285676.1095,301145.3058,305678.4838
"Seneca Falls, NY",NY,72964.59356,78004.47801,83458.03917,90417.37449,98258.40842,110750.5633,120527.2442,121288.9533,118488.7132,110985.3533,104522.0068,104029.0076,101462.5096,103030.5677,105936.0163,108129.5079,109275.2229,116350.2051,119668.939,122799.9817,127821.3344,143560.9358,163653.0151,175582.6379,186439.0699
"Dickinson, ND",ND,,,,,,,,,,,171106.534,181233.9636,193445.9289,231617.2303,253536.413,273695.8566,285474.8828,263338.5045,260088.7007,247985.92,258013.5265,260842.6118,268465.8188,277113.7562,280595.3745
"Washington, IN",IN,,,,,,,,,,,,,106042.4792,109578.1386,111556.0746,111788.8562,115786.0694,121887.4392,129893.3265,134568.9421,145919.1949,163042.4011,182408.4929,195046.0859,204909.7269
"Troy, AL",AL,,,,,,,,,,,,,,,,,,126269.7244,127331.7957,124374.809,134007.3657,137559.8209,155035.1542,159665.5305,159189.8955
"Malvern, AR",AR,61505.60034,64569.6987,67032.16545,69859.75198,75420.81657,82576.7913,91521.47847,97253.75184,98242.03904,94827.15366,95144.30365,95734.54542,96650.04375,97932.99965,93355.43925,97545.14423,105758.985,113524.0851,114792.9918,114471.6852,117896.8834,133361.4062,146788.1245,150272.7525,156018.6315
"Frankfort, IN",IN,,80986.47679,83892.19098,85751.96737,87535.44582,90327.22776,92834.40076,94276.46416,95069.52952,93963.83837,90812.1655,89788.81006,88180.2619,88162.20862,87284.40573,92714.23821,97379.37769,100760.7004,103424.3578,112725.0073,122590.7344,140115.9986,160153.9215,175323.8904,185361.3138
"Madison, IN",IN,,,,,,,,,,,,,85599.48405,90473.65535,92246.84404,99594.82758,108213.2403,114763.1677,124849.4377,130474.338,140165.2618,153497.7342,173128.9713,189379.4839,201186.9986
"Brevard, NC",NC,,,,,,,,,,,206135.3342,199054.4053,184573.3605,184858.6978,188233.635,191461.9258,201663.392,212742.8992,232308.499,245698.8252,256941.4691,300713.458,357158.9177,407401.6693,435863.554
"Susanville, CA",CA,,,,,,,,186199.5696,163254.8075,130148.007,120369.3097,117520.5322,117826.1229,120892.4773,124783.3503,124083.0973,135948.9786,150275.5542,166273.231,172009.4886,185441.0681,205337.8797,222690.5831,226155.0417,223329.4262
"Martin, TN",TN,76743.78354,78926.48246,81553.70869,82680.65383,85091.52093,83388.82242,88794.15347,89745.73983,92050.88403,91500.07222,87591.7534,86398.54325,85604.15525,85053.25229,89377.01769,89673.75225,93294.07114,95661.90989,99553.02263,100045.0153,108838.5197,117160.3416,140560.8839,152169.9778,158825.5108
"Plainview, TX",TX,,,,,,,,,,,85270.42941,83864.83431,83483.07022,82687.98221,83703.69822,82747.6588,86426.69673,86365.83866,88728.71126,91796.55677,98908.32545,107368.0154,116142.6572,119736.7935,112933.4225
"Dayton, TN",TN,72107.35737,75251.51872,77868.18196,80600.19038,84060.84874,89031.67553,96839.05534,104316.7149,107605.5155,108852.0269,105778.366,106106.4608,104578.6397,106434.6333,104450.811,111108.8155,123432.4016,128570.6049,137690.1738,142711.2601,164421.3912,175832.3468,215190.9024,222044.2138,233434.5093
"Jackson, OH",OH,59345.95985,62040.658,64833.61135,66690.22107,69081.35112,71178.4913,72963.82322,73048.08689,72620.37523,70392.6346,67464.61327,66644.36618,65506.81864,66921.5207,69952.97349,72930.23703,74877.77696,79529.76832,81814.8649,87122.56281,90645.53815,107567.7941,115379.7303,119859.9096,124537.1667
"Cambridge, MD",MD,73518.8772,77536.57272,83699.25953,92709.03591,105246.5863,128713.2264,142962.5779,169719.4836,169098.1989,151094.1187,138793.9854,134241.52,130754.4068,131477.5032,135230.3641,141521.5443,148460.0888,147655.9966,156503.6969,168373.2612,176151.2026,199593.4013,225316.8436,235463.5433,247810.3371
"Paris, TN",TN,80824.9002,84134.04992,86566.74354,88110.45703,89767.62559,89619.28596,94713.76777,97360.48977,101874.1537,101518.2556,96774.57772,95395.10918,93682.29056,96138.87218,98808.37274,101272.1429,104991.8257,112251.9157,114085.5779,118672.7494,127786.8481,138221.9711,167322.7175,177700.0136,186212.0751
"Juneau, AK",AK,,,,,,,315025.5903,334375.2535,324938.5222,328506.1907,322817.4103,325158.3514,325765.1337,351542.4321,362216.5963,375425.9997,394849.8102,405027.8655,413714.4756,417713.0741,425788.751,442769.6729,480510.3268,495237.7591,499570.3934
"Coffeyville, KS",KS,,,,,,,,,,,,79335.3079,78453.05167,71727.68059,67453.34252,64357.85782,61404.94504,57481.13328,56986.61032,57991.16243,60133.54354,65152.76725,77736.90969,83669.11642,79538.87437
"Las Vegas, NM",NM,,,,,,,,,,,,,152547.3464,151316.6497,149975.4678,142688.0176,149668.8824,147804.1725,152633.8746,163741.3959,169175.6701,184634.1073,210295.1079,204663.9148,204112.8596
"Berlin, NH",NH,66828.36156,72266.13907,78952.63231,86202.16913,93273.30207,106853.4558,118088.4587,119083.7793,118471.9505,112558.1324,104735.0522,104882.3597,103109.4331,105974.2594,105533.1809,101838.241,105658.1164,109736.3496,118654.4719,126701.0965,131120.9451,154934.2435,187113.5291,215781.5467,228723.1109
"Cleveland, MS",MS,,,,,,,,,,,,,,,,,,134005.6329,139321.0158,148740.0375,154566.3896,149138.5771,157668.2343,131379.5504,122483.4811
"Hastings, NE",NE,,,,,86368.42522,90848.94154,92760.51237,94635.88024,96009.59577,97085.03779,96208.91636,95726.5395,97288.63001,99507.32676,104952.5258,108004.3616,113652.1071,119124.5588,124731.3839,131686.1688,140972.4982,156001.1506,168431.5751,177461.0007,186000.0907
"Beeville, TX",TX,,,,,,,,,,,,,104622.1211,102965.8653,114413.4357,127167.8852,128634.1688,128166.4174,134190.2098,143933.6773,158743.4999,165922.8408,180813.2096,174601.7069,153525.0128
"Kingsville, TX",TX,,,,,,,,,,,96775.91147,95562.54672,95045.32642,94320.47229,98490.85416,101345.7266,107376.0891,107564.7594,108953.6332,109785.3778,121196.4903,132093.5742,142351.8063,139757.7592,135906.0419
"Wabash, IN",IN,,,,,,,,,,,86035.52093,85134.65335,84098.98303,86233.56557,87182.38059,91562.20777,95313.11598,97085.10418,104400.7764,110457.5219,116538.3676,130165.6098,143284.0537,153688.6353,162861.8255
"Breckenridge, CO",CO,,,,,461009.3542,482250.3697,564849.6204,599580.9477,642351.391,653410.7614,566991.0582,540412.7142,522405.4868,546609.6939,579151.5887,601390.5845,651313.8282,712959.5713,802223.3583,869240.0648,920192.6554,1026228.358,1332055.71,1375170.125,1340104.03
"Albert Lea, MN",MN,,,,,,,,,,,,,78335.59497,80879.32047,83544.37112,85075.89873,92112.57088,99376.30269,105681.3988,112968.3922,121167.9415,133564.1919,151820.0344,163326.1453,171420.0374
"Sheridan, WY",WY,,,,,,,,,,,,,222855.0394,233124.6931,236489.7097,244362.9563,263368.9076,258324.616,271523.6038,281895.9237,301546.2213,327433.6132,381228.6469,410307.2652,411685.4317
"Union City, TN",TN,76664.57092,80358.51748,82708.56613,84617.82101,,84061.71147,85675.36072,86957.62816,88213.71763,85753.74992,81411.67944,79380.59645,77514.4579,77521.1856,79700.39401,80738.51674,84673.57767,88727.05071,88581.98556,90708.82117,96683.60658,102694.9405,124350.877,131381.8498,135240.2123
"Miami, OK",OK,43741.19374,46028.98447,47937.94471,49701.14771,51326.54288,53447.16594,55893.25918,58875.56103,62811.65641,70641.14685,73468.42089,66586.35768,65747.08688,69963.80716,73422.61561,71272.85996,69542.84981,72962.01274,79833.39064,81603.49947,84625.84613,94341.35098,112575.0263,118054.9981,119100.9033
"Iron Mountain, MI",MI,,,,,,,,,,,,92378.75573,82789.67824,92711.79256,95706.42399,96321.20877,99728.3825,100428.2355,105945.1523,116121.603,121011.5681,135387.3598,139682.7485,146295.7311,157025.7611
"Jesup, GA",GA,82871.84646,87129.94519,90810.37399,94981.79927,97645.54745,102774.913,108400.2027,114656.1849,117623.353,114013.1571,106807.2459,102593.5858,96848.22817,100283.0651,102211.9401,106730.3456,109120.0085,108829.1796,113323.3361,120347.53,132233.7488,147306.0701,171861.1731,175267.2262,185764.8353
"McPherson, KS",KS,,,,,,,,,,,,,,,122772.673,128640.8518,134844.935,136732.6588,140627.6644,147670.0656,153682.3871,165974.0168,179734.9809,189247.0608,194403.3391
"Kirksville, MO",MO,,,,,,,,,,,,,97469.80728,104063.4337,110210.3513,114939.3026,117556.4263,121151.1191,119633.6372,124753.5682,132414.5566,145764.6293,163187.9527,161052.8793,166242.6847
"Ludington, MI",MI,116309.8105,122556.7697,131730.6906,137389.1355,149197.0467,153140.0356,153858.7091,151248.5195,144208.3398,134048.78,123345.7443,113217.8798,119535.3364,124878.1702,134634.3918,138915.14,144746.6909,153193.0998,152637.6823,146995.4301,158361.1823,180395.2172,220688.7904,226484.4048,227542.6597
"Bainbridge, GA",GA,88416.4701,93195.69054,97153.81153,99672.79284,102761.5194,,99304.25292,104233.5167,105731.4178,102635.6088,95802.74399,88448.25187,83960.81129,86781.08128,87864.81501,88457.003,90139.8769,88730.2275,87522.70808,92246.11773,100742.9736,111406.4355,134053.8126,141901.5724,153973.0513
"Alpena, MI",MI,67211.57332,71604.51793,75368.90778,78019.21948,80941.69792,84464.05581,85352.18316,82863.88914,78338.69776,91424.48641,89418.24157,91810.01896,84817.11662,103138.8137,111604.5441,102281.2732,110487.8672,111526.766,114307.4299,116598.7793,115202.736,127081.6291,146491.7373,161252.7717,166467.1847
"Washington Court House, OH",OH,93573.34667,98741.37058,102583.8381,105833.8607,109843.9099,114303.9497,117424.6198,117678.8121,116602.2632,114418.4153,110003.1659,106889.2798,104727.9937,107401.172,109157.8883,112387.5291,117722.2571,125229.4303,134844.5044,141214.1427,152364.1418,174327.871,186552.4584,199799.3846,211273.0824
"Hays, KS",KS,,,,,,,,,,,,,,,,,,162245.0935,160017.2252,161151.4193,169330.1841,179615.1789,197115.1163,208332.1249,212218.1883
"Fort Morgan, CO",CO,,,,,,,,,,,,,125672.5448,128986.2363,135146.681,148644.9762,161840.1175,181308.8709,201353.3287,224764.0955,245313.6377,275896.6891,318036.2767,332811.0037,326577.5696
"Van Wert, OH",OH,72281.41434,76933.07901,79753.18364,81943.743,83815.56856,86454.23496,84264.09243,84872.81168,84753.51652,85995.56186,86062.57935,86301.1715,85717.4397,86557.24983,86957.26118,84840.28418,89052.89868,95882.81911,97096.73232,106283.7971,108218.4819,124526.988,140577.2066,149127.2706,162980.1388
"Kennett, MO",MO,,,,,,,,,,,70882.29429,69535.77145,68268.07836,70534.37058,71742.17612,71359.11567,73430.43964,76803.79571,76896.32687,77573.66023,78671.0765,82924.57706,87959.46623,84949.77535,75011.557
"Weatherford, OK",OK,70202.31898,73140.04071,76874.8884,79673.23499,82278.4606,85053.03443,89534.9274,94345.74428,98102.23373,90548.23071,88996.58452,82266.36755,82735.70876,89470.36209,94698.75578,103206.378,112599.6846,110638.844,111533.07,114287.2797,119518.6391,124180.003,130646.5555,140845.3276,151301.4565
"Mountain Home, ID",ID,,,,,,,,145536.3203,148281.1133,142605.9382,128859.9331,118425.8662,111915.7036,110773.6523,116470.7521,116305.4835,124194.7807,132353.2345,146033.694,167517.9328,194543.2425,243163.3444,317187.716,316321.7057,323340.475
"Mineral Wells, TX",TX,,,,,,,,,,,111828.8472,110187.3932,110127.062,111500.9578,122765.5983,126901.3909,131201.8209,133746.0684,139034.6738,152849.7795,168195.2885,191716.0114,237785.4502,254691.0886,243309.9339
"Lincoln, IL",IL,,,,,,,,,,,,,,,91373.33699,96910.81569,99292.09907,97721.68858,98122.38786,97434.16776,105073.1072,110248.2044,112963.4369,112323.9291,118205.5192
"Silver City, NM",NM,,,,,,,,,,,,,,120256.047,120754.8026,119467.5089,119252.4078,123114.5225,127177.0029,136774.8363,133760.3238,149702.4814,165780.3424,184036.9679,181704.619
"Elkins, WV",WV,,,,,,,,,,,,,,,,,,104008.0946,110596.2528,115186.152,105254.2251,118690.0401,127308.3702,134146.7906,138575.8811
"Macomb, IL",IL,62183.18759,65782.34228,69073.92436,71584.01847,74669.68997,80724.767,85760.50702,88355.42772,87566.51377,83593.05992,79276.2657,77382.25028,75851.91864,83644.10945,81677.76749,82158.64826,83041.83896,80481.06939,75301.06869,72137.68465,79485.00792,83022.0371,84667.3835,90099.35331,90448.96381
"Camden, AR",AR,65981.97537,59031.19583,59437.97212,61424.93739,64049.01273,66791.64769,73906.69549,72671.34099,72845.31128,70711.96429,66921.41813,65866.37162,67779.55372,69761.16459,69641.46167,70448.49294,73759.57432,77072.2362,76234.36473,78231.42283,82920.17603,93162.0675,99345.66429,96568.75368,98280.64501
"Crescent City, CA",CA,,,,,,,,,245400.5597,193431.5615,183275.6828,177974.6005,170941.3146,173408.9375,185258.3176,191893.7133,212501.3627,212953.1098,246491.5618,256667.9997,276980.7017,294959.783,346638.0817,335813.9752,354801.2275
"North Vernon, IN",IN,,,92996.31213,94135.87532,95574.79872,98677.09992,102968.8414,104813.9199,105220.777,104214.702,101275.5252,99818.25567,99449.0268,102331.1258,99996.32052,103114.168,107947.8085,108970.7815,113743.6867,120740.5414,129643.2025,146629.1535,168490.9136,181168.5568,193724.3533
"Thomaston, GA",GA,55415.83926,58507.22042,62508.49552,64361.09152,66473.3583,67628.4238,70392.44486,73303.33963,74270.49353,71463.03599,65925.08302,62466.91794,57721.6101,59310.65574,62629.33955,64008.97146,69149.98879,69678.42507,74099.03777,80703.43595,92054.60061,109887.9682,132095.2285,153262.5093,163441.6561
"Grants, NM",NM,,,,,,,,,,,,,,,,,,82779.67232,83887.21311,93643.69907,97137.74493,108456.6325,128009.3366,131037.763,135836.4016
"Bennettsville, SC",SC,,,,,,,,,,,,,,,82027.75437,90391.66845,87192.24136,93211.06402,95712.6478,107827.6863,99667.76851,113045.8249,127666.8384,129720.9226,106211.6369
"Fredericksburg, TX",TX,,,,,,,,,,,213667.5474,211230.5791,210124.8953,215286.4609,226306.3048,241185.56,260624.1313,287004.423,323858.039,341840.803,335456.0175,377688.8995,474931.9963,497881.7262,486962.9776
"Toccoa, GA",GA,64478.16859,69157.49607,73274.08175,76895.82713,79301.96633,82546.3069,86060.84495,89443.15684,90289.89632,87072.47033,80891.75788,76093.29266,70555.07121,74568.64732,79070.41046,81068.497,83718.99614,87620.10478,95489.43339,110629.6629,119505.9106,142135.9784,171968.6616,190448.1847,205509.7867
"The Dalles, OR",OR,,,,,,,,,,,179293.1434,163581.8384,155635.2517,153736.8235,160306.5296,166209.739,180578.7763,195762.1554,221110.3492,245862.6337,268441.0827,309163.4215,362240.7479,374525.3772,377221.3529
"Greensburg, IN",IN,,,,,,,,,,,,,112448.5916,115724.6756,117122.4547,121540.1209,127326.7703,132602.966,137907.0816,142712.4305,157306.3183,171203.8644,197622.1327,207552.4053,217724.1381
"Indianola, MS",MS,,,,,,,,,,,,,,,,,,77147.91492,77202.31814,79172.75136,80715.49882,92880.6501,102764.2805,92635.85952,83823.12061
"La Grande, OR",OR,,,,,,,,,,,158855.5135,151541.69,147193.0915,149310.3091,155775.379,159006.025,165823.6727,175943.8429,184736.439,195309.5525,205879.7798,231686.8123,277274.9961,289492.4608,300157.2654
"Ottawa, KS",KS,,,,,,,82925.34142,87831.92203,88914.69363,88297.10201,87111.00782,86158.23912,84350.52806,89354.74667,95220.65936,100175.387,111167.2614,119346.4594,126556.7305,135335.9301,143574.2208,166320.8498,189315.1023,204883.6065,215321.448
"New Ulm, MN",MN,,,,,,,,,,,,,119225.5358,122503.0861,129087.3335,129045.7976,135530.7056,140808.259,147074.8384,153385.3188,161362.5241,171199.3096,190160.7159,201283.3934,207219.095
"Lexington, NE",NE,,,,,,,,,,90209.14006,89282.34046,91482.61945,91359.02189,95060.42531,101570.7159,106083.576,116020.2396,120341.7876,125655.0595,132376.0009,138813.6493,151534.0168,168175.9235,180337.0469,186882.71
"Great Bend, KS",KS,,,,,,,,,,,,,,,,,,75515.41763,74318.47634,74543.87834,75560.51315,77711.42536,86769.2143,94136.55,102824.9443
"Spearfish, SD",SD,,,,,,,,,,,,,,204784.3949,216572.737,224118.4118,234701.7421,243581.6232,252852.6183,264591.567,277273.5241,307310.8708,378412.5202,404287.0665,418421.5523
"Wauchula, FL",FL,58470.58367,62676.00068,68334.72214,73443.146,81619.03016,97596.21857,119901.0284,125130.3472,113230.5232,94374.47592,83382.50542,82221.92604,78800.70781,76000.78707,78421.0851,81362.64856,90873.29246,101501.8728,108056.2217,116587.0361,126591.8445,143443.7083,174077.2533,196358.6507,211827.9128
"Marshall, MN",MN,,,,,,,,,,,,138729.5007,141046.3525,141961.3525,146175.6197,147077.5516,154160.7058,157724.2646,157408.6978,160709.4931,159896.3034,169092.4413,189089.3829,198536.9559,198926.9958
"Deming, NM",NM,,,,,,,,,,,,,154342.5626,132144.3471,130024.3507,123560.6963,112812.3714,104034.0784,104604.2883,114227.7733,116661.7867,129213.9919,138561.1104,146975.5435,137516.5418
"Mexico, MO",MO,,,,,,91280.48683,94342.31835,96489.73887,96618.28792,95145.09784,91484.05404,89981.39394,86858.7601,88556.28275,85822.7953,86256.05473,91016.32709,90279.18747,94530.73996,98273.92716,109145.4288,120348.1986,134391.1831,145397.8967,151303.2383
"Fallon, NV",NV,,,,,,,,,,,144681.4509,128790.7936,117109.9406,125368.5919,142760.0605,152003.9053,169399.181,185896.6159,206636.7178,237914.8753,256193.4341,282497.6664,345202.5888,350724.8882,355668.3836
"Altus, OK",OK,54103.86998,55159.51481,56819.31413,57990.71874,59220.66919,61408.38922,63323.24889,65820.51561,68303.8812,71480.33389,69579.78837,68330.91265,69036.00772,72732.02597,73283.88589,70790.69982,71604.36516,73822.75965,73372.97524,75432.33196,79548.78385,81644.24902,96158.22557,99347.16056,103903.422
"Uvalde, TX",TX,,,,,,,,,,,114944.7888,113540.854,115101.0973,113731.21,121512.8838,134060.7391,146691.0233,147406.3731,145661.2118,142080.0852,151892.8476,162501.5993,181826.9963,181434.6568,176614.7787
"Hailey, ID",ID,,,,,,,,,,,406354.1579,362565.4538,347700.2336,351644.5205,401598.1728,430014.1968,464960.8751,477213.0517,524522.5041,552730.9239,582962.61,695703.7121,905576.9764,956735.1146,1010231.008
"Steamboat Springs, CO",CO,258170.7633,282195.7489,302814.9465,315769.8526,324889.5938,342815.1864,,388210.7464,453486.5315,470320.3491,453946.4434,438343.6562,430354.3234,450648.3879,471362.6771,488945.0855,528934.0023,570200.2975,612017.4397,662356.7288,692174.3351,810413.4148,1067299.677,1158121.021,1212785.286
"Summerville, GA",GA,63624.66036,68998.11209,74047.18229,76516.57867,79366.96209,82596.35005,85931.78705,88474.23306,88875.76605,84344.54591,77508.81703,73183.69111,67981.22116,70394.4892,77458.46216,79037.74067,85295.48642,85180.4495,86657.02712,94274.1644,103231.3201,122472.84,146133.5324,156562.4964,159603.8666
"Moberly, MO",MO,,,,,,,,,,,,,82053.5055,84235.35215,84498.67739,85923.5451,87465.41259,90757.27286,95866.86361,100625.606,106975.1964,121073.7883,134197.2936,144010.0847,150841.3604
"Middlesborough, KY",KY,,,,,,,,,,,94844.52755,92561.83429,89621.45777,96902.75062,97502.73945,97934.40506,103448.1154,97732.60076,93643.59127,102826.0647,106120.3092,115203.0529,113172.7688,116666.5028,105213.3563
"Woodward, OK",OK,61190.68385,63388.61809,66203.83892,68878.4657,72162.66739,75972.07331,80043.2949,84898.64025,88624.86109,84094.73349,86914.23739,82199.60021,83275.37719,90895.80166,98174.46968,103464.4748,104542.4508,100547.0572,97906.31846,102532.5036,104304.3174,107679.8649,111094.6316,116582.3782,117120.0567
"Prineville, OR",OR,88706.02358,91552.53511,96523.35758,100764.6317,107267.325,122327.6405,147702.8296,167611.9364,170149.5131,158321.0383,142818.9427,131931.899,125241.9091,133990.0442,164522.0566,179239.6351,203873.2519,233221.4608,263359.178,284730.3503,305578.0307,349355.3763,436867.4233,444425.2543,446784.0925
"Hood River, OR",OR,178856.579,189956.4411,199526.9756,210636.4654,225530.338,258895.6822,315080.7855,354794.6101,359069.8505,335727.6445,306267.1528,293729.1911,284059.8083,291698.7588,315701.8334,332574.832,357821.9472,388220.4153,433846.4124,459439.1289,474207.6558,538126.6083,637071.4457,665954.6495,678039.5899
"Forrest City, AR",AR,50583.24744,51930.70962,53237.97184,54778.70163,56973.94599,60142.1297,64246.21262,66588.80824,67106.18717,65620.269,62935.56626,61425.90768,60500.4395,63490.18637,63885.72811,61478.87677,64812.32305,68775.69268,69481.86867,71251.31363,75616.53706,77696.18339,79995.53778,74297.48813,77248.39181
"Connersville, IN",IN,,,,,,,,,,,,63874.57073,63109.21885,64847.29245,70459.70977,74486.44552,68533.89222,69496.99435,72350.19279,82873.93647,87614.75705,102759.4188,114323.5092,131765.4951,138061.4188
"Mitchell, SD",SD,,,,,,,,,,,,,,,,144229.1701,146238.7077,156802.0483,163908.9487,166216.1427,171395.0552,180810.2113,210316.8982,225723.0394,235425.0924
"Marshall, MO",MO,,,,,,,,,,,,,96855.21942,100588.4689,117678.6829,127114.0237,124742.833,124461.4467,125843.5112,136555.782,134550.4014,150356.949,138427.3501,161557.8325,148549.1145
"Brookings, OR",OR,140996.4117,147048.9078,155942.3006,166049.6462,180596.5612,213369.6712,267594.7588,299407.3386,302577.7716,280061.3786,249084.9885,232492.4366,221964.2621,218998.2433,227134.6629,242995.3757,258614.599,280596.4892,296421.7601,319188.1865,336911.6483,381964.0882,437542.3055,457185.7583,455533.1118
"Yankton, SD",SD,,,,,,,,,,,139890.6374,142153.601,140304.8515,148452.414,155701.2962,166139.5506,177493.6806,179955.7634,185446.6802,192376.5182,196231.1366,208507.4468,235688.5923,252957.0499,243064.2904
"Wahpeton, ND",ND,,,,,,,,,,,84662.20658,87230.9699,94659.91553,108113.7489,116173.3653,119599.9189,135238.5537,142816.3423,146349.3749,152615.0887,160749.1657,172993.0624,189757.0154,198731.4727,195574.9501
"Magnolia, AR",AR,79213.82299,81484.873,81786.82293,82859.72228,85278.93046,89455.39787,95426.94439,99485.94979,100952.1203,99204.16972,96911.72602,94280.8223,93920.88114,103846.0422,102128.5296,102047.5934,111570.6148,112667.6116,119526.8291,118596.0828,121238.9224,132766.4563,143067.0366,136032.2064,129279.7261
"Elk City, OK",OK,92546.67243,93603.44754,97873.42003,100583.135,104238.4924,108672.5754,110918.5748,117579.5549,122663.7101,117597.7541,118699.9381,108319.2727,108564.9271,115860.1143,118596.9541,126648.1682,127048.7048,116513.7356,113359.6157,112575.5957,109035.4881,112865.9154,120389.5487,124568.8787,129468.7718
"Worthington, MN",MN,,,,,,,,,,,,,,,118451.9567,122995.8456,129318.6194,138344.5513,143580.1923,145727.3658,154811.0825,168467.5698,195302.4319,208730.6483,206625.3391
"Liberal, KS",KS,,,,,,,,,,,,,,,,,,103005.5183,102463.8746,100893.206,108207.2895,119309.8107,134798.2846,141249.1343,130905.7995
"Oskaloosa, IA",IA,,,,,,,,,,,82630.30059,83245.39091,82402.08171,85681.89108,97150.80624,98423.92274,105213.4914,107754.4316,112999.8039,116763.8454,123186.6231,134992.6393,149470.0877,162689.936,167266.6652
"Pampa, TX",TX,,,,,,,,,,,75419.71266,75140.94658,76305.30374,79876.10459,83730.34451,86183.46294,90283.97622,83060.27118,78180.96561,78491.51897,85575.00013,87751.62152,96120.95552,91380.20086,98210.27251
"Clarksdale, MS",MS,,,,,,,,,,,,,,,,,,45247.812,46209.83306,47642.09658,49826.79006,62380.65612,73580.25492,62286.10576,49433.62538
"Sterling, CO",CO,91056.08842,97366.51818,101282.4064,102713.6641,103844.9465,107744.2836,111653.3766,113743.5431,113992.2724,113754.3558,110998.7128,107279.5325,106475.0572,108184.0902,112181.3431,119013.4919,128541.7601,138177.3844,149321.2404,161132.3753,172486.9073,192715.3776,220284.2371,237601.4677,236971.0273
"Beatrice, NE",NE,,,,,,,,85527.2914,87077.74225,88458.7978,88424.46283,85867.70746,86829.03244,90398.84191,93225.32354,95166.26409,100268.3162,105132.1224,115791.7026,120319.0575,125039.7506,137427.5665,153044.73,167542.8,172271.7644
"Jamestown, ND",ND,,,,,,,,,,,,,,,,,189139.3263,189254.8831,179817.1066,178904.1816,185515.3695,188412.8214,196005.674,201730.4311,192998.5567
"Levelland, TX",TX,,,,,,,,,,,103423.5189,102980.153,102048.4544,105034.0976,108121.7647,108775.3309,115678.1753,117855.0146,119364.7294,128173.009,136988.4312,143351.6168,154087.1175,152423.4319,153290.4503
"Grenada, MS",MS,,,,,,,,,,,,,,,,,,78507.33225,78145.75677,79435.45584,88316.56998,96244.39107,112295.1314,103508.2948,104859.8135
"Maryville, MO",MO,,,,,,,,,,,,,99659.42192,110027.5213,116897.1625,120453.3485,123022.5885,119919.6307,122634.7761,131668.3468,143186.5679,150789.0842,176440.2331,190603.2605,193403.9015
"Arkadelphia, AR",AR,73919.35659,79009.5484,81070.31797,84091.87915,86864.00532,92175.78311,98807.72297,103315.0458,104067.4935,104231.8805,94503.60118,94185.03448,93257.78194,93495.73322,91502.6766,91497.79163,96367.13487,99845.36714,101115.8573,103728.5354,107418.4791,115971.692,133514.1213,138764.4183,143556.8603
"Dumas, TX",TX,,,,,,,,,,,,,84988.41947,107816.6621,115201.453,116132.6051,114850.062,124501.3189,137184.7702,151460.292,144543.0971,154159.708,164983.4099,167434.9585,161755.8921
"Guymon, OK",OK,,,,,,,,,,,,,,,,,,103264.2766,108023.3798,111346.7139,114776.708,125262.9466,146809.9822,156741.9725,147453.7565
"Borger, TX",TX,,,,,,,,,,,89604.25176,88192.16897,87378.00212,85996.90839,83766.10191,83181.07618,87204.82468,91519.99614,88294.1,92880.65396,94451.1191,100147.4499,110983.2803,107028.2681,102949.0299
"Pierre, SD",SD,,,,,,,,,,,149636.1124,151002.0915,152072.2396,157181.8882,168426.179,170678.4517,176017.4251,181905.9406,187011.43,192780.3937,198085.6063,214682.579,242477.3123,261855.4976,259063.6948
"Huron, SD",SD,,,,,,,,,,,,,,,,,,151218.2175,155802.5031,156157.3554,159821.7122,172073.207,203060.3326,210689.7176,187935.401
"Storm Lake, IA",IA,67796.94985,70800.5654,74092.35435,75820.51848,78472.13526,,84209.58299,86337.12268,88615.81132,88298.53633,88050.56104,89634.4845,89498.50703,91954.39215,97724.65108,101598.4399,103576.489,108010.918,111578.5305,118399.3046,127432.0616,137131.4242,151479.6796,165701.1484,174519.5406
"Cordele, GA",GA,64690.5458,67612.75867,69636.3754,72557.43922,75156.92336,78442.41836,83230.75451,87152.40724,89005.25478,86666.01419,80147.67784,76391.88486,72100.0499,71546.68646,73628.28566,72931.24876,77408.85794,76847.97523,78760.60592,82181.82896,85878.8246,96927.68002,109784.5978,120880.0232,124933.2467
"Evanston, WY",WY,,,,,,,,,,,160513.0771,160577.3702,163687.6742,175070.9921,177685.6243,177709.8631,181582.8021,185771.9388,188152.8276,192801.1464,201340.875,222397.0975,262770.5513,294940.578,301360.0581
"Raymondville, TX",TX,,,,,,,,,,,,,,86505.06604,87112.63554,90840.39919,95309.27953,98285.09735,102128.9168,112134.7341,127761.2435,140953.7954,159905.5845,127116.1013,115632.0725
"Port Lavaca, TX",TX,,,,,,,,,,,116650.1648,116122.8736,116657.197,114065.8122,121291.034,127372.6212,136032.4371,140477.0491,141412.7702,151770.4933,161870.6026,171328.5237,188415.4915,195147.571,188951.1859
"Othello, WA",WA,,,,,,,,,,,136852.2763,131739.7564,127832.0243,128746.4665,130044.363,130453.8246,138793.8771,144323.3857,157078.9529,169330.5404,188057.4511,218219.9017,254814.6816,276703.1487,286111.914
"Vineyard Haven, MA",MA,333590.473,384255.5127,438547.6099,496691.5888,551433.8093,628367.7826,675610.9464,665243.7613,641932.7962,626421.7676,606833.9401,609377.6379,607516.9148,622034.1209,652049.0143,670424.7693,708183.7321,740928.7848,805254.0698,863609.9032,894824.8528,1011247.621,1261863.047,1413478.781,1478098.829
"Parsons, KS",KS,,,,,,,,,,,,,,,,,,56598.65288,54774.49126,57049.06885,60823.45396,69933.83324,76446.41614,84810.99909,80168.47789
"Price, UT",UT,,,,,,,,,,,,,,,,,,129861.5491,131322.9624,136613.6836,154985.1865,168859.1883,211699.63,236236.1342,245841.1705
"Portales, NM",NM,,,,,,,,,,,138504.7146,137131.1373,137217.7723,132986.301,134936.1286,140929.339,137786.4963,124555.3509,125398.478,130386.1251,136002.9397,141702.0813,140939.5783,143634.8767,145734.7315
"Los Alamos, NM",NM,,,,,,,,,,,320602.4385,295913.3747,280321.886,274768.9445,269618.2204,262874.2497,267113.0704,288749.0267,330757.028,360722.7568,396908.5702,457421.7905,493116.7649,522291.4654,566109.4082
"Hereford, TX",TX,,,,,,,,,,,,,71599.84849,71951.35042,77101.89571,82197.46406,79965.86146,83382.23771,86240.49579,97411.25581,111519.818,132272.1019,152725.1642,154865.966,157404.8647
"Andrews, TX",TX,,,,,,,,,,,116593.2983,117731.7953,121463.4789,130293.8451,137729.048,147631.9805,161904.064,169569.6428,170175.591,182176.2044,204129.0198,216133.2192,233571.7914,222326.0242,219704.0743
"Spirit Lake, IA",IA,,,,,,,,,,,173366.9789,177834.5981,179891.9929,186872.7712,217660.5729,220296.6167,226351.9142,228387.3251,233027.7858,244046.657,261718.3709,279590.872,306077.5719,337483.7719,355328.1233
"Fitzgerald, GA",GA,55307.40104,56486.86942,59380.85227,61556.99745,62688.38168,65971.71704,69699.65014,72622.78395,73913.96492,71645.17249,66812.11331,64012.46852,59799.9293,61066.70485,61217.8385,58986.86201,59923.21986,60836.53649,63301.25822,68457.38797,68753.17615,80940.31212,99325.34422,109970.3583,109263.9787
"Winnemucca, NV",NV,,,,,,,,,,,,,,,,,176596.891,187282.148,190803.2339,203727.1884,213745.1783,234591.635,279281.8814,283805.4254,303929.9317
"Maysville, KY",KY,,,,,,,,,,,,79672.33709,79336.99541,78018.30625,78948.1004,79605.08274,85402.56581,86442.899,87312.53347,93102.74763,95824.31007,111233.5095,126923.0218,141617.6136,142438.6278
"Snyder, TX",TX,,,,,,,,,,,95780.33848,96083.86276,96500.64219,97675.62734,101942.3608,108328.832,114882.4425,110244.3922,108119.3616,107825.575,116004.2029,121871.3585,134983.4482,126675.7402,121833.3342
"Helena, AR",AR,,,,,,,,,,,,,,,55581.35317,54319.77883,59464.5746,61251.4443,66090.59881,61004.16204,61938.87643,65234.84386,63974.62252,53672.67087,51639.49226
"Spencer, IA",IA,,,,,,,,,,,99409.43797,98931.63069,100553.7326,102311.9121,109461.6051,110268.2511,117104.6927,122993.5702,125798.6303,128420.5005,135654.0083,144598.3232,161015.9796,172308.1077,178303.1853
"Atchison, KS",KS,,,,,,,,,,,,,93829.03088,89824.88409,75842.84368,73037.24593,81332.84042,86411.85944,86746.95769,93494.49048,99700.65043,115766.0528,134926.1681,150398.079,149123.2693
"Fairfield, IA",IA,,,,,,,,,,,86424.65622,85629.04801,87856.8684,93420.27673,103810.6706,106363.6158,112785.0789,118256.9546,120252.2478,124434.9781,129019.4125,139628.7827,154499.077,167383.1912,165425.2432
"Vermillion, SD",SD,,,,,,,,,,,,,,,,,,139568.9246,147145.2577,153838.8644,164479.7784,180959.8812,202562.0495,221782.069,231649.5806
"Sweetwater, TX",TX,,,,,,,,,,,87023.49282,85141.46444,85445.15203,87960.27998,96010.16844,101934.1017,111535.5085,111752.7371,108036.5886,111677.9286,116074.1185,125459.1204,129019.9038,123107.6237,112155.2052
"Pecos, TX",TX,,,,,,,,,,,,,,,,,,136276.9804,137757.5011,164931.7926,182301.3581,212527.7739,237342.8681,203521.2423,150262.0071
"Zapata, TX",TX,,,,,,,,,,,103263.9518,101879.3165,106696.8567,110631.1678,112974.5165,119368.3056,122584.6182,123943.0934,128845.845,127837.0361,136491.0603,149890.9546,160011.7579,143316.9746,129027.795
"Ketchikan, AK",AK,,,,,,,244442.3169,258770.3805,261394.6279,260708.7283,256551.9399,256153.362,254704.7527,266087.7053,272284.6305,283113.5258,296929.6588,307876.7557,317968.4223,336459.3839,363767.4937,386409.6858,406931.4665,425590.9279,409261.9985
"Craig, CO",CO,96529.96069,104419.9386,110482.3336,116743.165,120735.2504,129788.7387,142114.4741,151075.8377,157232.9169,158221.3908,155528.1261,153822.314,153795.3309,154477.9241,156586.1409,152159.9076,154227.2847,157407.8831,163986.7556,171110.9705,182473.1208,201482.8638,232162.3326,260449.2074,278646.1032
"Vernon, TX",TX,,,,,,,,,,,78709.74606,77969.64544,78410.78005,75961.36819,73857.21456,74431.03868,74290.25116,73365.44551,76393.16518,79630.96007,85761.84949,97319.98753,100175.41,102245.0441,97818.70486
"Lamesa, TX",TX,,,,,,,,,,,,,72783.02685,71130.69369,72933.50945,75585.50213,83740.61931,84828.87205,84799.42271,84753.56413,93874.27537,108517.7712,109065.1591,99531.72367,86796.5522
