RegionName,Median Household Income,Rank
United States,"75,149",N/A
"Issaquena County, Mississippi","17,900","3,142"
Puerto Rico,"24,002","3,141"
"Randolph County, Georgia","24,638","3,140"
"Jackson County, South Dakota","26,078","3,139"
"Dimmit County, Texas","27,374","3,138"
"McDowell County, West Virginia","28,235","3,137"
"Wolfe County, Kentucky","28,666","3,136"
"Holmes County, Mississippi","28,818","3,135"
"Presidio County, Texas","29,012","3,134"
"Brooks County, Texas","30,566","3,133"
"East Carroll Parish, Louisiana","30,856","3,132"
"Quitman County, Mississippi","31,192","3,131"
"Jenkins County, Georgia","31,463","3,130"
"Jefferson County, Mississippi","31,544","3,129"
"Lee County, Kentucky","31,682","3,128"
"Sumter County, Alabama","31,726","3,127"
"Hancock County, Georgia","31,767","3,126"
"Hancock County, Tennessee","31,809","3,125"
"Humphreys County, Mississippi","31,907","3,124"
"Magoffin County, Kentucky","31,927","3,123"
"Claiborne Parish, Louisiana","32,034","3,122"
"Lake County, Tennessee","32,064","3,121"
"Oglala Lakota County, South Dakota","32,279","3,120"
"Perry County, Alabama","32,332","3,119"
"Greene County, Alabama","32,796","3,118"
"Owsley County, Kentucky","32,844","3,117"
"Leflore County, Mississippi","33,115","3,116"
"Lowndes County, Alabama","33,125","3,115"
"Hickory County, Missouri","33,302","3,114"
"Piute County, Utah","33,359","3,113"
"Bell County, Kentucky","33,658","3,112"
"Todd County, South Dakota","33,792","3,111"
"Lee County, Arkansas","33,801","3,110"
"Macon County, Georgia","33,960","3,109"
"Knox County, Kentucky","34,254","3,108"
"Webster Parish, Louisiana","34,263","3,107"
"Bienville Parish, Louisiana","34,268","3,106"
"Marlboro County, South Carolina","34,275","3,105"
"Claiborne County, Mississippi","34,282","3,104"
"Madison Parish, Louisiana","34,508","3,103"
"Evangeline Parish, Louisiana","34,526","3,102"
"Costilla County, Colorado","34,578","3,101"
"DeBaca County, New Mexico","34,702","3,100"
"Amite County, Mississippi","34,866","3,099"
"Wayne County, Mississippi","34,875","3,098"
"Wilkinson County, Mississippi","34,928","3,097"
"McCreary County, Kentucky","35,000","3,095"
"Webster County, Georgia","35,000","3,095"
"Zapata County, Texas","35,061","3,094"
"Harlan County, Kentucky","35,128","3,093"
"Hudspeth County, Texas","35,163","3,092"
"Sierra County, New Mexico","35,256","3,091"
"Tallahatchie County, Mississippi","35,428","3,090"
"Briscoe County, Texas","35,446","3,089"
"Fulton County, Kentucky","35,449","3,088"
"Tensas Parish, Louisiana","35,653","3,087"
"Hale County, Alabama","35,851","3,086"
"Culberson County, Texas","35,924","3,085"
"Marion County, South Carolina","35,972","3,084"
"Starr County, Texas","35,979","3,083"
"Coahoma County, Mississippi","36,075","3,082"
"Bullock County, Alabama","36,136","3,081"
"Wheeler County, Georgia","36,354","3,080"
"Jefferson Davis County, Mississippi","36,473","3,079"
"Chicot County, Arkansas","36,593","3,078"
"Lewis County, Kentucky","36,662","3,077"
"Montgomery County, Mississippi","36,845","3,076"
"Norton City, Virginia","36,974","3,075"
"Lincoln Parish, Louisiana","37,001","3,074"
"Leslie County, Kentucky","37,019","3,073"
"Allendale County, South Carolina","37,096","3,072"
"Walthall County, Mississippi","37,145","3,071"
"Dallas County, Alabama","37,180","3,070"
"Glades County, Florida","37,221","3,069"
"Adams County, Mississippi","37,271","3,068"
"Butte County, Idaho","37,358","3,067"
"Sunflower County, Mississippi","37,403","3,066"
"Clay County, Mississippi","37,412","3,065"
"Pemiscot County, Missouri","37,426","3,064"
"Phillips County, Arkansas","37,458","3,063"
"Apache County, Arizona","37,483","3,062"
"Stone County, Arkansas","37,664","3,061"
"Bolivar County, Mississippi","37,845","3,060"
"Morehouse Parish, Louisiana","37,875","3,059"
"Clay County, Kentucky","37,888","3,058"
"Atkinson County, Georgia","38,007","3,057"
"Desha County, Arkansas","38,067","3,056"
"Jeff Davis County, Texas","38,125","3,055"
"Wilcox County, Alabama","38,208","3,054"
"Breathitt County, Kentucky","38,209","3,053"
"Luna County, New Mexico","38,241","3,052"
"Ben Hill County, Georgia","38,255","3,051"
"Mingo County, West Virginia","38,305","3,050"
"Knott County, Kentucky","38,336","3,049"
"Washington County, Mississippi","38,394","3,048"
"Marion County, Mississippi","38,399","3,047"
"Powell County, Kentucky","38,415","3,046"
"Letcher County, Kentucky","38,466","3,045"
"Jackson County, Kentucky","38,516","3,044"
"Green County, Kentucky","38,595","3,043"
"Treutlen County, Georgia","38,641","3,042"
"Jackson County, Colorado","38,686","3,041"
"Avoyelles Parish, Louisiana","38,696","3,040"
"Guadalupe County, New Mexico","38,713","3,039"
"Floyd County, Kentucky","38,723","3,038"
"Benton County, Mississippi","38,750","3,037"
"Newton County, Texas","38,871","3,036"
"Quitman County, Georgia","38,889","3,035"
"Sumter County, Georgia","38,899","3,034"
"Fulton County, Arkansas","38,917","3,033"
"Washington County, North Carolina","38,927","3,032"
"Concordia Parish, Louisiana","38,929","3,031"
"Quay County, New Mexico","38,998","3,030"
"Calhoun County, West Virginia","39,031","3,029"
"Lee County, South Carolina","39,099","3,028"
"Ozark County, Missouri","39,125","3,027"
"Martinsville City, Virginia","39,127","3,026"
"Robeson County, North Carolina","39,393","3,025"
"Elliott County, Kentucky","39,469","3,024"
"Harding County, New Mexico","39,489","3,023"
"Clay County, Tennessee","39,572","3,022"
"Buchanan County, Virginia","39,591","3,021"
"Turner County, Georgia","39,666","3,020"
"Barbour County, Alabama","39,712","3,019"
"Scott County, Tennessee","39,744","3,018"
"St. Francis County, Arkansas","39,822","3,017"
"Conecuh County, Alabama","39,888","3,016"
"Monroe County, Alabama","39,965","3,015"
"Lanier County, Georgia","39,971","3,014"
"Estill County, Kentucky","39,980","3,013"
"Dallas County, Arkansas","40,085","3,012"
"Pike County, Mississippi","40,131","3,011"
"Dickenson County, Virginia","40,143","3,010"
"Hampton County, South Carolina","40,157","3,009"
"Covington County, Mississippi","40,164","3,008"
"Brantley County, Georgia","40,166","3,007"
"Chickasaw County, Mississippi","40,224","3,006"
"Coke County, Texas","40,230","3,005"
"Mora County, New Mexico","40,231","3,004"
"Lafayette County, Arkansas","40,262","3,003"
"Swisher County, Texas","40,290","3,002"
"Alexander County, Illinois","40,365","3,001"
"Jackson Parish, Louisiana","40,406","3,000"
"Bladen County, North Carolina","40,476","2,999"
"Cumberland County, Kentucky","40,515","2,998"
"Crowley County, Colorado","40,685","2,997"
"Esmeralda County, Nevada","40,694","2,996"
"Socorro County, New Mexico","40,699","2,995"
"Taylor County, Georgia","40,727","2,994"
"Wilkinson County, Georgia","40,757","2,993"
"Sabine Parish, Louisiana","40,777","2,992"
"Edwards County, Texas","40,809","2,991"
"Mississippi County, Missouri","40,833","2,990"
"Williamsburg County, South Carolina","40,848","2,989"
"Menard County, Texas","40,945","2,988"
"Sharkey County, Mississippi","41,000","2,987"
"Orangeburg County, South Carolina","41,020","2,986"
"Pulaski County, Illinois","41,038","2,985"
"Glacier County, Montana","41,078","2,984"
"Lawrence County, Mississippi","41,096","2,983"
"Franklin Parish, Louisiana","41,129","2,982"
"Escambia County, Alabama","41,153","2,981"
"Clinton County, Kentucky","41,180","2,980"
"Sioux County, North Dakota","41,201","2,979"
"Macon County, Alabama","41,206","2,978"
"Pike County, Kentucky","41,271","2,977"
"Roane County, West Virginia","41,299","2,976"
"Natchitoches Parish, Louisiana","41,310","2,975"
"Oregon County, Missouri","41,365","2,974"
"Mellette County, South Dakota","41,397","2,973"
"Emporia City, Virginia","41,442","2,972"
"Danville City, Virginia","41,484","2,971"
"Calhoun County, Florida","41,526","2,970"
"Clay County, West Virginia","41,530","2,969"
"Wayne County, Kentucky","41,583","2,968"
"Cochran County, Texas","41,597","2,967"
"Lee County, Virginia","41,619","2,966"
"Halifax County, North Carolina","41,629","2,965"
"Bertie County, North Carolina","41,652","2,964"
"Tunica County, Mississippi","41,676","2,963"
"Pocahontas County, West Virginia","41,680","2,962"
"Union County, New Mexico","41,714","2,961"
"Jeff Davis County, Georgia","41,780","2,960"
"Monroe County, Arkansas","41,786","2,959"
"Telfair County, Georgia","41,801","2,958"
"Washington Parish, Louisiana","41,803","2,957"
"Yazoo County, Mississippi","41,867","2,956"
"Choctaw County, Mississippi","41,887","2,955"
"Jackson County, Arkansas","41,929","2,954"
"Foard County, Texas","41,944","2,953"
"Scotland County, North Carolina","41,948","2,952"
"Anson County, North Carolina","42,000","2,951"
"Searcy County, Arkansas","42,063","2,950"
"Alleghany County, North Carolina","42,115","2,948"
"Baca County, Colorado","42,115","2,948"
"Casey County, Kentucky","42,190","2,947"
"Logan County, West Virginia","42,194","2,946"
"Braxton County, West Virginia","42,245","2,945"
"Brooks County, Georgia","42,263","2,944"
"Pushmataha County, Oklahoma","42,274","2,943"
"Warren County, North Carolina","42,282","2,942"
"Carroll County, Mississippi","42,285","2,941"
"Jim Hogg County, Texas","42,292","2,940"
"Noxubee County, Mississippi","42,298","2,939"
"Union County, South Carolina","42,305","2,938"
"Richmond County, North Carolina","42,354","2,937"
"Jackson County, Tennessee","42,357","2,936"
"Claiborne County, Tennessee","42,406","2,935"
"Dillon County, South Carolina","42,454","2,934"
"Barnwell County, South Carolina","42,470","2,932"
"Johnson County, Arkansas","42,470","2,932"
"Lawrence County, Kentucky","42,488","2,931"
"Ripley County, Missouri","42,541","2,930"
"Pulaski County, Georgia","42,545","2,929"
"Pike County, Alabama","42,616","2,928"
"Kusilvak Census Area, Alaska","42,663","2,927"
"Kiowa County, Oklahoma","42,679","2,926"
"Attala County, Mississippi","42,680","2,925"
"Terry County, Texas","42,694","2,924"
"Latimer County, Oklahoma","42,735","2,923"
"Wayne County, Missouri","42,758","2,922"
"Willacy County, Texas","42,839","2,921"
"Texas County, Missouri","42,870","2,920"
"Marion County, Arkansas","42,891","2,919"
"Buffalo County, South Dakota","42,917","2,918"
"Kemper County, Mississippi","42,947","2,917"
"Oktibbeha County, Mississippi","42,953","2,916"
"Marengo County, Alabama","42,975","2,915"
"Summers County, West Virginia","42,991","2,914"
"Lenoir County, North Carolina","43,063","2,913"
"Stewart County, Georgia","43,094","2,912"
"Columbus County, North Carolina","43,206","2,911"
"Seminole County, Oklahoma","43,239","2,910"
"Choctaw County, Oklahoma","43,252","2,909"
"Clay County, Georgia","43,264","2,908"
"Appling County, Georgia","43,268","2,907"
"Choctaw County, Alabama","43,299","2,906"
"Sharp County, Arkansas","43,332","2,905"
"Hooker County, Nebraska","43,333","2,904"
"Grayson County, Virginia","43,348","2,903"
"Madison County, Florida","43,386","2,902"
"Webster County, West Virginia","43,409","2,901"
"Nevada County, Arkansas","43,421","2,900"
"Poinsett County, Arkansas","43,440","2,899"
"McIntosh County, Oklahoma","43,467","2,898"
"St. Clair County, Missouri","43,483","2,897"
"San Miguel County, New Mexico","43,490","2,896"
"Terrell County, Georgia","43,507","2,895"
"Worth County, Missouri","43,536","2,894"
"Chattooga County, Georgia","43,556","2,893"
"Hardeman County, Tennessee","43,566","2,892"
"Wright County, Missouri","43,573","2,891"
"Cedar County, Missouri","43,589","2,890"
"Lawrence County, Arkansas","43,606","2,889"
"Bradley County, Arkansas","43,688","2,888"
"Henry County, Virginia","43,694","2,887"
"Hyde County, North Carolina","43,724","2,886"
"Menifee County, Kentucky","43,797","2,885"
"Washington County, Georgia","43,810","2,884"
"Red River Parish, Louisiana","43,821","2,883"
"Reynolds County, Missouri","43,856","2,882"
"Hall County, Texas","43,873","2,881"
"Jasper County, Mississippi","43,914","2,880"
"Bamberg County, South Carolina","43,920","2,879"
"Bacon County, Georgia","43,938","2,878"
"Franklin County, Mississippi","43,942","2,877"
"McKinley County, New Mexico","44,029","2,876"
"Russell County, Virginia","44,088","2,875"
"New Madrid County, Missouri","44,092","2,874"
"Conejos County, Colorado","44,093","2,873"
"Prairie County, Montana","44,107","2,872"
"Ware County, Georgia","44,138","2,871"
"Johnson County, Kentucky","44,231","2,870"
"Brown County, Nebraska","44,267","2,869"
"Darlington County, South Carolina","44,317","2,867"
"Pickett County, Tennessee","44,317","2,867"
"Whitley County, Kentucky","44,332","2,866"
"Barbour County, West Virginia","44,341","2,865"
"Butler County, Alabama","44,429","2,864"
"St. Landry Parish, Louisiana","44,478","2,863"
"Calhoun County, Mississippi","44,505","2,862"
"Wyoming County, West Virginia","44,510","2,861"
"Fairfield County, South Carolina","44,521","2,860"
"Scott County, Virginia","44,535","2,859"
"Red River County, Texas","44,583","2,858"
"Lincoln County, Montana","44,593","2,857"
"Galax City, Virginia","44,612","2,856"
"Lewis County, Tennessee","44,613","2,855"
"Hardee County, Florida","44,665","2,854"
"Clay County, Arkansas","44,685","2,853"
"Stephens County, Texas","44,712","2,852"
"Van Buren County, Tennessee","44,730","2,851"
"Catron County, New Mexico","44,777","2,850"
"Hughes County, Oklahoma","44,799","2,848"
"Martin County, North Carolina","44,799","2,848"
"Ashley County, Arkansas","44,804","2,847"
"Shoshone County, Idaho","44,807","2,846"
"Bennett County, South Dakota","44,821","2,845"
"Howard County, Arkansas","44,824","2,844"
"Jackson County, Illinois","44,847","2,843"
"Putnam County, Florida","44,852","2,842"
"Dunklin County, Missouri","44,868","2,841"
"Haywood County, Tennessee","44,890","2,840"
"Grant County, New Mexico","44,895","2,839"
"Winn Parish, Louisiana","44,922","2,838"
"Adair County, Oklahoma","44,955","2,837"
"Drew County, Arkansas","44,968","2,835"
"Scott County, Mississippi","44,968","2,835"
"Acadia Parish, Louisiana","44,977","2,834"
"DeSoto County, Florida","45,000","2,833"
"West Carroll Parish, Louisiana","45,035","2,832"
"Hempstead County, Arkansas","45,049","2,831"
"Dixie County, Florida","45,057","2,830"
"Smyth County, Virginia","45,061","2,829"
"Warren County, Georgia","45,091","2,828"
"Cocke County, Tennessee","45,110","2,827"
"Falls County, Texas","45,172","2,826"
"Bristol City, Virginia","45,250","2,824"
"Kiowa County, Colorado","45,250","2,824"
"Martin County, Kentucky","45,265","2,823"
"Dawson County, Texas","45,268","2,822"
"Perry County, Kentucky","45,330","2,821"
"Pickens County, Alabama","45,339","2,820"
"Scott County, Arkansas","45,340","2,819"
"Baker County, Georgia","45,417","2,818"
"Okfuskee County, Oklahoma","45,429","2,817"
"Kenedy County, Texas","45,455","2,816"
"Harney County, Oregon","45,462","2,815"
"Winston County, Mississippi","45,516","2,814"
"Candler County, Georgia","45,519","2,812"
"Greenbrier County, West Virginia","45,519","2,812"
"Tishomingo County, Mississippi","45,545","2,811"
"Hart County, Kentucky","45,561","2,810"
"Dougherty County, Georgia","45,640","2,809"
"Lauderdale County, Mississippi","45,649","2,808"
"Fayette County, Alabama","45,650","2,807"
"Rockcastle County, Kentucky","45,693","2,806"
"Northampton County, North Carolina","45,698","2,805"
"Caldwell Parish, Louisiana","45,707","2,804"
"Gadsden County, Florida","45,721","2,803"
"Carter County, Missouri","45,737","2,801"
"Covington City, Virginia","45,737","2,801"
"Grenada County, Mississippi","45,745","2,800"
"Van Buren County, Arkansas","45,768","2,799"
"Charlton County, Georgia","45,770","2,798"
"Bent County, Colorado","45,776","2,797"
"Crittenden County, Kentucky","45,810","2,796"
"Sedgwick County, Colorado","45,855","2,795"
"Taliaferro County, Georgia","45,881","2,794"
"San Augustine County, Texas","45,888","2,793"
"Lake County, Michigan","45,946","2,792"
"Mitchell County, Georgia","45,966","2,791"
"Randolph County, Arkansas","45,993","2,790"
"Graham County, North Carolina","46,010","2,789"
"Morgan County, Kentucky","46,018","2,788"
"Ziebach County, South Dakota","46,023","2,787"
"Holmes County, Florida","46,063","2,785"
"Seminole County, Georgia","46,063","2,785"
"Dodge County, Georgia","46,091","2,784"
"Jackson County, Florida","46,144","2,783"
"Izard County, Arkansas","46,159","2,782"
"Cameron County, Pennsylvania","46,186","2,780"
"Ottawa County, Oklahoma","46,186","2,780"
"Forest County, Pennsylvania","46,188","2,779"
"Hertford County, North Carolina","46,196","2,778"
"Iosco County, Michigan","46,224","2,777"
"Adams County, Ohio","46,234","2,776"
"Haskell County, Oklahoma","46,239","2,774"
"Taylor County, Florida","46,239","2,774"
"Meigs County, Ohio","46,255","2,773"
"Colfax County, New Mexico","46,286","2,772"
"Tillman County, Oklahoma","46,306","2,771"
"Chesterfield County, South Carolina","46,326","2,770"
"Clarke County, Mississippi","46,329","2,769"
"Montmorency County, Michigan","46,345","2,768"
"Scioto County, Ohio","46,360","2,767"
"Edgecombe County, North Carolina","46,370","2,766"
"Irwin County, Georgia","46,383","2,765"
"Howell County, Missouri","46,401","2,764"
"St. Helena Parish, Louisiana","46,402","2,763"
"Mercer County, West Virginia","46,409","2,762"
"Deer Lodge County, Montana","46,436","2,761"
"Lewis County, Idaho","46,484","2,760"
"Carter County, Montana","46,486","2,759"
"McDonald County, Missouri","46,494","2,758"
"Tazewell County, Virginia","46,508","2,757"
"Dallas County, Missouri","46,547","2,756"
"Overton County, Tennessee","46,580","2,755"
"Cherokee County, Alabama","46,621","2,754"
"Mineral County, Nevada","46,625","2,753"
"Jim Wells County, Texas","46,626","2,752"
"La Paz County, Arizona","46,634","2,751"
"Dickens County, Texas","46,638","2,750"
"Payne County, Oklahoma","46,658","2,749"
"Leake County, Mississippi","46,669","2,748"
"Lauderdale County, Tennessee","46,702","2,747"
"Cook County, Georgia","46,706","2,745"
"Crawford County, Indiana","46,706","2,745"
"Jackson County, Alabama","46,748","2,744"
"Le Flore County, Oklahoma","46,750","2,743"
"Wilcox County, Georgia","46,759","2,742"
"Shannon County, Missouri","46,767","2,741"
"Laurens County, Georgia","46,776","2,740"
"Colleton County, South Carolina","46,795","2,739"
"Dade County, Missouri","46,806","2,738"
"Real County, Texas","46,842","2,737"
"Jefferson County, Arkansas","46,855","2,736"
"Jefferson County, Georgia","46,865","2,735"
"Fleming County, Kentucky","46,885","2,734"
"Copiah County, Mississippi","46,889","2,733"
"Hardin County, Tennessee","46,902","2,732"
"DeKalb County, Tennessee","46,907","2,731"
"McNairy County, Tennessee","46,920","2,730"
"Petersburg City, Virginia","46,930","2,729"
"Metcalfe County, Kentucky","46,932","2,728"
"Carter County, Kentucky","47,004","2,727"
"Yalobusha County, Mississippi","47,006","2,726"
"Cherokee County, South Carolina","47,011","2,725"
"Assumption Parish, Louisiana","47,023","2,724"
"Grayson County, Kentucky","47,024","2,723"
"Bronx County, New York","47,036","2,722"
"Prairie County, Arkansas","47,045","2,721"
"McCurtain County, Oklahoma","47,046","2,720"
"Sabine County, Texas","47,061","2,719"
"Union Parish, Louisiana","47,068","2,718"
"Lincoln County, Mississippi","47,069","2,717"
"Graham County, Kansas","47,071","2,716"
"Grainger County, Tennessee","47,098","2,715"
"Montgomery County, Arkansas","47,103","2,714"
"Jewell County, Kansas","47,109","2,713"
"Sanders County, Montana","47,110","2,712"
"Coal County, Oklahoma","47,117","2,711"
"Garden County, Nebraska","47,139","2,710"
"Walker County, Texas","47,193","2,709"
"Colquitt County, Georgia","47,235","2,708"
"Butler County, Missouri","47,245","2,707"
"Monroe County, Kentucky","47,252","2,706"
"Toombs County, Georgia","47,310","2,705"
"Trinity County, California","47,317","2,704"
"St. Mary Parish, Louisiana","47,322","2,703"
"Ouachita County, Arkansas","47,348","2,702"
"Franklin County, Alabama","47,359","2,701"
"Daniels County, Montana","47,378","2,700"
"Decatur County, Georgia","47,383","2,699"
"Neshoba County, Mississippi","47,400","2,698"
"Baxter County, Arkansas","47,403","2,697"
"Russell County, Alabama","47,420","2,696"
"Cameron County, Texas","47,435","2,695"
"Nolan County, Texas","47,437","2,694"
"Columbia County, Arkansas","47,441","2,693"
"Crisp County, Georgia","47,463","2,692"
"Sequoyah County, Oklahoma","47,494","2,691"
"Otero County, Colorado","47,500","2,690"
"Washington County, Florida","47,536","2,689"
"Wise County, Virginia","47,541","2,688"
"Clarke County, Alabama","47,549","2,687"
"Greenwood County, South Carolina","47,553","2,686"
"Johnson County, Tennessee","47,571","2,685"
"Caddo Parish, Louisiana","47,572","2,684"
"Butler County, Kentucky","47,589","2,683"
"Geneva County, Alabama","47,608","2,682"
"Miller County, Arkansas","47,613","2,681"
"Cottle County, Texas","47,625","2,680"
"Hamilton County, Florida","47,668","2,679"
"Franklin County, Arkansas","47,695","2,678"
"Alcorn County, Mississippi","47,716","2,677"
"Benton County, Tennessee","47,737","2,676"
"Brewster County, Texas","47,747","2,675"
"Weakley County, Tennessee","47,769","2,674"
"Johnson County, Georgia","47,796","2,673"
"Clare County, Michigan","47,816","2,672"
"Yukon-Koyukuk Census Area, Alaska","47,826","2,671"
"Douglas County, Missouri","47,848","2,670"
"Fentress County, Tennessee","47,884","2,669"
"Panola County, Mississippi","47,894","2,668"
"Emanuel County, Georgia","47,905","2,667"
"Gogebic County, Michigan","47,913","2,666"
"Lincoln County, New Mexico","47,919","2,665"
"DeKalb County, Alabama","47,920","2,664"
"Grundy County, Tennessee","47,948","2,663"
"Tippah County, Mississippi","47,968","2,662"
"Potter County, Texas","47,974","2,661"
"Raleigh County, West Virginia","47,975","2,660"
"Carter County, Tennessee","47,994","2,659"
"Craig County, Oklahoma","48,018","2,658"
"Henry County, Tennessee","48,025","2,657"
"Marion County, Texas","48,040","2,656"
"Liberty County, Montana","48,047","2,655"
"Talbot County, Georgia","48,065","2,654"
"Clark County, Arkansas","48,071","2,653"
"Clay County, Alabama","48,074","2,652"
"Barton County, Missouri","48,105","2,651"
"Corson County, South Dakota","48,125","2,649"
"Richland Parish, Louisiana","48,125","2,649"
"Cross County, Arkansas","48,129","2,648"
"Barren County, Kentucky","48,141","2,647"
"Elbert County, Georgia","48,190","2,646"
"Russell County, Kentucky","48,220","2,644"
"White County, Tennessee","48,220","2,644"
"Campbell County, Tennessee","48,258","2,643"
"Catahoula Parish, Louisiana","48,259","2,642"
"Gregory County, South Dakota","48,272","2,640"
"Wheatland County, Montana","48,272","2,640"
"Calloway County, Kentucky","48,276","2,639"
"Ontonagon County, Michigan","48,316","2,638"
"Perry County, Mississippi","48,333","2,637"
"Vance County, North Carolina","48,340","2,636"
"Jefferson County, Oklahoma","48,346","2,635"
"Early County, Georgia","48,355","2,634"
"Malheur County, Oregon","48,371","2,633"
"Coffee County, Georgia","48,398","2,632"
"Polk County, Arkansas","48,449","2,631"
"Mason County, Kentucky","48,460","2,630"
"Decatur County, Tennessee","48,466","2,629"
"Johnston County, Oklahoma","48,476","2,628"
"Maverick County, Texas","48,497","2,627"
"Crenshaw County, Alabama","48,557","2,626"
"Hinds County, Mississippi","48,596","2,625"
"Calhoun County, Georgia","48,663","2,624"
"Berrien County, Georgia","48,670","2,623"
"Clarendon County, South Carolina","48,677","2,622"
"Clarke County, Georgia","48,692","2,620"
"Oscoda County, Michigan","48,692","2,620"
"Upson County, Georgia","48,740","2,619"
"Athens County, Ohio","48,750","2,617"
"Knox County, Texas","48,750","2,617"
"Pulaski County, Kentucky","48,768","2,616"
"Covington County, Alabama","48,772","2,615"
"Buena Vista City, Virginia","48,783","2,614"
"Chambers County, Alabama","48,805","2,613"
"Jasper County, Texas","48,818","2,612"
"Nicholas County, West Virginia","48,826","2,611"
"Marion County, Georgia","48,836","2,610"
"Morgan County, Missouri","48,841","2,609"
"Bibb County, Georgia","48,897","2,608"
"McDonough County, Illinois","48,904","2,607"
"Cleveland County, Arkansas","48,913","2,606"
"Christian County, Kentucky","48,920","2,605"
"Cabell County, West Virginia","48,944","2,604"
"Las Animas County, Colorado","48,965","2,603"
"Ritchie County, West Virginia","48,973","2,602"
"Carroll County, Virginia","49,113","2,601"
"Wilkes County, North Carolina","49,119","2,600"
"Alpena County, Michigan","49,133","2,599"
"Montgomery County, Georgia","49,138","2,598"
"Halifax County with South Boston City, Virginia","49,145","2,597"
"Newton County, Mississippi","49,160","2,596"
"Knox County, Missouri","49,167","2,595"
"Ashe County, North Carolina","49,176","2,594"
"Patrick County, Virginia","49,180","2,593"
"Atoka County, Oklahoma","49,181","2,592"
"Laclede County, Missouri","49,202","2,591"
"Hardy County, West Virginia","49,205","2,590"
"Lemhi County, Idaho","49,216","2,589"
"Shelby County, Texas","49,231","2,588"
"Zavala County, Texas","49,243","2,587"
"Pike County, Arkansas","49,248","2,586"
"Cherokee County, North Carolina","49,254","2,585"
"Hendry County, Florida","49,259","2,584"
"Ouachita Parish, Louisiana","49,261","2,583"
"Floyd County, Texas","49,321","2,582"
"Forrest County, Mississippi","49,340","2,581"
"Scott County, Indiana","49,343","2,580"
"Whitman County, Washington","49,345","2,579"
"Wayne County, Tennessee","49,360","2,578"
"Washington County, Missouri","49,364","2,577"
"Hidalgo County, Texas","49,371","2,576"
"Duplin County, North Carolina","49,376","2,575"
"Decatur County, Kansas","49,412","2,574"
"Prowers County, Colorado","49,422","2,573"
"Jones County, Mississippi","49,451","2,572"
"Hitchcock County, Nebraska","49,456","2,571"
"Lincoln County, Kentucky","49,487","2,570"
"Winston County, Alabama","49,494","2,569"
"Lamar County, Alabama","49,565","2,568"
"Woodruff County, Arkansas","49,608","2,567"
"Marion County, Kentucky","49,627","2,566"
"Huerfano County, Colorado","49,631","2,565"
"Hamblen County, Tennessee","49,656","2,564"
"Upshur County, West Virginia","49,663","2,563"
"Chaves County, New Mexico","49,673","2,562"
"Adair County, Kentucky","49,690","2,561"
"Carroll County, Tennessee","49,700","2,560"
"Suwannee County, Florida","49,729","2,559"
"Marion County, Alabama","49,743","2,558"
"Union County, Arkansas","49,745","2,557"
"Comanche County, Kansas","49,754","2,556"
"Abbeville County, South Carolina","49,759","2,555"
"Crawford County, Kansas","49,779","2,553"
"Lewis County, Missouri","49,779","2,553"
"De Soto Parish, Louisiana","49,807","2,552"
"Wilson County, North Carolina","49,827","2,551"
"Wayne County, Georgia","49,847","2,550"
"Unicoi County, Tennessee","49,855","2,549"
"Cibola County, New Mexico","49,866","2,548"
"Mitchell County, Texas","49,869","2,547"
"Randolph County, Alabama","49,879","2,546"
"Roscommon County, Michigan","49,898","2,545"
"Russell County, Kansas","49,929","2,544"
"Levy County, Florida","49,933","2,543"
"Screven County, Georgia","49,941","2,542"
"Sampson County, North Carolina","49,963","2,541"
"Elk County, Kansas","50,000","2,538"
"Greene County, Mississippi","50,000","2,538"
"Loup County, Nebraska","50,000","2,538"
"Mississippi County, Arkansas","50,012","2,537"
"Chester County, South Carolina","50,022","2,536"
"Watauga County, North Carolina","50,034","2,535"
"Rowan County, Kentucky","50,038","2,534"
"Washington County, Idaho","50,046","2,533"
"Fayette County, West Virginia","50,090","2,532"
"Benton County, Missouri","50,229","2,531"
"Monroe County, Missouri","50,245","2,530"
"Hot Spring County, Arkansas","50,260","2,529"
"Knox County, Illinois","50,263","2,528"
"Crosby County, Texas","50,268","2,527"
"Conway County, Arkansas","50,282","2,526"
"Bee County, Texas","50,283","2,525"
"Muskogee County, Oklahoma","50,289","2,524"
"Alcona County, Michigan","50,295","2,523"
"Greene County, North Carolina","50,320","2,522"
"Burke County, Georgia","50,321","2,520"
"Richardson County, Nebraska","50,321","2,520"
"Navajo County, Arizona","50,335","2,519"
"Eddy County, North Dakota","50,375","2,518"
"Ogemaw County, Michigan","50,377","2,517"
"Shelby County, Missouri","50,387","2,516"
"Ferry County, Washington","50,424","2,515"
"Twiggs County, Georgia","50,446","2,514"
"Okeechobee County, Florida","50,476","2,513"
"Rutherford County, North Carolina","50,512","2,512"
"Lincoln County, Arkansas","50,526","2,511"
"Lewis County, West Virginia","50,552","2,510"
"Richmond County, Georgia","50,605","2,509"
"Carroll County, Kentucky","50,625","2,508"
"Obion County, Tennessee","50,638","2,507"
"Hopewell City, Virginia","50,661","2,506"
"Bibb County, Alabama","50,669","2,505"
"Woodson County, Kansas","50,670","2,504"
"Appanoose County, Iowa","50,684","2,503"
"Duval County, Texas","50,697","2,502"
"Newton County, Arkansas","50,699","2,501"
"Wetzel County, West Virginia","50,715","2,500"
"Hale County, Texas","50,721","2,499"
"Cleveland County, North Carolina","50,723","2,498"
"Woods County, Oklahoma","50,724","2,497"
"Torrance County, New Mexico","50,727","2,496"
"San Juan County, New Mexico","50,734","2,495"
"Rockingham County, North Carolina","50,737","2,494"
"Lincoln County, Georgia","50,754","2,493"
"Wilbarger County, Texas","50,769","2,492"
"Wheeler County, Oregon","50,774","2,491"
"St. Martin Parish, Louisiana","50,806","2,490"
"Okmulgee County, Oklahoma","50,819","2,489"
"Pike County, Ohio","50,832","2,488"
"Otero County, New Mexico","50,833","2,486"
"Sioux County, Nebraska","50,833","2,486"
"Aroostook County, Maine","50,843","2,485"
"Simpson County, Mississippi","50,867","2,484"
"Tyler County, Texas","50,898","2,483"
"Muhlenberg County, Kentucky","50,935","2,482"
"Smith County, Kansas","50,943","2,481"
"Putnam County, Missouri","50,950","2,480"
"Nowata County, Oklahoma","50,960","2,479"
"Vinton County, Ohio","50,967","2,478"
"Lincoln County, West Virginia","50,985","2,477"
"Luce County, Michigan","51,015","2,476"
"Adair County, Missouri","51,020","2,475"
"Franklin County, Illinois","51,031","2,474"
"Coleman County, Texas","51,034","2,473"
"Lawrence County, Tennessee","51,038","2,471"
"Roosevelt County, Montana","51,038","2,471"
"Radford City, Virginia","51,039","2,470"
"Saluda County, South Carolina","51,041","2,469"
"Macon County, North Carolina","51,042","2,468"
"Houston County, Texas","51,043","2,467"
"Grundy County, Missouri","51,045","2,466"
"Morgan County, Ohio","51,056","2,465"
"Blackford County, Indiana","51,108","2,464"
"Orleans Parish, Louisiana","51,116","2,463"
"Logan County, Arkansas","51,131","2,462"
"White County, Arkansas","51,144","2,461"
"Nacogdoches County, Texas","51,153","2,460"
"Trinity County, Texas","51,165","2,459"
"Washington County, Alabama","51,184","2,458"
"Randolph County, West Virginia","51,186","2,457"
"Chowan County, North Carolina","51,188","2,456"
"Monroe County, Mississippi","51,190","2,455"
"Cloud County, Kansas","51,197","2,454"
"Chautauqua County, Kansas","51,210","2,453"
"Macon County, Tennessee","51,215","2,452"
"Dona Ana County, New Mexico","51,232","2,451"
"McIntosh County, Georgia","51,262","2,450"
"Mecklenburg County, Virginia","51,265","2,449"
"George County, Mississippi","51,349","2,448"
"Dent County, Missouri","51,410","2,447"
"Marshall County, Mississippi","51,431","2,446"
"Bath County, Kentucky","51,471","2,445"
"Randolph County, Missouri","51,480","2,444"
"Jackson County, North Carolina","51,482","2,443"
"Beckham County, Oklahoma","51,499","2,442"
"Montgomery County, Kansas","51,513","2,441"
"Madison County, Arkansas","51,514","2,440"
"Roanoke City, Virginia","51,523","2,439"
"Morris County, Texas","51,532","2,438"
"Houston County, Tennessee","51,544","2,437"
"Noble County, Ohio","51,547","2,436"
"Charlotte County, Virginia","51,548","2,435"
"Gilmer County, West Virginia","51,552","2,434"
"Cleburne County, Alabama","51,553","2,433"
"Jefferson County, Florida","51,573","2,432"
"Henderson County, Tennessee","51,576","2,431"
"Prentiss County, Mississippi","51,578","2,430"
"Baker County, Oregon","51,657","2,429"
"Washington County, Maine","51,669","2,428"
"Pope County, Arkansas","51,678","2,427"
"Stoddard County, Missouri","51,703","2,426"
"Saline County, Illinois","51,710","2,425"
"Donley County, Texas","51,711","2,424"
"Liberty County, Florida","51,723","2,423"
"Audrain County, Missouri","51,745","2,422"
"Breckinridge County, Kentucky","51,756","2,421"
"Wilkes County, Georgia","51,780","2,420"
"Bledsoe County, Tennessee","51,783","2,419"
"Chouteau County, Montana","51,791","2,418"
"Piscataquis County, Maine","51,805","2,417"
"Harrison County, Missouri","51,809","2,416"
"Greenwood County, Kansas","51,812","2,415"
"Greensville County, Virginia","51,823","2,414"
"Lawrence County, Ohio","51,846","2,413"
"Crittenden County, Arkansas","51,860","2,412"
"Gallatin County, Illinois","51,868","2,410"
"Tattnall County, Georgia","51,868","2,410"
"Santa Cruz County, Arizona","51,885","2,409"
"Baraga County, Michigan","51,911","2,408"
"Grady County, Georgia","51,929","2,407"
"Deaf Smith County, Texas","51,942","2,406"
"Saguache County, Colorado","51,946","2,405"
"Polk County, Georgia","51,956","2,404"
"Fayette County, Illinois","51,962","2,403"
"Brooke County, West Virginia","51,963","2,402"
"Morgan County, Tennessee","51,971","2,401"
"Greene County, Tennessee","51,975","2,400"
"Smith County, Mississippi","51,983","2,399"
"Rio Arriba County, New Mexico","52,031","2,398"
"Collingsworth County, Texas","52,045","2,397"
"Coshocton County, Ohio","52,048","2,396"
"Laurens County, South Carolina","52,077","2,395"
"Blaine County, Nebraska","52,083","2,394"
"San Juan County, Utah","52,108","2,393"
"Monroe County, Tennessee","52,123","2,392"
"Miller County, Georgia","52,132","2,391"
"Somerset County, Maryland","52,149","2,390"
"Etowah County, Alabama","52,177","2,389"
"Jefferson County, Iowa","52,210","2,388"
"Fayette County, Indiana","52,219","2,387"
"Lane County, Kansas","52,222","2,386"
"Lawrence County, Missouri","52,225","2,385"
"Jay County, Indiana","52,231","2,384"
"Iron County, Michigan","52,241","2,383"
"Alamosa County, Colorado","52,271","2,382"
"Boone County, Arkansas","52,275","2,381"
"Walker County, Georgia","52,276","2,380"
"Coosa County, Alabama","52,279","2,379"
"Bollinger County, Missouri","52,306","2,378"
"Essex County, Virginia","52,335","2,377"
"Independence County, Arkansas","52,361","2,376"
"Caldwell County, North Carolina","52,362","2,375"
"Crawford County, Missouri","52,367","2,374"
"Kinney County, Texas","52,386","2,373"
"Meriwether County, Georgia","52,392","2,371"
"Monroe County, West Virginia","52,392","2,371"
"Cherokee County, Oklahoma","52,410","2,370"
"Caddo County, Oklahoma","52,443","2,369"
"Talladega County, Alabama","52,457","2,368"
"Pendleton County, West Virginia","52,458","2,367"
"Big Horn County, Montana","52,463","2,366"
"Jefferson Davis Parish, Louisiana","52,470","2,365"
"Ohio County, Kentucky","52,474","2,364"
"Chase County, Kansas","52,481","2,363"
"Crawford County, Ohio","52,486","2,362"
"Kleberg County, Texas","52,487","2,361"
"Caldwell County, Kentucky","52,488","2,360"
"Waynesboro City, Virginia","52,519","2,359"
"Graves County, Kentucky","52,526","2,358"
"Lincoln County, Kansas","52,540","2,357"
"Alleghany County and Clifton Forge City, Virginia","52,546","2,356"
"Tift County, Georgia","52,561","2,355"
"Citrus County, Florida","52,569","2,354"
"Franklin County, Georgia","52,597","2,353"
"Pittsylvania County, Virginia","52,619","2,352"
"Isabella County, Michigan","52,638","2,351"
"Roosevelt County, New Mexico","52,644","2,350"
"Brunswick County, Virginia","52,678","2,349"
"Accomack County, Virginia","52,694","2,347"
"Wayne County, West Virginia","52,694","2,347"
"Norton County, Kansas","52,710","2,346"
"Baylor County, Texas","52,716","2,345"
"Cheyenne County, Kansas","52,730","2,344"
"Houghton County, Michigan","52,736","2,343"
"Mahnomen County, Minnesota","52,739","2,342"
"Surry County, North Carolina","52,743","2,341"
"Edwards County, Kansas","52,750","2,340"
"Allen Parish, Louisiana","52,755","2,339"
"Wirt County, West Virginia","52,776","2,338"
"Cleburne County, Arkansas","52,780","2,337"
"Haskell County, Texas","52,786","2,336"
"Vermilion County, Illinois","52,787","2,335"
"Vigo County, Indiana","52,789","2,334"
"Dale County, Alabama","52,813","2,331"
"Greeley County, Nebraska","52,813","2,331"
"Terrell County, Texas","52,813","2,331"
"Swain County, North Carolina","52,818","2,330"
"Lowndes County, Georgia","52,821","2,329"
"Morris County, Kansas","52,866","2,328"
"Grant County, West Virginia","52,877","2,327"
"Stephens County, Georgia","52,901","2,326"
"Eastland County, Texas","52,902","2,325"
"St. Louis City, Missouri","52,941","2,324"
"Chattahoochee County, Georgia","52,943","2,323"
"Taylor County, West Virginia","52,946","2,322"
"Warren County, Tennessee","52,948","2,321"
"Walker County, Alabama","52,987","2,320"
"Lynn County, Texas","52,996","2,319"
"Madison County, Idaho","53,025","2,318"
"Hardin County, Illinois","53,026","2,317"
"Edmonson County, Kentucky","53,029","2,316"
"Harper County, Kansas","53,032","2,315"
"Grant County, Indiana","53,033","2,314"
"Sequatchie County, Tennessee","53,038","2,313"
"Pointe Coupee Parish, Louisiana","53,045","2,312"
"Jones County, North Carolina","53,053","2,311"
"Pittsburg County, Oklahoma","53,054","2,310"
"Mason County, West Virginia","53,058","2,309"
"Carlisle County, Kentucky","53,065","2,308"
"St. Francois County, Missouri","53,083","2,307"
"Limestone County, Texas","53,102","2,306"
"Yancey County, North Carolina","53,103","2,305"
"Haakon County, South Dakota","53,109","2,304"
"Jefferson County, Ohio","53,124","2,303"
"Dyer County, Tennessee","53,150","2,302"
"Kimball County, Nebraska","53,151","2,301"
"McCulloch County, Texas","53,214","2,300"
"Phelps County, Missouri","53,242","2,299"
"Schley County, Georgia","53,274","2,298"
"Tallapoosa County, Alabama","53,282","2,297"
"Hockley County, Texas","53,283","2,296"
"Delaware County, Oklahoma","53,290","2,295"
"Vernon County, Missouri","53,318","2,294"
"Clinch County, Georgia","53,350","2,293"
"Clark County, Missouri","53,362","2,292"
"Pike County, Missouri","53,363","2,291"
"Scott County, Kansas","53,365","2,290"
"Delaware County, Indiana","53,377","2,289"
"Cherokee County, Kansas","53,382","2,288"
"Iron County, Missouri","53,401","2,287"
"Montgomery County, Kentucky","53,436","2,286"
"Sullivan County, Missouri","53,438","2,285"
"Arenac County, Michigan","53,487","2,284"
"Miller County, Missouri","53,490","2,283"
"Clark County, Idaho","53,500","2,282"
"Columbia County, Florida","53,501","2,281"
"Avery County, North Carolina","53,513","2,280"
"Wayne County, Illinois","53,522","2,279"
"Rush County, Kansas","53,523","2,278"
"Somerset County, Maine","53,527","2,277"
"McDowell County, North Carolina","53,532","2,276"
"Trumbull County, Ohio","53,537","2,275"
"Sevier County, Arkansas","53,567","2,274"
"Mohave County, Arizona","53,592","2,273"
"Troup County, Georgia","53,599","2,272"
"Garvin County, Oklahoma","53,600","2,271"
"Nye County, Nevada","53,602","2,270"
"Sheridan County, Nebraska","53,609","2,269"
"Madison County, Georgia","53,626","2,268"
"Hawkins County, Tennessee","53,647","2,267"
"Hidalgo County, New Mexico","53,651","2,266"
"Ashtabula County, Ohio","53,663","2,265"
"Bulloch County, Georgia","53,675","2,264"
"Highlands County, Florida","53,679","2,263"
"Lowndes County, Mississippi","53,687","2,262"
"Laurel County, Kentucky","53,693","2,261"
"Gladwin County, Michigan","53,717","2,260"
"Schuyler County, Missouri","53,728","2,259"
"Burke County, North Carolina","53,732","2,257"
"Coles County, Illinois","53,732","2,257"
"Carbon County, Utah","53,734","2,255"
"Marshall County, Oklahoma","53,734","2,255"
"Kay County, Oklahoma","53,746","2,254"
"Dawes County, Nebraska","53,760","2,253"
"Barber County, Kansas","53,774","2,251"
"Schleicher County, Texas","53,774","2,251"
"Polk County, Tennessee","53,775","2,250"
"Brown County, Texas","53,792","2,249"
"Robertson County, Kentucky","53,798","2,248"
"Gentry County, Missouri","53,799","2,247"
"Rolette County, North Dakota","53,806","2,246"
"Imperial County, California","53,847","2,245"
"Delta County, Michigan","53,852","2,244"
"Siskiyou County, California","53,898","2,243"
"Guernsey County, Ohio","53,901","2,242"
"Granite County, Montana","53,917","2,240"
"Nodaway County, Missouri","53,917","2,240"
"Wythe County, Virginia","53,921","2,239"
"Camp County, Texas","53,968","2,238"
"Sumter County, South Carolina","53,970","2,237"
"Perry County, Arkansas","53,980","2,236"
"Cheyenne County, Nebraska","54,038","2,235"
"Toole County, Montana","54,040","2,234"
"Madison County, Missouri","54,042","2,233"
"Sebastian County, Arkansas","54,047","2,232"
"Tucker County, West Virginia","54,053","2,231"
"Harrison County, Ohio","54,056","2,230"
"Menominee County, Michigan","54,074","2,228"
"Wabash County, Illinois","54,074","2,228"
"San Saba County, Texas","54,087","2,227"
"Union County, Illinois","54,090","2,226"
"Dooly County, Georgia","54,109","2,225"
"Macon County, Missouri","54,113","2,224"
"Warren County, Mississippi","54,117","2,223"
"Bates County, Missouri","54,122","2,222"
"Mecosta County, Michigan","54,132","2,221"
"Pawnee County, Kansas","54,141","2,220"
"Humphreys County, Tennessee","54,185","2,219"
"Benewah County, Idaho","54,191","2,218"
"Pearl River County, Mississippi","54,220","2,217"
"Cambria County, Pennsylvania","54,221","2,216"
"Garland County, Arkansas","54,229","2,215"
"Mahoning County, Ohio","54,279","2,214"
"Bryan County, Oklahoma","54,289","2,213"
"Cass County, Texas","54,303","2,212"
"Refugio County, Texas","54,304","2,211"
"Wayne County, North Carolina","54,323","2,210"
"Calhoun County, Alabama","54,339","2,209"
"Wood County, West Virginia","54,350","2,208"
"Sullivan County, Tennessee","54,357","2,207"
"Putnam County, Tennessee","54,371","2,206"
"Niobrara County, Wyoming","54,375","2,205"
"Pontotoc County, Mississippi","54,414","2,204"
"Lunenburg County, Virginia","54,438","2,203"
"Hopkins County, Kentucky","54,466","2,202"
"Taney County, Missouri","54,467","2,201"
"Huron County, Michigan","54,475","2,200"
"Polk County, Missouri","54,487","2,199"
"Jefferson County, Nebraska","54,494","2,198"
"Lamb County, Texas","54,519","2,197"
"Republic County, Kansas","54,531","2,196"
"Sullivan County, Indiana","54,556","2,195"
"Muscogee County, Georgia","54,561","2,194"
"Gray County, Texas","54,563","2,193"
"Bourbon County, Kentucky","54,580","2,192"
"White County, Illinois","54,605","2,191"
"Scott County, Missouri","54,621","2,190"
"Chautauqua County, New York","54,625","2,189"
"Barton County, Kansas","54,634","2,188"
"Lake County, Oregon","54,663","2,187"
"Hickman County, Tennessee","54,669","2,186"
"Northampton County, Virginia","54,693","2,185"
"Baldwin County, Georgia","54,699","2,184"
"Irion County, Texas","54,708","2,183"
"Idaho County, Idaho","54,745","2,182"
"Wadena County, Minnesota","54,747","2,181"
"McDuffie County, Georgia","54,752","2,180"
"Bradford County, Florida","54,759","2,179"
"Oxford County, Maine","54,780","2,178"
"Lawrence County, Alabama","54,786","2,177"
"Golden Valley County, Montana","54,792","2,176"
"San Jacinto County, Texas","54,839","2,175"
"Wayne County, Indiana","54,854","2,174"
"Fannin County, Georgia","54,857","2,173"
"Pierce County, Georgia","54,861","2,172"
"Logan County, Colorado","54,864","2,171"
"Musselshell County, Montana","54,875","2,169"
"Osceola County, Michigan","54,875","2,169"
"Greene County, Arkansas","54,879","2,168"
"Fall River County, South Dakota","54,886","2,167"
"Hamilton County, Texas","54,890","2,166"
"Neosho County, Kansas","54,894","2,165"
"Henry County, Missouri","54,903","2,164"
"Pitt County, North Carolina","54,915","2,163"
"Burt County, Nebraska","54,950","2,162"
"Modoc County, California","54,962","2,161"
"Jasper County, Missouri","54,963","2,160"
"Greene County, Missouri","54,968","2,159"
"Audubon County, Iowa","54,973","2,158"
"Elmore County, Idaho","55,000","2,156"
"Uvalde County, Texas","55,000","2,156"
"Allen County, Kansas","55,059","2,155"
"Houston County, Alabama","55,064","2,154"
"Schoolcraft County, Michigan","55,071","2,153"
"Dewey County, South Dakota","55,077","2,152"
"Langlade County, Wisconsin","55,091","2,151"
"Marion County, Ohio","55,106","2,150"
"Taos County, New Mexico","55,145","2,149"
"Liberty County, Georgia","55,149","2,148"
"Holt County, Missouri","55,153","2,147"
"Craighead County, Arkansas","55,169","2,146"
"Jackson County, West Virginia","55,173","2,145"
"Iberia Parish, Louisiana","55,190","2,144"
"Greer County, Oklahoma","55,204","2,143"
"Harrison County, Mississippi","55,211","2,142"
"Throckmorton County, Texas","55,221","2,141"
"Evans County, Georgia","55,222","2,139"
"Hampshire County, West Virginia","55,222","2,139"
"Adams County, Wisconsin","55,223","2,138"
"Kanawha County, West Virginia","55,226","2,137"
"Gila County, Arizona","55,242","2,136"
"Coos County, New Hampshire","55,247","2,134"
"Essex County, Vermont","55,247","2,134"
"Allegany County, Maryland","55,248","2,133"
"Marion County, Florida","55,265","2,132"
"Tangipahoa Parish, Louisiana","55,274","2,131"
"Madison County, Tennessee","55,280","2,130"
"Atchison County, Kansas","55,281","2,129"
"Upton County, Texas","55,284","2,128"
"Tyrrell County, North Carolina","55,341","2,127"
"Mobile County, Alabama","55,352","2,126"
"Monroe County, Ohio","55,381","2,125"
"Saline County, Missouri","55,396","2,124"
"Rapides Parish, Louisiana","55,407","2,123"
"El Paso County, Texas","55,417","2,122"
"Runnels County, Texas","55,424","2,121"
"Curry County, New Mexico","55,427","2,120"
"Wilson County, Kansas","55,439","2,119"
"Webster County, Kentucky","55,451","2,118"
"Gibson County, Tennessee","55,455","2,117"
"Columbiana County, Ohio","55,473","2,116"
"Pike County, Illinois","55,514","2,115"
"Ohio County, West Virginia","55,521","2,114"
"Montgomery County, North Carolina","55,523","2,113"
"Alger County, Michigan","55,528","2,112"
"Gallia County, Ohio","55,533","2,111"
"Mitchell County, North Carolina","55,534","2,110"
"Calhoun County, South Carolina","55,550","2,109"
"Cumberland County, North Carolina","55,551","2,108"
"Forest County, Wisconsin","55,552","2,107"
"Keweenaw County, Michigan","55,560","2,106"
"Rhea County, Tennessee","55,568","2,105"
"McCormick County, South Carolina","55,569","2,104"
"Towns County, Georgia","55,574","2,103"
"Fayette County, Pennsylvania","55,579","2,102"
"Barry County, Missouri","55,592","2,100"
"Mercer County, Missouri","55,592","2,100"
"Davison County, South Dakota","55,606","2,099"
"Franklin County, Nebraska","55,625","2,098"
"Webster County, Mississippi","55,657","2,097"
"Texas County, Oklahoma","55,682","2,096"
"Bath County, Virginia","55,699","2,095"
"Cowley County, Kansas","55,726","2,094"
"Tippecanoe County, Indiana","55,728","2,093"
"Harmon County, Oklahoma","55,729","2,092"
"Sanilac County, Michigan","55,740","2,091"
"Concho County, Texas","55,750","2,089"
"Gates County, North Carolina","55,750","2,089"
"Meagher County, Montana","55,753","2,088"
"Iron County, Wisconsin","55,777","2,087"
"Lawrence County, Illinois","55,811","2,086"
"Price County, Wisconsin","55,822","2,085"
"Bourbon County, Kansas","55,826","2,084"
"Pawnee County, Nebraska","55,833","2,083"
"St. Bernard Parish, Louisiana","55,857","2,082"
"Cass County, Indiana","55,862","2,081"
"Trigg County, Kentucky","55,864","2,080"
"Beaverhead County, Montana","55,867","2,078"
"Pamlico County, North Carolina","55,867","2,078"
"Brown County, Kansas","55,876","2,076"
"Hardin County, Ohio","55,876","2,076"
"Yell County, Arkansas","55,879","2,075"
"Clearwater County, Idaho","55,885","2,074"
"Albany County, Wyoming","55,887","2,073"
"Adams County, Idaho","55,891","2,072"
"Stone County, Mississippi","55,894","2,071"
"Freestone County, Texas","55,902","2,070"
"Simpson County, Kentucky","55,907","2,069"
"Live Oak County, Texas","55,949","2,068"
"Northumberland County, Pennsylvania","55,952","2,067"
"Thomas County, Georgia","55,958","2,066"
"Clay County, South Dakota","55,963","2,065"
"Union County, Mississippi","55,970","2,064"
"Perry County, Tennessee","55,978","2,063"
"Presque Isle County, Michigan","55,986","2,062"
"Cumberland County, Tennessee","56,002","2,061"
"Bleckley County, Georgia","56,021","2,060"
"Frio County, Texas","56,042","2,059"
"Fayette County, Iowa","56,043","2,058"
"Grant County, Oregon","56,045","2,057"
"Harrisonburg City, Virginia","56,050","2,056"
"Childress County, Texas","56,063","2,055"
"Decatur County, Iowa","56,068","2,053"
"Josephine County, Oregon","56,068","2,053"
"Beaufort County, North Carolina","56,081","2,051"
"Lauderdale County, Alabama","56,081","2,051"
"Florence County, South Carolina","56,088","2,050"
"Mineral County, Montana","56,098","2,049"
"Livingston County, Kentucky","56,125","2,048"
"Labette County, Kansas","56,143","2,047"
"Colbert County, Alabama","56,149","2,046"
"Fremont County, Colorado","56,165","2,045"
"Boone County, West Virginia","56,182","2,044"
"Harrison County, West Virginia","56,184","2,043"
"Vermilion Parish, Louisiana","56,194","2,042"
"Clayton County, Georgia","56,207","2,041"
"Wapello County, Iowa","56,209","2,040"
"Garza County, Texas","56,215","2,039"
"Lynchburg City, Virginia","56,243","2,038"
"Valencia County, New Mexico","56,246","2,037"
"Gulf County, Florida","56,250","2,036"
"Lake County, California","56,259","2,035"
"Navarro County, Texas","56,261","2,034"
"Pawnee County, Oklahoma","56,279","2,033"
"Silver Bow County, Montana","56,297","2,032"
"Riley County, Kansas","56,327","2,031"
"Perry County, Illinois","56,338","2,030"
"Delta County, Colorado","56,349","2,029"
"Kalkaska County, Michigan","56,380","2,028"
"Carter County, Oklahoma","56,390","2,027"
"Aitkin County, Minnesota","56,406","2,026"
"Matagorda County, Texas","56,412","2,025"
"Lyon County, Kansas","56,415","2,024"
"Randolph County, North Carolina","56,423","2,023"
"Yuma County, Arizona","56,439","2,022"
"Douglas County, Oregon","56,440","2,021"
"Garfield County, Utah","56,481","2,020"
"Owen County, Kentucky","56,485","2,019"
"Maries County, Missouri","56,491","2,017"
"Potter County, Pennsylvania","56,491","2,017"
"Union County, Iowa","56,495","2,016"
"Worth County, Georgia","56,496","2,015"
"Cumberland County, Virginia","56,497","2,014"
"Vernon Parish, Louisiana","56,547","2,013"
"Jackson County, Ohio","56,549","2,012"
"Mayes County, Oklahoma","56,552","2,011"
"Richland County, Ohio","56,557","2,010"
"Boyle County, Kentucky","56,568","2,009"
"Saginaw County, Michigan","56,579","2,008"
"Doddridge County, West Virginia","56,587","2,007"
"Haywood County, North Carolina","56,596","2,006"
"Jefferson County, Pennsylvania","56,607","2,005"
"Bowie County, Texas","56,628","2,004"
"Westmoreland County, Virginia","56,647","2,003"
"Madison County, North Carolina","56,664","2,002"
"Power County, Idaho","56,671","2,001"
"Edgar County, Illinois","56,687","2,000"
"Linn County, Kansas","56,697","1,999"
"Crawford County, Arkansas","56,702","1,998"
"Newberry County, South Carolina","56,706","1,997"
"Montgomery County, Alabama","56,707","1,996"
"Oconee County, South Carolina","56,710","1,995"
"Faulk County, South Dakota","56,734","1,994"
"Tripp County, South Dakota","56,758","1,993"
"Page County, Virginia","56,760","1,992"
"Nash County, North Carolina","56,770","1,991"
"Fayette County, Ohio","56,773","1,990"
"Sutton County, Texas","56,778","1,989"
"Muskingum County, Ohio","56,810","1,988"
"Long County, Georgia","56,819","1,987"
"Gilchrist County, Florida","56,823","1,985"
"Pulaski County, Indiana","56,823","1,985"
"Carroll County, Arkansas","56,826","1,984"
"Blaine County, Oklahoma","56,843","1,983"
"Giles County, Tennessee","56,877","1,982"
"Greene County, Iowa","56,884","1,981"
"Cattaraugus County, New York","56,889","1,980"
"Franklin County, Maine","56,890","1,979"
"Henderson County, Kentucky","56,912","1,978"
"Christian County, Illinois","56,933","1,977"
"Belmont County, Ohio","56,943","1,976"
"Crawford County, Georgia","56,948","1,975"
"Cherokee County, Texas","56,971","1,974"
"Clearfield County, Pennsylvania","56,982","1,973"
"Milam County, Texas","56,985","1,972"
"Caswell County, North Carolina","56,999","1,971"
"Ashland County, Wisconsin","57,000","1,970"
"Angelina County, Texas","57,055","1,969"
"Clay County, North Carolina","57,065","1,967"
"Stephens County, Oklahoma","57,065","1,967"
"Grant County, North Dakota","57,069","1,966"
"Highland County, Virginia","57,070","1,965"
"Union County, Tennessee","57,094","1,964"
"Cimarron County, Oklahoma","57,100","1,963"
"Ballard County, Kentucky","57,111","1,962"
"Boyd County, Nebraska","57,120","1,961"
"Seward County, Kansas","57,131","1,960"
"Hoke County, North Carolina","57,141","1,959"
"Floyd County, Virginia","57,146","1,958"
"Comanche County, Oklahoma","57,150","1,957"
"Portsmouth City, Virginia","57,154","1,956"
"Allen County, Kentucky","57,159","1,955"
"Indiana County, Pennsylvania","57,170","1,954"
"Sherman County, Oregon","57,171","1,953"
"Nemaha County, Nebraska","57,196","1,952"
"Klamath County, Oregon","57,219","1,951"
"Fulton County, Illinois","57,223","1,949"
"Wayne County, Michigan","57,223","1,949"
"Kidder County, North Dakota","57,240","1,948"
"Val Verde County, Texas","57,250","1,947"
"Itawamba County, Mississippi","57,252","1,946"
"Stewart County, Tennessee","57,257","1,945"
"Rabun County, Georgia","57,261","1,944"
"Lucas County, Ohio","57,265","1,943"
"Jefferson County, Texas","57,294","1,942"
"Prince Edward County, Virginia","57,304","1,941"
"Chase County, Nebraska","57,313","1,940"
"Polk County, Texas","57,315","1,939"
"Morrill County, Nebraska","57,325","1,938"
"Mercer County, Pennsylvania","57,353","1,937"
"Somerset County, Pennsylvania","57,357","1,936"
"Grant Parish, Louisiana","57,362","1,935"
"Leon County, Texas","57,363","1,934"
"Massac County, Illinois","57,365","1,933"
"Spalding County, Georgia","57,367","1,932"
"Jasper County, Georgia","57,374","1,931"
"Comanche County, Texas","57,383","1,930"
"Reno County, Kansas","57,390","1,929"
"Coffee County, Tennessee","57,424","1,928"
"Blount County, Alabama","57,440","1,927"
"Anderson County, Texas","57,445","1,926"
"Chester County, Tennessee","57,471","1,925"
"Rusk County, Wisconsin","57,473","1,924"
"Yadkin County, North Carolina","57,486","1,923"
"Reeves County, Texas","57,487","1,922"
"Dorchester County, Maryland","57,490","1,921"
"Hancock County, West Virginia","57,515","1,920"
"Sawyer County, Wisconsin","57,519","1,919"
"Stephenson County, Illinois","57,527","1,918"
"Franklin City, Virginia","57,537","1,916"
"Philadelphia County, Pennsylvania","57,537","1,916"
"Nicholas County, Kentucky","57,539","1,914"
"Stokes County, North Carolina","57,539","1,914"
"Bon Homme County, South Dakota","57,554","1,913"
"Gordon County, Georgia","57,555","1,912"
"Day County, South Dakota","57,558","1,911"
"Brazos County, Texas","57,562","1,910"
"Coos County, Oregon","57,563","1,909"
"Alachua County, Florida","57,566","1,907"
"Rock County, Nebraska","57,566","1,907"
"Roger Mills County, Oklahoma","57,574","1,906"
"Pettis County, Missouri","57,581","1,905"
"Pope County, Illinois","57,582","1,904"
"Lawrence County, Pennsylvania","57,585","1,903"
"Rio Grande County, Colorado","57,591","1,902"
"Phillips County, Kansas","57,611","1,901"
"Pickens County, South Carolina","57,628","1,900"
"Henry County, Indiana","57,632","1,899"
"Titus County, Texas","57,634","1,898"
"Cannon County, Tennessee","57,651","1,897"
"Lincoln County, Oklahoma","57,656","1,895"
"Rosebud County, Montana","57,656","1,895"
"Missaukee County, Michigan","57,667","1,894"
"Smith County, Tennessee","57,677","1,893"
"Walworth County, South Dakota","57,697","1,892"
"Wallace County, Kansas","57,708","1,891"
"Clay County, Kansas","57,765","1,890"
"Ellis County, Oklahoma","57,768","1,889"
"Greene County, Indiana","57,771","1,887"
"Wyandotte County, Kansas","57,771","1,887"
"Lincoln County, Oregon","57,794","1,886"
"Karnes County, Texas","57,798","1,885"
"Jefferson County, Indiana","57,801","1,884"
"Lafayette County, Florida","57,852","1,883"
"McKean County, Pennsylvania","57,861","1,882"
"Larue County, Kentucky","57,867","1,881"
"Floyd County, Georgia","57,868","1,880"
"Merrick County, Nebraska","57,873","1,879"
"Humboldt County, California","57,881","1,878"
"Bay County, Michigan","57,887","1,877"
"Todd County, Kentucky","57,891","1,876"
"Warren County, Pennsylvania","57,925","1,875"
"Franklin County, Tennessee","57,933","1,874"
"Gratiot County, Michigan","57,934","1,873"
"Morton County, Kansas","57,943","1,872"
"Owen County, Indiana","57,947","1,871"
"Adams County, North Dakota","57,950","1,870"
"Garfield County, Washington","57,958","1,869"
"Petroleum County, Montana","57,981","1,868"
"McMinn County, Tennessee","57,982","1,867"
"Geary County, Kansas","57,992","1,866"
"Crawford County, Michigan","57,998","1,865"
"Lake County, Montana","58,009","1,864"
"Mifflin County, Pennsylvania","58,012","1,863"
"Clay County, Illinois","58,028","1,862"
"Montgomery County, New York","58,033","1,861"
"Ross County, Ohio","58,048","1,860"
"Florence County, Wisconsin","58,049","1,859"
"Des Moines County, Iowa","58,084","1,858"
"Lee County, Iowa","58,094","1,857"
"Butte County, South Dakota","58,106","1,856"
"Franklin County, Florida","58,107","1,855"
"Cullman County, Alabama","58,119","1,854"
"Goliad County, Texas","58,125","1,852"
"Stark County, Illinois","58,125","1,852"
"Marshall County, West Virginia","58,129","1,851"
"Marion County, Tennessee","58,139","1,850"
"Wheeler County, Texas","58,158","1,849"
"Aransas County, Texas","58,168","1,848"
"Knox County, Indiana","58,173","1,847"
"Osage County, Oklahoma","58,189","1,846"
"Calhoun County, Michigan","58,191","1,845"
"Panola County, Texas","58,205","1,844"
"Okanogan County, Washington","58,218","1,843"
"Wright County, Iowa","58,240","1,842"
"Lamar County, Texas","58,246","1,841"
"McPherson County, Nebraska","58,250","1,840"
"Wayne County, Iowa","58,257","1,839"
"Union County, Kentucky","58,260","1,838"
"Garrard County, Kentucky","58,263","1,837"
"Page County, Iowa","58,264","1,836"
"Caldwell County, Missouri","58,269","1,835"
"Pottawatomie County, Oklahoma","58,270","1,834"
"Marshall County, Alabama","58,272","1,833"
"Clark County, Kansas","58,287","1,832"
"Henry County, Kentucky","58,294","1,831"
"Buchanan County, Missouri","58,303","1,830"
"Broome County, New York","58,317","1,829"
"Fergus County, Montana","58,321","1,828"
"Pulaski County, Arkansas","58,326","1,827"
"Boyd County, Kentucky","58,327","1,826"
"Bedford County, Pennsylvania","58,337","1,825"
"Delaware County, New York","58,338","1,824"
"St. Lawrence County, New York","58,339","1,823"
"Red Willow County, Nebraska","58,344","1,822"
"Baltimore City, Maryland","58,349","1,821"
"Swift County, Minnesota","58,362","1,820"
"Jefferson County, Illinois","58,384","1,819"
"Stone County, Missouri","58,392","1,818"
"Henry County, Alabama","58,395","1,817"
"Chippewa County, Michigan","58,408","1,816"
"Gilliam County, Oregon","58,409","1,815"
"Van Buren County, Iowa","58,417","1,814"
"Cochise County, Arizona","58,421","1,813"
"Hill County, Montana","58,427","1,812"
"Linn County, Missouri","58,435","1,811"
"Owyhee County, Idaho","58,440","1,810"
"Davidson County, North Carolina","58,473","1,809"
"Phillips County, Colorado","58,474","1,808"
"Mason County, Illinois","58,479","1,807"
"McCracken County, Kentucky","58,490","1,806"
"Washburn County, Wisconsin","58,504","1,805"
"Blaine County, Montana","58,507","1,803"
"Washington County, Tennessee","58,507","1,803"
"Atchison County, Missouri","58,521","1,802"
"Rice County, Kansas","58,523","1,801"
"McPherson County, South Dakota","58,529","1,800"
"Lavaca County, Texas","58,530","1,799"
"Greenup County, Kentucky","58,562","1,798"
"Genesee County, Michigan","58,594","1,797"
"Bond County, Illinois","58,617","1,796"
"Benton County, Indiana","58,620","1,795"
"Little River County, Arkansas","58,627","1,794"
"Gallatin County, Kentucky","58,641","1,793"
"Wexford County, Michigan","58,652","1,792"
"Scotland County, Missouri","58,656","1,791"
"Montgomery County, Missouri","58,660","1,790"
"Custer County, Oklahoma","58,669","1,789"
"Clarion County, Pennsylvania","58,690","1,788"
"Arkansas County, Arkansas","58,695","1,787"
"Hinsdale County, Colorado","58,712","1,786"
"Pendleton County, Kentucky","58,723","1,785"
"Allegany County, New York","58,725","1,784"
"Crawford County, Pennsylvania","58,734","1,783"
"Hamilton County, Kansas","58,750","1,779"
"Judith Basin County, Montana","58,750","1,779"
"Osborne County, Kansas","58,750","1,779"
"Wibaux County, Montana","58,750","1,779"
"Livingston County, Missouri","58,772","1,778"
"Boundary County, Idaho","58,810","1,777"
"Vanderburgh County, Indiana","58,839","1,776"
"Harrison County, Kentucky","58,840","1,775"
"Jack County, Texas","58,861","1,774"
"Wichita County, Texas","58,862","1,773"
"Logan County, Kentucky","58,869","1,772"
"Deuel County, Nebraska","58,875","1,771"
"Pacific County, Washington","58,889","1,770"
"Furnas County, Nebraska","58,895","1,769"
"Greene County, Illinois","58,900","1,768"
"Mineral County, Colorado","58,929","1,767"
"Ford County, Illinois","58,930","1,766"
"Scurry County, Texas","58,932","1,765"
"Perry County, Indiana","58,936","1,764"
"Clark County, Ohio","58,954","1,763"
"Allen County, Ohio","58,976","1,762"
"Dundy County, Nebraska","58,977","1,761"
"Grant County, Oklahoma","58,980","1,760"
"Kit Carson County, Colorado","58,992","1,759"
"Hocking County, Ohio","59,007","1,758"
"Clinton County, Pennsylvania","59,011","1,757"
"Campbell County, Virginia","59,022","1,755"
"Roberts County, South Dakota","59,022","1,755"
"Howard County, Missouri","59,023","1,754"
"Tehama County, California","59,029","1,753"
"Moore County, Texas","59,041","1,752"
"Washington County, Ohio","59,053","1,751"
"Newaygo County, Michigan","59,065","1,750"
"Washington County, Colorado","59,087","1,749"
"Marion County, Illinois","59,099","1,748"
"Carroll County, Missouri","59,101","1,747"
"Grays Harbor County, Washington","59,105","1,746"
"Washington County, Virginia","59,116","1,745"
"Crockett County, Tennessee","59,136","1,744"
"Lincoln County, Colorado","59,167","1,739"
"Stutsman County, North Dakota","59,167","1,739"
"Tyler County, West Virginia","59,167","1,739"
"Wahkiakum County, Washington","59,167","1,739"
"Wheeler County, Nebraska","59,167","1,739"
"Grand County, Utah","59,171","1,738"
"Sussex County, Virginia","59,195","1,737"
"Hernando County, Florida","59,202","1,736"
"Wayne County, Pennsylvania","59,240","1,735"
"Venango County, Pennsylvania","59,278","1,734"
"Lee County, Alabama","59,288","1,733"
"Mills County, Texas","59,315","1,732"
"Milwaukee County, Wisconsin","59,319","1,731"
"Pecos County, Texas","59,325","1,730"
"Clark County, South Dakota","59,340","1,729"
"Pend Oreille County, Washington","59,353","1,728"
"Jones County, Texas","59,361","1,727"
"King County, Texas","59,375","1,726"
"Barron County, Wisconsin","59,379","1,725"
"Blair County, Pennsylvania","59,386","1,724"
"Erie County, Pennsylvania","59,396","1,723"
"Sumner County, Kansas","59,397","1,722"
"Perquimans County, North Carolina","59,401","1,721"
"Hayes County, Nebraska","59,405","1,720"
"Iberville Parish, Louisiana","59,410","1,718"
"Robertson County, Texas","59,410","1,718"
"Gove County, Kansas","59,417","1,717"
"Hillsdale County, Michigan","59,425","1,716"
"Washington County, Oklahoma","59,426","1,715"
"Washington County, Kansas","59,432","1,714"
"Meigs County, Tennessee","59,434","1,713"
"Pueblo County, Colorado","59,436","1,712"
"Penobscot County, Maine","59,438","1,711"
"Columbia County, Pennsylvania","59,457","1,709"
"Pontotoc County, Oklahoma","59,457","1,709"
"Manistee County, Michigan","59,467","1,708"
"Marion County, Indiana","59,504","1,707"
"Keith County, Nebraska","59,511","1,706"
"Clinton County, Indiana","59,515","1,704"
"Lassen County, California","59,515","1,704"
"Dade County, Georgia","59,531","1,703"
"Miami County, Indiana","59,551","1,702"
"Cheboygan County, Michigan","59,557","1,701"
"Vermillion County, Indiana","59,567","1,700"
"Pierce County, North Dakota","59,583","1,699"
"Liberty County, Texas","59,605","1,698"
"Richmond City, Virginia","59,606","1,697"
"Shelby County, Tennessee","59,621","1,696"
"Macon County, Illinois","59,622","1,695"
"Kingman County, Kansas","59,640","1,694"
"Dickinson County, Michigan","59,651","1,693"
"Erath County, Texas","59,654","1,692"
"Whitfield County, Georgia","59,659","1,691"
"Ellis County, Kansas","59,665","1,690"
"Pleasants County, West Virginia","59,666","1,689"
"Randolph County, Indiana","59,674","1,688"
"Daviess County, Missouri","59,706","1,687"
"Tioga County, Pennsylvania","59,707","1,686"
"Wharton County, Texas","59,712","1,685"
"Rowan County, North Carolina","59,717","1,684"
"Valley County, Montana","59,725","1,683"
"Staunton City, Virginia","59,731","1,682"
"Wells County, North Dakota","59,732","1,681"
"Pulaski County, Virginia","59,740","1,680"
"Lafayette County, Mississippi","59,748","1,678"
"Marquette County, Wisconsin","59,748","1,678"
"Logan County, North Dakota","59,750","1,677"
"Henderson County, Texas","59,778","1,676"
"Koochiching County, Minnesota","59,779","1,675"
"McLennan County, Texas","59,781","1,674"
"Georgetown County, South Carolina","59,782","1,673"
"Union County, Georgia","59,783","1,672"
"Madison County, Kentucky","59,797","1,671"
"Tuscola County, Michigan","59,815","1,670"
"Camden County, Missouri","59,834","1,669"
"Ellsworth County, Kansas","59,844","1,668"
"Richland County, South Carolina","59,850","1,667"
"Pondera County, Montana","59,861","1,666"
"Carroll County, Ohio","59,872","1,665"
"Horry County, South Carolina","59,880","1,664"
"Castro County, Texas","59,886","1,663"
"Saline County, Kansas","59,887","1,662"
"Buckingham County, Virginia","59,894","1,660"
"Huntington County, Indiana","59,894","1,660"
"Monona County, Iowa","59,897","1,659"
"Bland County, Virginia","59,901","1,658"
"Bracken County, Kentucky","59,911","1,657"
"Starke County, Indiana","59,916","1,656"
"La Salle Parish, Louisiana","59,926","1,655"
"Harper County, Oklahoma","59,934","1,654"
"Bedford County, Tennessee","59,955","1,653"
"Marion County, West Virginia","59,974","1,652"
"Onslow County, North Carolina","59,976","1,651"
"Webb County, Texas","59,984","1,650"
"Stafford County, Kansas","60,000","1,649"
"Marion County, Kansas","60,011","1,648"
"Keokuk County, Iowa","60,016","1,647"
"Mariposa County, California","60,021","1,646"
"Fremont County, Wyoming","60,030","1,645"
"Edgefield County, South Carolina","60,033","1,644"
"Gage County, Nebraska","60,035","1,643"
"Appomattox County, Virginia","60,041","1,642"
"Jackson County, Mississippi","60,045","1,641"
"Nance County, Nebraska","60,054","1,640"
"Madison County, Indiana","60,060","1,639"
"Cuyahoga County, Ohio","60,074","1,638"
"Butts County, Georgia","60,076","1,637"
"Sevier County, Tennessee","60,103","1,636"
"Yuma County, Colorado","60,118","1,635"
"Preston County, West Virginia","60,136","1,634"
"Scotts Bluff County, Nebraska","60,137","1,633"
"Sherman County, Nebraska","60,194","1,632"
"Cotton County, Oklahoma","60,208","1,631"
"Murray County, Oklahoma","60,213","1,630"
"Calhoun County, Arkansas","60,237","1,628"
"Darke County, Ohio","60,237","1,628"
"Dickey County, North Dakota","60,250","1,627"
"Franklin County, New York","60,270","1,626"
"Lyman County, South Dakota","60,284","1,625"
"Rains County, Texas","60,291","1,624"
"Thayer County, Nebraska","60,305","1,623"
"Monroe County, Indiana","60,308","1,622"
"McMullen County, Texas","60,313","1,619"
"Newton County, Missouri","60,313","1,619"
"Powder River County, Montana","60,313","1,619"
"Williamson County, Illinois","60,325","1,618"
"Marinette County, Wisconsin","60,347","1,617"
"Custer County, Idaho","60,357","1,616"
"Berrien County, Michigan","60,379","1,615"
"Jefferson County, Tennessee","60,393","1,614"
"Clayton County, Iowa","60,441","1,613"
"Jasper County, South Carolina","60,452","1,612"
"Hardeman County, Texas","60,455","1,611"
"Upshur County, Texas","60,456","1,610"
"Fisher County, Texas","60,461","1,609"
"Polk County, North Carolina","60,465","1,608"
"Burnett County, Wisconsin","60,466","1,607"
"Glascock County, Georgia","60,469","1,606"
"Highland County, Ohio","60,522","1,605"
"Fulton County, New York","60,557","1,604"
"Fountain County, Indiana","60,559","1,603"
"Dixon County, Nebraska","60,568","1,602"
"Hamilton County, Illinois","60,574","1,601"
"Branch County, Michigan","60,600","1,599"
"Washita County, Oklahoma","60,600","1,599"
"Murray County, Georgia","60,617","1,598"
"Mackinac County, Michigan","60,620","1,597"
"Williams County, Ohio","60,632","1,596"
"Anderson County, Tennessee","60,633","1,595"
"Stanly County, North Carolina","60,634","1,594"
"Bradford County, Pennsylvania","60,650","1,593"
"Johnson County, Wyoming","60,667","1,592"
"Hill County, Texas","60,669","1,591"
"Person County, North Carolina","60,688","1,590"
"Oceana County, Michigan","60,691","1,589"
"Bradley County, Tennessee","60,692","1,588"
"Washington County, Indiana","60,695","1,587"
"Mercer County, Kentucky","60,728","1,586"
"Charles Mix County, South Dakota","60,729","1,585"
"Mason County, Michigan","60,744","1,584"
"Love County, Oklahoma","60,758","1,583"
"Orange County, Indiana","60,775","1,582"
"Edwards County, Illinois","60,784","1,581"
"Sandusky County, Ohio","60,814","1,580"
"Cass County, Iowa","60,815","1,579"
"Rooks County, Kansas","60,821","1,578"
"Crawford County, Wisconsin","60,823","1,577"
"Putnam County, Georgia","60,825","1,576"
"Luzerne County, Pennsylvania","60,836","1,575"
"Alamance County, North Carolina","60,866","1,574"
"Monongalia County, West Virginia","60,893","1,573"
"Polk County, Florida","60,901","1,572"
"Shackelford County, Texas","60,924","1,571"
"Gooding County, Idaho","60,938","1,570"
"Peach County, Georgia","60,940","1,569"
"Lee County, North Carolina","60,941","1,568"
"Jackson County, Oklahoma","60,954","1,567"
"Powell County, Montana","60,994","1,566"
"Bannock County, Idaho","60,998","1,564"
"Norfolk City, Virginia","60,998","1,564"
"Wrangell Borough, Alaska","61,000","1,563"
"Armstrong County, Pennsylvania","61,011","1,562"
"Morgan County, West Virginia","61,021","1,561"
"Hancock County, Illinois","61,026","1,560"
"Waushara County, Wisconsin","61,033","1,559"
"Orleans County, New York","61,069","1,558"
"Clinton County, Iowa","61,080","1,557"
"Champaign County, Illinois","61,090","1,556"
"DeWitt County, Texas","61,100","1,555"
"Sierra County, California","61,108","1,554"
"Custer County, Montana","61,114","1,553"
"Madison County, Nebraska","61,139","1,552"
"Del Norte County, California","61,149","1,551"
"Cavalier County, North Dakota","61,174","1,550"
"Twin Falls County, Idaho","61,183","1,549"
"Echols County, Georgia","61,184","1,548"
"Crawford County, Iowa","61,188","1,546"
"Morgan County, Illinois","61,188","1,546"
"Poweshiek County, Iowa","61,192","1,545"
"Woodward County, Oklahoma","61,207","1,544"
"Ste. Genevieve County, Missouri","61,215","1,543"
"Madison County, Montana","61,226","1,542"
"Forsyth County, North Carolina","61,229","1,541"
"Daggett County, Utah","61,250","1,535"
"Jones County, South Dakota","61,250","1,535"
"Knox County, Nebraska","61,250","1,535"
"Montcalm County, Michigan","61,250","1,535"
"Phillips County, Montana","61,250","1,535"
"Towner County, North Dakota","61,250","1,535"
"Montgomery County, Iowa","61,261","1,534"
"Big Horn County, Wyoming","61,262","1,533"
"Faulkner County, Arkansas","61,273","1,532"
"Tate County, Mississippi","61,286","1,531"
"Habersham County, Georgia","61,292","1,530"
"Huntingdon County, Pennsylvania","61,300","1,529"
"Dewey County, Oklahoma","61,310","1,528"
"Schuyler County, New York","61,316","1,526"
"Wasco County, Oregon","61,316","1,526"
"Leon County, Florida","61,317","1,525"
"Mendocino County, California","61,335","1,524"
"Kershaw County, South Carolina","61,343","1,523"
"Muskegon County, Michigan","61,347","1,522"
"Cascade County, Montana","61,351","1,521"
"Chemung County, New York","61,358","1,520"
"Taylor County, Wisconsin","61,360","1,519"
"Lincoln County, Tennessee","61,374","1,518"
"Montezuma County, Colorado","61,377","1,517"
"LaFourche Parish, Louisiana","61,381","1,516"
"Sherman County, Kansas","61,404","1,515"
"Pasquotank County, North Carolina","61,411","1,514"
"Pocahontas County, Iowa","61,434","1,513"
"Carroll County, Indiana","61,464","1,512"
"Perry County, Missouri","61,486","1,511"
"Ramsey County, North Dakota","61,490","1,510"
"Adams County, Nebraska","61,502","1,509"
"Carroll County, Illinois","61,539","1,508"
"Morgan County, Alabama","61,588","1,507"
"Lake and Peninsula Borough, Alaska","61,607","1,505"
"Richland County, Illinois","61,607","1,505"
"Escambia County, Florida","61,642","1,504"
"Tuscaloosa County, Alabama","61,645","1,503"
"Creek County, Oklahoma","61,657","1,502"
"Rusk County, Texas","61,661","1,501"
"Lake of the Woods County, Minnesota","61,667","1,500"
"Elk County, Pennsylvania","61,672","1,499"
"Martin County, Minnesota","61,674","1,498"
"Craven County, North Carolina","61,676","1,497"
"Broadwater County, Montana","61,679","1,495"
"Franklin County, Idaho","61,679","1,495"
"Pratt County, Kansas","61,685","1,494"
"Adams County, Indiana","61,731","1,493"
"Winnebago County, Illinois","61,738","1,492"
"Chenango County, New York","61,741","1,491"
"Wood County, Texas","61,748","1,490"
"Clay County, Iowa","61,756","1,489"
"Hart County, Georgia","61,765","1,488"
"Prince of Wales-Hyder Census Area, Alaska","61,779","1,487"
"Garfield County, Montana","61,786","1,485"
"Perkins County, Nebraska","61,786","1,485"
"Montgomery County, Illinois","61,796","1,484"
"Taylor County, Texas","61,806","1,483"
"Bonner County, Idaho","61,816","1,482"
"De Witt County, Illinois","61,823","1,481"
"Rawlins County, Kansas","61,827","1,480"
"Washakie County, Wyoming","61,875","1,479"
"St. Joseph County, Indiana","61,877","1,478"
"Clark County, Kentucky","61,878","1,477"
"Rockbridge County, Virginia","61,903","1,476"
"Chariton County, Missouri","61,910","1,475"
"Lubbock County, Texas","61,911","1,474"
"Juniata County, Pennsylvania","61,915","1,473"
"Antelope County, Nebraska","61,924","1,472"
"Montgomery County, Ohio","61,942","1,471"
"Union County, Oregon","61,946","1,470"
"Tuscarawas County, Ohio","61,953","1,469"
"Spartanburg County, South Carolina","61,955","1,468"
"Cass County, Minnesota","61,970","1,467"
"Richland County, Wisconsin","61,985","1,465"
"Washington County, Arkansas","61,985","1,465"
"Giles County, Virginia","61,987","1,464"
"Howard County, Indiana","62,014","1,463"
"Trousdale County, Tennessee","62,018","1,462"
"Miner County, South Dakota","62,037","1,461"
"Transylvania County, North Carolina","62,056","1,460"
"Catawba County, North Carolina","62,070","1,459"
"East Baton Rouge Parish, Louisiana","62,083","1,458"
"Chippewa County, Minnesota","62,112","1,457"
"Kennebec County, Maine","62,118","1,456"
"Shenandoah County, Virginia","62,149","1,455"
"Charlotte County, Florida","62,164","1,454"
"Beltrami County, Minnesota","62,173","1,453"
"Menominee County, Wisconsin","62,194","1,452"
"Coffee County, Alabama","62,199","1,451"
"Hutchinson County, Texas","62,211","1,450"
"Franklin County, Iowa","62,214","1,449"
"Nelson County, North Dakota","62,219","1,448"
"Bernalillo County, New Mexico","62,220","1,447"
"Wallowa County, Oregon","62,238","1,446"
"Cooper County, Missouri","62,239","1,445"
"Ochiltree County, Texas","62,240","1,444"
"Lincoln County, Idaho","62,250","1,443"
"Ashland County, Ohio","62,254","1,442"
"Latah County, Idaho","62,258","1,441"
"Calhoun County, Texas","62,267","1,440"
"St. Joseph County, Michigan","62,281","1,439"
"Custer County, Nebraska","62,288","1,438"
"Cumberland County, New Jersey","62,310","1,437"
"Valley County, Nebraska","62,321","1,436"
"Black Hawk County, Iowa","62,329","1,435"
"Van Zandt County, Texas","62,334","1,434"
"Hoonah-Angoon Census Area, Alaska","62,344","1,433"
"Anderson County, South Carolina","62,347","1,432"
"Hansford County, Texas","62,350","1,431"
"Floyd County, Iowa","62,356","1,429"
"Goshen County, Wyoming","62,356","1,429"
"Henry County, Iowa","62,365","1,428"
"Nottoway County, Virginia","62,366","1,427"
"Cherry County, Nebraska","62,373","1,426"
"Banner County, Nebraska","62,375","1,425"
"Stevens County, Washington","62,381","1,424"
"Kimble County, Texas","62,386","1,422"
"Rush County, Indiana","62,386","1,422"
"Yavapai County, Arizona","62,430","1,421"
"Chilton County, Alabama","62,471","1,420"
"Seneca County, Ohio","62,476","1,419"
"Marion County, Missouri","62,492","1,418"
"Winchester City, Virginia","62,495","1,417"
"Shiawassee County, Michigan","62,498","1,416"
"Johnson County, Missouri","62,503","1,415"
"Oklahoma County, Oklahoma","62,505","1,414"
"Steuben County, New York","62,506","1,413"
"Pulaski County, Missouri","62,541","1,412"
"Logan County, Illinois","62,547","1,411"
"Ingham County, Michigan","62,548","1,410"
"Kossuth County, Iowa","62,553","1,409"
"Webster County, Nebraska","62,571","1,408"
"Jackson County, Michigan","62,581","1,407"
"Ralls County, Missouri","62,615","1,406"
"Gaston County, North Carolina","62,628","1,405"
"Gasconade County, Missouri","62,638","1,404"
"Rutland County, Vermont","62,641","1,403"
"Fulton County, Indiana","62,644","1,402"
"Buena Vista County, Iowa","62,662","1,401"
"Roberts County, Texas","62,667","1,400"
"Lancaster County, Virginia","62,674","1,399"
"Waldo County, Maine","62,694","1,398"
"Warren County, Illinois","62,700","1,397"
"Richmond County, Virginia","62,708","1,396"
"Payette County, Idaho","62,721","1,395"
"Clearwater County, Minnesota","62,723","1,394"
"Alexander County, North Carolina","62,764","1,393"
"Jefferson County, New York","62,782","1,392"
"La Salle County, Texas","62,798","1,391"
"Montrose County, Colorado","62,817","1,390"
"Whiteside County, Illinois","62,828","1,389"
"Winnebago County, Iowa","62,853","1,388"
"Bell County, Texas","62,858","1,387"
"Otsego County, Michigan","62,865","1,386"
"Iroquois County, Illinois","62,866","1,385"
"Guilford County, North Carolina","62,880","1,384"
"Perry County, Ohio","62,899","1,383"
"Sullivan County, Pennsylvania","62,910","1,382"
"Frontier County, Nebraska","62,928","1,381"
"Franklin County, Kentucky","62,929","1,380"
"Montgomery County, Indiana","62,937","1,379"
"St. James Parish, Louisiana","62,946","1,378"
"Caledonia County, Vermont","62,964","1,377"
"Heard County, Georgia","62,965","1,376"
"Dickinson County, Kansas","62,971","1,375"
"Nobles County, Minnesota","62,973","1,374"
"Lawrence County, South Dakota","62,977","1,373"
"Beaver County, Oklahoma","62,981","1,372"
"Iron County, Utah","63,005","1,371"
"Mitchell County, Kansas","63,008","1,370"
"Lincoln County, Nebraska","63,019","1,369"
"Big Stone County, Minnesota","63,024","1,368"
"Warren County, Kentucky","63,074","1,367"
"Volusia County, Florida","63,075","1,366"
"Terrebonne Parish, Louisiana","63,088","1,365"
"Tillamook County, Oregon","63,098","1,364"
"Adams County, Washington","63,105","1,363"
"Marquette County, Michigan","63,115","1,362"
"Clarke County, Iowa","63,120","1,361"
"Hodgeman County, Kansas","63,125","1,359"
"Ida County, Iowa","63,125","1,359"
"Stark County, Ohio","63,130","1,358"
"Cerro Gordo County, Iowa","63,149","1,357"
"Fulton County, Pennsylvania","63,153","1,356"
"Adair County, Iowa","63,172","1,355"
"Clark County, Wisconsin","63,187","1,353"
"Pasco County, Florida","63,187","1,353"
"Taylor County, Kentucky","63,211","1,352"
"Aiken County, South Carolina","63,212","1,351"
"Todd County, Minnesota","63,216","1,350"
"Benson County, North Dakota","63,220","1,349"
"Cayuga County, New York","63,227","1,348"
"Bear Lake County, Idaho","63,244","1,347"
"Jefferson Parish, Louisiana","63,257","1,346"
"Wood County, Wisconsin","63,273","1,345"
"Coryell County, Texas","63,281","1,344"
"Johnson County, Illinois","63,295","1,343"
"Montague County, Texas","63,336","1,342"
"Colorado County, Texas","63,352","1,341"
"Newport News City, Virginia","63,355","1,340"
"Parke County, Indiana","63,393","1,339"
"Lucas County, Iowa","63,405","1,338"
"Peoria County, Illinois","63,409","1,337"
"Inyo County, California","63,417","1,336"
"Harrison County, Texas","63,427","1,335"
"Lycoming County, Pennsylvania","63,437","1,334"
"Amelia County, Virginia","63,438","1,333"
"Juneau County, Wisconsin","63,455","1,332"
"Traverse County, Minnesota","63,456","1,331"
"Thurston County, Nebraska","63,459","1,330"
"Shawnee County, Kansas","63,463","1,329"
"Grimes County, Texas","63,484","1,328"
"Grant County, Wisconsin","63,497","1,327"
"Cassia County, Idaho","63,525","1,326"
"Hall County, Nebraska","63,553","1,325"
"Sterling County, Texas","63,558","1,324"
"Schuylkill County, Pennsylvania","63,574","1,323"
"Cottonwood County, Minnesota","63,586","1,322"
"Minidoka County, Idaho","63,594","1,321"
"Jefferson County, Alabama","63,595","1,320"
"Hancock County, Mississippi","63,623","1,319"
"Cherokee County, Iowa","63,638","1,318"
"Newton County, Indiana","63,673","1,317"
"Asotin County, Washington","63,724","1,316"
"Vilas County, Wisconsin","63,726","1,315"
"Schuyler County, Illinois","63,737","1,314"
"Lackawanna County, Pennsylvania","63,739","1,313"
"Camas County, Idaho","63,750","1,311"
"Emmons County, North Dakota","63,750","1,311"
"Hopkins County, Texas","63,766","1,310"
"Adams County, Illinois","63,767","1,309"
"Gregg County, Texas","63,811","1,308"
"Beadle County, South Dakota","63,813","1,307"
"San Patricio County, Texas","63,842","1,306"
"Randolph County, Illinois","63,860","1,305"
"Bosque County, Texas","63,868","1,304"
"Kern County, California","63,883","1,303"
"Callahan County, Texas","63,906","1,302"
"Howard County, Iowa","63,947","1,301"
"Itasca County, Minnesota","63,962","1,300"
"Susquehanna County, Pennsylvania","63,968","1,299"
"Yates County, New York","63,974","1,298"
"Keya Paha County, Nebraska","63,977","1,297"
"Elkhart County, Indiana","63,978","1,296"
"Orleans County, Vermont","63,981","1,295"
"Moffat County, Colorado","63,983","1,294"
"Faribault County, Minnesota","64,000","1,293"
"McLean County, Kentucky","64,020","1,292"
"Daviess County, Kentucky","64,021","1,291"
"Nueces County, Texas","64,027","1,290"
"Nelson County, Virginia","64,028","1,289"
"Hot Springs County, Wyoming","64,031","1,288"
"Glenn County, California","64,033","1,287"
"Union County, Florida","64,043","1,286"
"Allamakee County, Iowa","64,049","1,285"
"Seneca County, New York","64,050","1,284"
"Lyon County, Kentucky","64,081","1,283"
"Graham County, Arizona","64,089","1,282"
"Bethel Census Area, Alaska","64,094","1,281"
"Crockett County, Texas","64,103","1,280"
"Daviess County, Indiana","64,113","1,279"
"Hardin County, Kentucky","64,136","1,278"
"Huron County, Ohio","64,144","1,277"
"Hancock County, Maine","64,149","1,276"
"Gibson County, Indiana","64,153","1,275"
"Crawford County, Illinois","64,163","1,274"
"Bureau County, Illinois","64,165","1,272"
"Garfield County, Oklahoma","64,165","1,272"
"Pike County, Indiana","64,182","1,271"
"Clinton County, Ohio","64,210","1,269"
"Lawrence County, Indiana","64,210","1,269"
"Miami-Dade County, Florida","64,215","1,268"
"Buffalo County, Wisconsin","64,238","1,267"
"Llano County, Texas","64,241","1,266"
"Pembina County, North Dakota","64,243","1,265"
"Gonzales County, Texas","64,255","1,264"
"Curry County, Oregon","64,300","1,263"
"Marshall County, Kansas","64,306","1,262"
"Osceola County, Florida","64,312","1,261"
"Lincoln County, Wisconsin","64,314","1,260"
"Pima County, Arizona","64,323","1,259"
"Johnson County, Nebraska","64,352","1,258"
"Sanpete County, Utah","64,356","1,257"
"Calcasieu Parish, Louisiana","64,370","1,256"
"McIntosh County, North Dakota","64,375","1,255"
"Lewis County, New York","64,401","1,254"
"Perkins County, South Dakota","64,410","1,253"
"Hampton City, Virginia","64,430","1,252"
"Rock Island County, Illinois","64,435","1,251"
"Brookings County, South Dakota","64,438","1,250"
"Barnes County, North Dakota","64,447","1,248"
"Garrett County, Maryland","64,447","1,248"
"Amherst County, Virginia","64,454","1,247"
"Emmet County, Iowa","64,461","1,246"
"Tulare County, California","64,474","1,245"
"Lee County, Mississippi","64,479","1,244"
"Androscoggin County, Maine","64,500","1,243"
"Carbon County, Pennsylvania","64,538","1,242"
"Harlan County, Nebraska","64,583","1,241"
"Lee County, Illinois","64,588","1,240"
"Marshall County, Kentucky","64,597","1,239"
"Bossier Parish, Louisiana","64,598","1,238"
"Jackson County, Wisconsin","64,630","1,237"
"Northumberland County, Virginia","64,655","1,236"
"Hardin County, Iowa","64,656","1,235"
"Douglas County, Wisconsin","64,682","1,234"
"Grand Forks County, North Dakota","64,698","1,233"
"Macoupin County, Illinois","64,706","1,232"
"Dolores County, Colorado","64,708","1,231"
"East Feliciana Parish, Louisiana","64,709","1,230"
"Mineral County, West Virginia","64,728","1,229"
"Adams County, Iowa","64,750","1,227"
"Lincoln County, Minnesota","64,750","1,227"
"Platte County, Wyoming","64,753","1,226"
"Brown County, Illinois","64,760","1,225"
"Merced County, California","64,772","1,224"
"Jefferson County, Washington","64,796","1,223"
"Brule County, South Dakota","64,821","1,222"
"Cass County, Illinois","64,826","1,221"
"Van Wert County, Ohio","64,841","1,220"
"Wayne County, Utah","64,870","1,219"
"Sweet Grass County, Montana","64,872","1,218"
"Ness County, Kansas","64,907","1,217"
"Yakima County, Washington","64,910","1,216"
"Union County, Pennsylvania","64,914","1,215"
"Marshall County, Illinois","64,940","1,214"
"Henderson County, Illinois","64,946","1,213"
"Wayne County, Nebraska","64,951","1,212"
"Garfield County, Nebraska","64,957","1,211"
"Lamar County, Georgia","64,966","1,210"
"Morrow County, Oregon","64,975","1,209"
"Harnett County, North Carolina","64,992","1,208"
"Nez Perce County, Idaho","65,023","1,207"
"Cortland County, New York","65,029","1,206"
"Oswego County, New York","65,054","1,205"
"Pine County, Minnesota","65,059","1,204"
"Wyoming County, New York","65,066","1,203"
"Cape Girardeau County, Missouri","65,070","1,202"
"O'Brien County, Iowa","65,076","1,201"
"Webster County, Missouri","65,103","1,200"
"Phelps County, Nebraska","65,114","1,198"
"St. John the Baptist Parish, Louisiana","65,114","1,198"
"Grant County, Nebraska","65,139","1,197"
"Lane County, Oregon","65,157","1,196"
"Kingfisher County, Oklahoma","65,167","1,195"
"Jackson County, Missouri","65,169","1,194"
"Erie County, Ohio","65,171","1,193"
"Vernon County, Wisconsin","65,177","1,192"
"Cass County, Michigan","65,183","1,191"
"Carbon County, Wyoming","65,196","1,190"
"Watonwan County, Minnesota","65,197","1,189"
"Mahaska County, Iowa","65,200","1,188"
"Gem County, Idaho","65,204","1,187"
"Teton County, Montana","65,224","1,186"
"Tulsa County, Oklahoma","65,229","1,185"
"Palo Pinto County, Texas","65,242","1,184"
"Montgomery County, Virginia","65,270","1,183"
"Norman County, Minnesota","65,278","1,182"
"Marshall County, Tennessee","65,325","1,181"
"Caroline County, Maryland","65,326","1,180"
"Paulding County, Ohio","65,331","1,179"
"Webster County, Iowa","65,335","1,178"
"White County, Indiana","65,345","1,177"
"Sedgwick County, Kansas","65,372","1,176"
"Caribou County, Idaho","65,380","1,175"
"Washington County, Kentucky","65,456","1,174"
"Grant County, Kentucky","65,461","1,173"
"Windham County, Vermont","65,473","1,172"
"Tama County, Iowa","65,483","1,171"
"Lenawee County, Michigan","65,484","1,170"
"Kankakee County, Illinois","65,489","1,168"
"Martin County, Indiana","65,489","1,168"
"Shawano County, Wisconsin","65,493","1,167"
"Henderson County, North Carolina","65,508","1,166"
"Van Buren County, Michigan","65,531","1,165"
"Young County, Texas","65,565","1,164"
"Charles City County, Virginia","65,573","1,163"
"Parmer County, Texas","65,575","1,162"
"Cheyenne County, Colorado","65,577","1,161"
"Duval County, Florida","65,579","1,160"
"Shelby County, Illinois","65,585","1,159"
"Pierce County, Nebraska","65,603","1,158"
"Jackson County, Indiana","65,609","1,157"
"Calhoun County, Iowa","65,614","1,156"
"Redwood County, Minnesota","65,617","1,155"
"Freeborn County, Minnesota","65,679","1,154"
"Chaffee County, Colorado","65,703","1,153"
"Butler County, Iowa","65,743","1,152"
"Codington County, South Dakota","65,747","1,151"
"Madison County, Texas","65,768","1,150"
"Otsego County, New York","65,778","1,149"
"Spink County, South Dakota","65,795","1,148"
"Sanborn County, South Dakota","65,806","1,147"
"Fannin County, Texas","65,835","1,146"
"Lea County, New Mexico","65,855","1,145"
"Clark County, Illinois","65,874","1,144"
"Niagara County, New York","65,882","1,143"
"Snyder County, Pennsylvania","65,914","1,142"
"Taylor County, Iowa","65,926","1,141"
"Haralson County, Georgia","65,940","1,140"
"Kingsbury County, South Dakota","65,964","1,139"
"Glynn County, Georgia","65,970","1,138"
"Crow Wing County, Minnesota","65,975","1,137"
"Bay County, Florida","65,999","1,136"
"Kittson County, Minnesota","66,000","1,133"
"Nuckolls County, Nebraska","66,000","1,133"
"Stanton County, Kansas","66,000","1,133"
"Marshall County, Indiana","66,016","1,132"
"Mitchell County, Iowa","66,056","1,131"
"Butte County, California","66,085","1,130"
"Fayette County, Kentucky","66,087","1,129"
"Clallam County, Washington","66,108","1,128"
"Oneida County, Wisconsin","66,111","1,127"
"Dakota County, Nebraska","66,112","1,126"
"Douglas County, Kansas","66,153","1,125"
"St. Lucie County, Florida","66,154","1,124"
"Osage County, Kansas","66,155","1,123"
"Winona County, Minnesota","66,162","1,122"
"Spencer County, Indiana","66,168","1,121"
"Sherman County, Texas","66,169","1,120"
"Chatham County, Georgia","66,171","1,119"
"Wabash County, Indiana","66,194","1,118"
"Story County, Iowa","66,197","1,117"
"Nelson County, Kentucky","66,212","1,116"
"Allen County, Indiana","66,222","1,115"
"Lake County, Florida","66,239","1,114"
"Custer County, Colorado","66,250","1,113"
"White County, Georgia","66,256","1,112"
"Morrison County, Minnesota","66,264","1,111"
"Franklin County, Virginia","66,275","1,110"
"Greene County, Pennsylvania","66,283","1,109"
"Craig County, Virginia","66,286","1,108"
"Jones County, Georgia","66,288","1,107"
"Jefferson County, Kentucky","66,296","1,106"
"Pershing County, Nevada","66,304","1,105"
"Victoria County, Texas","66,308","1,104"
"Henry County, Illinois","66,313","1,102"
"Renville County, Minnesota","66,313","1,102"
"Holt County, Nebraska","66,325","1,101"
"Ohio County, Indiana","66,333","1,100"
"Preble County, Ohio","66,355","1,099"
"Doniphan County, Kansas","66,358","1,098"
"Cooke County, Texas","66,374","1,097"
"Lake County, Indiana","66,375","1,096"
"Grant County, Washington","66,387","1,095"
"Green Lake County, Wisconsin","66,395","1,094"
"Oneida County, New York","66,402","1,093"
"Pinellas County, Florida","66,406","1,092"
"Manitowoc County, Wisconsin","66,412","1,091"
"Lee County, Texas","66,448","1,090"
"Shelby County, Indiana","66,449","1,089"
"Monroe County, Wisconsin","66,451","1,088"
"Haskell County, Kansas","66,458","1,087"
"Roane County, Tennessee","66,460","1,086"
"St. Louis County, Minnesota","66,491","1,085"
"Trimble County, Kentucky","66,492","1,084"
"Clinton County, Missouri","66,494","1,083"
"Switzerland County, Indiana","66,525","1,082"
"Motley County, Texas","66,528","1,081"
"Buncombe County, North Carolina","66,531","1,080"
"Boone County, Missouri","66,564","1,079"
"Klickitat County, Washington","66,581","1,078"
"Stonewall County, Texas","66,591","1,077"
"Jerauld County, South Dakota","66,607","1,076"
"Grayson County, Texas","66,608","1,075"
"Humboldt County, Iowa","66,617","1,073"
"Lafayette Parish, Louisiana","66,617","1,073"
"Hampden County, Massachusetts","66,619","1,072"
"Walla Walla County, Washington","66,635","1,071"
"Arthur County, Nebraska","66,667","1,070"
"Oglethorpe County, Georgia","66,672","1,069"
"Brown County, Ohio","66,677","1,068"
"Hamilton County, Iowa","66,685","1,067"
"Griggs County, North Dakota","66,688","1,066"
"Yuba County, California","66,693","1,065"
"Kerr County, Texas","66,713","1,064"
"Sheridan County, Kansas","66,719","1,063"
"Park County, Wyoming","66,754","1,062"
"Caldwell County, Texas","66,779","1,061"
"Carbon County, Montana","66,780","1,060"
"Moniteau County, Missouri","66,792","1,059"
"Dodge County, Nebraska","66,793","1,058"
"Hettinger County, North Dakota","66,797","1,057"
"Boone County, Nebraska","66,800","1,055"
"Kittitas County, Washington","66,800","1,055"
"Archuleta County, Colorado","66,813","1,053"
"Noble County, Oklahoma","66,813","1,053"
"Williamsburg City, Virginia","66,815","1,052"
"Missoula County, Montana","66,840","1,051"
"LaPorte County, Indiana","66,854","1,050"
"Sully County, South Dakota","66,875","1,049"
"Hunt County, Texas","66,885","1,048"
"St. Clair County, Michigan","66,887","1,047"
"Hamilton County, New York","66,891","1,046"
"Jennings County, Indiana","66,892","1,045"
"Carroll County, Georgia","66,895","1,044"
"Campbell County, South Dakota","66,932","1,043"
"Carteret County, North Carolina","66,965","1,042"
"Lac qui Parle County, Minnesota","66,967","1,041"
"Mower County, Minnesota","66,972","1,039"
"Sevier County, Utah","66,972","1,039"
"Hancock County, Ohio","67,006","1,038"
"Fremont County, Idaho","67,015","1,037"
"Mercer County, Illinois","67,028","1,036"
"Brown County, Minnesota","67,038","1,035"
"Emery County, Utah","67,056","1,034"
"Richland County, North Dakota","67,089","1,033"
"Clinton County, New York","67,097","1,032"
"Wilkin County, Minnesota","67,114","1,031"
"Jackson County, Texas","67,176","1,030"
"Charlottesville City, Virginia","67,177","1,028"
"Douglas County, Illinois","67,177","1,028"
"Beaver County, Pennsylvania","67,194","1,027"
"Hubbard County, Minnesota","67,197","1,026"
"Tom Green County, Texas","67,215","1,025"
"Howard County, Texas","67,243","1,024"
"Lewis County, Washington","67,247","1,023"
"Bayfield County, Wisconsin","67,266","1,021"
"Coconino County, Arizona","67,266","1,021"
"Lorain County, Ohio","67,272","1,020"
"Bexar County, Texas","67,275","1,019"
"Palo Alto County, Iowa","67,306","1,018"
"San Juan County, Colorado","67,344","1,017"
"Jerome County, Idaho","67,347","1,016"
"Oneida County, Idaho","67,383","1,015"
"Lincoln County, Nevada","67,412","1,014"
"Ravalli County, Montana","67,424","1,013"
"Muscatine County, Iowa","67,427","1,012"
"Jasper County, Illinois","67,429","1,011"
"Atascosa County, Texas","67,442","1,010"
"Sheridan County, Montana","67,457","1,009"
"Dawson County, Nebraska","67,462","1,008"
"Carson City, Nevada","67,465","1,007"
"New Hanover County, North Carolina","67,515","1,005"
"Richland County, Montana","67,515","1,005"
"Indian River County, Florida","67,543","1,004"
"Osceola County, Iowa","67,561","1,003"
"Lumpkin County, Georgia","67,592","1,002"
"Grant County, Minnesota","67,600","1,000"
"Pickaway County, Ohio","67,600","1,000"
"Park County, Montana","67,602",999
"Major County, Oklahoma","67,621",998
"Coffey County, Kansas","67,645",997
"Anderson County, Kansas","67,651",996
"Jackson County, Oregon","67,690",995
"Polk County, Nebraska","67,695",994
"Jo Daviess County, Illinois","67,729",993
"Fresno County, California","67,756",992
"Winneshiek County, Iowa","67,770",991
"Jasper County, Iowa","67,784",990
"Hemphill County, Texas","67,798",989
"Southampton County, Virginia","67,813",988
"Pennington County, South Dakota","67,823",987
"Sullivan County, New York","67,841",986
"Hancock County, Iowa","67,865",985
"Baker County, Florida","67,872",984
"Plumas County, California","67,885",983
"Montgomery County, Tennessee","67,890",982
"Box Butte County, Nebraska","67,893",981
"Ringgold County, Iowa","67,898",980
"Kalamazoo County, Michigan","67,905",979
"DeKalb County, Missouri","67,910",978
"Franklin County, Texas","67,915",977
"La Salle County, Illinois","67,942",976
"Stevens County, Kansas","67,950",975
"Wyoming County, Pennsylvania","67,968",974
"Lamar County, Mississippi","67,972",973
"Uintah County, Utah","67,983",972
"Otter Tail County, Minnesota","67,990",971
"Ford County, Kansas","67,997",970
"Erie County, New York","68,014",969
"Clatsop County, Oregon","68,025",967
"Flathead County, Montana","68,025",967
"Carroll County, Iowa","68,041",966
"Wells County, Indiana","68,074",965
"Mesa County, Colorado","68,077",964
"Lonoke County, Arkansas","68,078",963
"Granville County, North Carolina","68,079",962
"Walsh County, North Dakota","68,082",961
"Mille Lacs County, Minnesota","68,088",960
"Essex County, New York","68,090",959
"Hancock County, Kentucky","68,102",958
"Camden County, Georgia","68,104",956
"Herkimer County, New York","68,104",956
"DeKalb County, Indiana","68,110",955
"Dawson County, Montana","68,168",954
"Lincoln County, Washington","68,172",953
"Livingston County, Illinois","68,175",952
"Genesee County, New York","68,178",951
"Franklin County, Kansas","68,217",950
"Hamilton County, Ohio","68,249",949
"Door County, Wisconsin","68,257",948
"Haines Borough, Alaska","68,276",947
"Autauga County, Alabama","68,315",946
"Pipestone County, Minnesota","68,341",945
"Shasta County, California","68,347",944
"Summit County, Ohio","68,360",943
"Clay County, Indiana","68,364",942
"Jackson County, Minnesota","68,368",941
"Woodbury County, Iowa","68,399",940
"Salem City, Virginia","68,402",939
"Canyon County, Idaho","68,473",938
"Trempealeau County, Wisconsin","68,474",937
"Finney County, Kansas","68,481",936
"Delta County, Texas","68,491",935
"Dickson County, Tennessee","68,492",934
"Union County, Indiana","68,514",933
"Meade County, Kentucky","68,518",932
"Beauregard Parish, Louisiana","68,525",931
"Kings County, California","68,540",930
"Wyandot County, Ohio","68,552",929
"Kent County, Texas","68,553",928
"Bennington County, Vermont","68,558",927
"Knox County, Tennessee","68,580",926
"Hickman County, Kentucky","68,589",925
"Grant County, Arkansas","68,598",924
"DeKalb County, Illinois","68,617",923
"Surry County, Virginia","68,655",922
"Becker County, Minnesota","68,683",921
"Sheridan County, North Dakota","68,684",920
"Washington County, New York","68,703",919
"Pottawattamie County, Iowa","68,718",918
"La Crosse County, Wisconsin","68,731",917
"Kearny County, Kansas","68,750",916
"Andrew County, Missouri","68,774",915
"Sac County, Iowa","68,778",914
"Jones County, Iowa","68,781",913
"Columbia County, Washington","68,825",912
"Steuben County, Indiana","68,837",911
"Yankton County, South Dakota","68,847",910
"Antrim County, Michigan","68,850",909
"Madison County, New York","68,869",908
"Crook County, Wyoming","68,876",907
"Catoosa County, Georgia","68,896",906
"Sheridan County, Wyoming","68,898",905
"Knox County, Maine","68,904",904
"St. Clair County, Illinois","68,915",903
"Cuming County, Nebraska","68,917",902
"Lyon County, Minnesota","68,919",901
"Dubois County, Indiana","68,945",900
"Sheboygan County, Wisconsin","68,969",899
"Kanabec County, Minnesota","68,995",898
"Rockdale County, Georgia","68,999",897
"Clark County, Indiana","69,005",896
"Smith County, Texas","69,053",895
"Hamilton County, Tennessee","69,069",894
"Banks County, Georgia","69,096",893
"Natrona County, Wyoming","69,104",892
"Davie County, North Carolina","69,105",891
"Logan County, Ohio","69,125",890
"Hutchinson County, South Dakota","69,139",889
"Waupaca County, Wisconsin","69,198",888
"Logan County, Nebraska","69,250",885
"Moore County, Tennessee","69,250",885
"Rich County, Utah","69,250",885
"Flagler County, Florida","69,251",884
"Kent County, Delaware","69,278",883
"Lafayette County, Wisconsin","69,293",882
"Defiance County, Ohio","69,302",881
"Jefferson County, Oregon","69,345",880
"Lee County, Florida","69,368",879
"Fremont County, Iowa","69,375",878
"Middlesex County, Virginia","69,389",877
"Marshall County, Minnesota","69,396",876
"Millard County, Utah","69,403",875
"Dillingham Census Area, Alaska","69,412",874
"Wicomico County, Maryland","69,421",873
"Bingham County, Idaho","69,433",872
"Westmoreland County, Pennsylvania","69,454",871
"Windsor County, Vermont","69,492",870
"Ottawa County, Ohio","69,515",869
"Linn County, Oregon","69,523",868
"Polk County, Minnesota","69,540",867
"Wichita County, Kansas","69,551",866
"Colusa County, California","69,619",865
"Lincoln County, Maine","69,638",864
"Teller County, Colorado","69,655",863
"Emmet County, Michigan","69,690",862
"Jackson County, Iowa","69,709",861
"Hyde County, South Dakota","69,712",860
"Dunn County, Wisconsin","69,721",859
"Oliver County, North Dakota","69,722",858
"Stevens County, Minnesota","69,737",857
"Berkshire County, Massachusetts","69,744",856
"Charlevoix County, Michigan","69,764",855
"Ray County, Missouri","69,779",854
"Iowa County, Iowa","69,787",853
"Portage County, Ohio","69,796",852
"Chippewa County, Wisconsin","69,815",851
"Bailey County, Texas","69,830",850
"Cameron Parish, Louisiana","69,847",849
"Rio Blanco County, Colorado","69,882",848
"Anderson County, Kentucky","69,885",847
"Lamoille County, Vermont","69,886",846
"Worth County, Iowa","69,897",845
"Jessamine County, Kentucky","69,905",844
"Clark County, Nevada","69,911",843
"Churchill County, Nevada","69,922",842
"Platte County, Nebraska","69,943",841
"Greeley County, Kansas","69,948",840
"Archer County, Texas","69,954",839
"Tompkins County, New York","69,995",838
"Wabaunsee County, Kansas","70,000",837
"Lyon County, Nevada","70,026",836
"Winnebago County, Wisconsin","70,041",835
"Washington County, Texas","70,043",834
"Thomas County, Nebraska","70,069",833
"Centre County, Pennsylvania","70,087",832
"Buffalo County, Nebraska","70,093",831
"Treasure County, Montana","70,096",830
"Sumter County, Florida","70,105",829
"Franklin County, Missouri","70,111",828
"Nome Census Area, Alaska","70,121",827
"Roseau County, Minnesota","70,122",826
"Eau Claire County, Wisconsin","70,127",825
"King and Queen County, Virginia","70,147",824
"Gillespie County, Texas","70,162",823
"Hardin County, Texas","70,164",822
"Martin County, Texas","70,217",821
"LaMoure County, North Dakota","70,227",820
"Meade County, South Dakota","70,256",819
"Ripley County, Indiana","70,285",818
"Noble County, Indiana","70,286",817
"Greene County, New York","70,294",816
"Shelby County, Iowa","70,295",815
"Osage County, Missouri","70,313",814
"Reagan County, Texas","70,319",813
"Wayne County, Ohio","70,320",812
"Umatilla County, Oregon","70,322",811
"Kane County, Utah","70,327",810
"Broward County, Florida","70,331",809
"Gilmer County, Georgia","70,334",808
"Benton County, Minnesota","70,346",807
"Kiowa County, Kansas","70,347",806
"Fond du Lac County, Wisconsin","70,368",805
"Brown County, South Dakota","70,379",804
"Logan County, Kansas","70,382",803
"Franklin County, Massachusetts","70,383",802
"Jackson County, Kansas","70,385",801
"Lancaster County, Nebraska","70,387",800
"Spokane County, Washington","70,394",799
"Morrow County, Ohio","70,412",798
"Armstrong County, Texas","70,417",797
"Tioga County, New York","70,427",796
"Tuolumne County, California","70,432",795
"Livingston County, New York","70,443",794
"Morgan County, Colorado","70,471",793
"Champaign County, Ohio","70,486",792
"Franklin County, North Carolina","70,493",791
"Scott County, Illinois","70,500",790
"Santa Fe County, New Mexico","70,522",789
"Wood County, Ohio","70,537",788
"Ector County, Texas","70,566",787
"Callaway County, Missouri","70,599",786
"Yellow Medicine County, Minnesota","70,605",785
"Putnam County, Indiana","70,609",784
"Hillsborough County, Florida","70,612",783
"Slope County, North Dakota","70,625",782
"Rock County, Wisconsin","70,630",781
"Cole County, Missouri","70,667",780
"Tipton County, Tennessee","70,674",779
"Harvey County, Kansas","70,685",778
"Dallas County, Texas","70,732",776
"Newton County, Georgia","70,732",776
"Howard County, Nebraska","70,766",775
"Ward County, Texas","70,771",774
"Boise County, Idaho","70,776",773
"Sullivan County, New Hampshire","70,788",772
"Harris County, Texas","70,789",771
"Duchesne County, Utah","70,821",770
"Marshall County, Iowa","70,828",769
"Pepin County, Wisconsin","70,833",768
"Grant County, South Dakota","70,851",767
"Blue Earth County, Minnesota","70,906",766
"Cowlitz County, Washington","70,912",765
"Marion County, Oregon","70,926",764
"Blount County, Tennessee","70,935",763
"Kosciusko County, Indiana","70,945",762
"Bandera County, Texas","70,965",761
"Wayne County, New York","71,007",760
"Baldwin County, Alabama","71,039",759
"Dauphin County, Pennsylvania","71,046",758
"Franklin County, Ohio","71,070",757
"Oldham County, Texas","71,103",756
"Saline County, Nebraska","71,104",755
"Washington County, Iowa","71,122",754
"Brunswick County, North Carolina","71,193",753
"Colfax County, Nebraska","71,205",752
"Pope County, Minnesota","71,212",751
"Knox County, Ohio","71,246",750
"McPherson County, Kansas","71,250",749
"Cumberland County, Illinois","71,274",748
"Lexington County, South Carolina","71,280",747
"White Pine County, Nevada","71,297",746
"Portage County, Wisconsin","71,301",745
"Harrison County, Indiana","71,302",744
"Brevard County, Florida","71,308",743
"Benzie County, Michigan","71,327",742
"Greenville County, South Carolina","71,328",741
"Crane County, Texas","71,364",740
"Manatee County, Florida","71,385",739
"Miami County, Ohio","71,440",738
"Monroe County, New York","71,450",737
"Fulton County, Ohio","71,453",736
"Ransom County, North Dakota","71,462",735
"Moody County, South Dakota","71,469",734
"Onondaga County, New York","71,479",732
"Schoharie County, New York","71,479",732
"Burnet County, Texas","71,482",731
"Harding County, South Dakota","71,484",730
"Aurora County, South Dakota","71,490",729
"Maury County, Tennessee","71,500",727
"Murray County, Minnesota","71,500",727
"Pennington County, Minnesota","71,504",726
"Decatur County, Indiana","71,566",725
"Houston County, Minnesota","71,580",724
"Henry County, Ohio","71,616",723
"Lipscomb County, Texas","71,625",722
"Kent County, Maryland","71,635",721
"Waller County, Texas","71,643",720
"Sangamon County, Illinois","71,653",719
"Ionia County, Michigan","71,720",718
"Burleson County, Texas","71,745",717
"Dodge County, Wisconsin","71,747",716
"Cleveland County, Oklahoma","71,757",715
"Madison County, Illinois","71,759",714
"Potter County, South Dakota","71,786",713
"Weston County, Wyoming","71,800",712
"Franklin County, Pennsylvania","71,808",711
"Waseca County, Minnesota","71,856",710
"Davidson County, Tennessee","71,863",709
"Chelan County, Washington","71,876",708
"Orange County, Texas","71,910",707
"Cook County, Minnesota","71,937",706
"Tipton County, Indiana","71,947",705
"Kootenai County, Idaho","71,949",704
"Lewis and Clark County, Montana","71,967",703
"Dallam County, Texas","71,969",702
"Washington County, Utah","71,976",701
"Campbell County, Kentucky","71,979",700
"West Feliciana Parish, Louisiana","71,985",699
"Cedar County, Nebraska","72,035",697
"Wakulla County, Florida","72,035",697
"Lancaster County, South Carolina","72,186",696
"Colonial Heights City, Virginia","72,216",695
"Yellowstone County, Montana","72,300",694
"Turner County, South Dakota","72,312",693
"Fillmore County, Nebraska","72,335",692
"Thomas County, Kansas","72,417",691
"Dickinson County, Iowa","72,446",690
"Douglas County, Minnesota","72,472",689
"Louisa County, Iowa","72,500",688
"Lebanon County, Pennsylvania","72,532",687
"Allegheny County, Pennsylvania","72,537",686
"Pickens County, Georgia","72,558",685
"Monroe County, Michigan","72,573",684
"Providence County, Rhode Island","72,579",683
"Montour County, Pennsylvania","72,626",682
"Orange County, Florida","72,629",681
"Sutter County, California","72,654",680
"Racine County, Wisconsin","72,658",679
"Cache County, Utah","72,719",678
"Chickasaw County, Iowa","72,734",677
"Box Elder County, Utah","72,769",676
"Nemaha County, Kansas","72,788",675
"Scott County, Iowa","72,792",674
"San Miguel County, Colorado","72,829",673
"Moultrie County, Illinois","72,833",671
"Warren County, Indiana","72,833",671
"Hand County, South Dakota","72,857",670
"Valley County, Idaho","72,878",669
"Fayette County, Texas","72,881",668
"Benton County, Oregon","72,882",667
"York County, Nebraska","72,914",666
"Sauk County, Wisconsin","72,930",665
"Johnson County, Iowa","72,977",664
"Holmes County, Ohio","72,987",663
"Washington County, Maryland","73,017",662
"Otoe County, Nebraska","73,031",661
"Medina County, Texas","73,060",660
"Bonneville County, Idaho","73,103",658
"Iredell County, North Carolina","73,103",658
"Stearns County, Minnesota","73,105",657
"Minnehaha County, South Dakota","73,110",656
"Atlantic County, New Jersey","73,113",655
"Effingham County, Illinois","73,181",654
"St. Clair County, Alabama","73,218",653
"Rockingham County, Virginia","73,232",652
"Fillmore County, Minnesota","73,234",651
"Saline County, Arkansas","73,236",650
"Marathon County, Wisconsin","73,248",649
"Cass County, North Dakota","73,249",648
"Hamilton County, Nebraska","73,254",647
"Elmore County, Alabama","73,258",646
"Lampasas County, Texas","73,269",645
"Mercer County, Ohio","73,278",644
"Kandiyohi County, Minnesota","73,285",643
"McLeod County, Minnesota","73,296",642
"Gaines County, Texas","73,299",641
"Pinal County, Arizona","73,313",640
"Salem County, New Jersey","73,378",639
"Buchanan County, Iowa","73,493",638
"Dubuque County, Iowa","73,495",637
"Shelby County, Ohio","73,502",636
"Madera County, California","73,543",635
"Austin County, Texas","73,556",634
"Oconto County, Wisconsin","73,611",633
"Berkeley County, West Virginia","73,619",632
"Franklin County, Vermont","73,633",631
"Whitley County, Indiana","73,636",630
"Midland County, Michigan","73,643",629
"Dorchester County, South Carolina","73,686",628
"Lyon County, Iowa","73,735",627
"Greenlee County, Arizona","73,756",626
"Essex County, New Jersey","73,785",625
"Lake County, Minnesota","73,860",624
"Jefferson County, Montana","73,875",623
"Macomb County, Michigan","73,876",622
"Red Lake County, Minnesota","73,889",621
"Bullitt County, Kentucky","73,900",620
"Eureka County, Nevada","73,929",619
"Brown County, Indiana","73,933",617
"Clay County, Nebraska","73,933",617
"Okaloosa County, Florida","73,988",616
"Billings County, North Dakota","74,000",615
"Marshall County, South Dakota","74,018",614
"Meade County, Kansas","74,063",613
"Brown County, Wisconsin","74,066",612
"Polk County, Wisconsin","74,142",611
"Hall County, Georgia","74,153",610
"Marion County, Iowa","74,193",609
"Hawaii County, Hawaii","74,238",608
"Kearney County, Nebraska","74,276",607
"Grady County, Oklahoma","74,349",606
"Mason County, Washington","74,388",605
"Washington County, Pennsylvania","74,403",604
"Robertson County, Tennessee","74,440",603
"Gray County, Kansas","74,500",602
"Warren County, New York","74,531",601
"Orange County, Vermont","74,534",600
"Pender County, North Carolina","74,538",599
"Ottawa County, Kansas","74,551",598
"Jefferson County, Kansas","74,562",597
"Madison County, Virginia","74,586",596
"Tazewell County, Illinois","74,606",595
"Berks County, Pennsylvania","74,617",594
"Carlton County, Minnesota","74,660",593
"Kings County, New York","74,692",592
"Bedford City and County, Virginia","74,773",591
"Sibley County, Minnesota","74,781",590
"Bartow County, Georgia","74,812",589
"Walton County, Florida","74,832",588
"Amador County, California","74,853",587
"Monroe County, Georgia","74,867",586
"Stanislaus County, California","74,872",585
"McCook County, South Dakota","74,873",584
"Lake County, South Dakota","74,884",583
"Durham County, North Carolina","74,927",582
"Crook County, Oregon","74,969",581
"Lehigh County, Pennsylvania","74,973",580
"Clay County, Minnesota","75,006",579
"Loudon County, Tennessee","75,008",578
"Alfalfa County, Oklahoma","75,028",577
"Douglas County, South Dakota","75,048",576
"Barrow County, Georgia","75,053",575
"Schenectady County, New York","75,056",574
"Rock County, Minnesota","75,060",573
"Wabasha County, Minnesota","75,063",572
"Wagoner County, Oklahoma","75,082",571
"Washington County, Illinois","75,111",570
"Walworth County, Wisconsin","75,172",569
"Barry County, Michigan","75,182",568
"Clay County, Texas","75,227",567
"Auglaize County, Ohio","75,231",566
"Johnston County, North Carolina","75,288",565
"Rogers County, Oklahoma","75,312",564
"McLean County, Illinois","75,356",563
"Southeast Fairbanks Census Area, Alaska","75,378",562
"Lapeer County, Michigan","75,402",561
"Sussex County, Delaware","75,406",560
"Linn County, Iowa","75,457",559
"Windham County, Connecticut","75,513",558
"Warren County, Missouri","75,531",557
"Allegan County, Michigan","75,543",556
"Grand Traverse County, Michigan","75,553",555
"Humboldt County, Nevada","75,574",554
"Posey County, Indiana","75,594",553
"Sargent County, North Dakota","75,648",552
"Lincoln County, North Carolina","75,672",551
"Floyd County, Indiana","75,686",550
"Butler County, Nebraska","75,690",549
"Putnam County, West Virginia","75,725",548
"Putnam County, Illinois","75,726",547
"Boone County, Iowa","75,759",546
"Ogle County, Illinois","75,782",545
"Christian County, Missouri","75,787",544
"Guthrie County, Iowa","75,795",543
"Harrison County, Iowa","75,830",542
"Delaware County, Iowa","75,896",541
"Meeker County, Minnesota","75,926",540
"Custer County, South Dakota","75,943",539
"Franklin County, Indiana","75,985",538
"Kenton County, Kentucky","76,016",537
"Stanton County, Nebraska","76,035",536
"DeKalb County, Georgia","76,044",535
"Palm Beach County, Florida","76,066",534
"Green County, Wisconsin","76,080",533
"Douglas County, Nebraska","76,083",532
"Perry County, Pennsylvania","76,103",531
"Augusta County, Virginia","76,124",530
"Kent County, Michigan","76,247",529
"Kenai Peninsula Borough, Alaska","76,272",528
"Laramie County, Wyoming","76,282",527
"Monroe County, Iowa","76,324",526
"Pike County, Pennsylvania","76,416",525
"Sandoval County, New Mexico","76,424",524
"Rankin County, Mississippi","76,460",523
"Gunnison County, Colorado","76,538",522
"Cheshire County, New Hampshire","76,551",521
"Gosper County, Nebraska","76,583",519
"Kenosha County, Wisconsin","76,583",519
"Louisa County, Virginia","76,594",518
"Ontario County, New York","76,603",517
"Worcester County, Maryland","76,689",516
"San Juan County, Washington","76,745",515
"Edmunds County, South Dakota","76,806",514
"Lake County, Ohio","76,835",513
"Yakutat City and Borough, Alaska","76,875",512
"Bartholomew County, Indiana","76,912",511
"St. Tammany Parish, Louisiana","76,914",510
"Douglas County, Georgia","76,930",509
"Cedar County, Iowa","76,959",508
"Houston County, Georgia","76,968",507
"Hamlin County, South Dakota","76,995",506
"Deuel County, South Dakota","76,997",505
"Cheatham County, Tennessee","77,014",504
"Jefferson County, Wisconsin","77,018",503
"Carroll County, New Hampshire","77,049",502
"Johnson County, Texas","77,058",501
"Butler County, Ohio","77,062",499
"Madison County, Ohio","77,062",499
"Renville County, North Dakota","77,067",498
"Eaton County, Michigan","77,158",497
"Davis County, Iowa","77,176",496
"Ulster County, New York","77,197",495
"Sarasota County, Florida","77,213",494
"Jefferson County, Missouri","77,217",493
"Dinwiddie County, Virginia","77,225",492
"Washington County, Vermont","77,278",491
"Polk County, Oregon","77,353",490
"San Bernardino County, California","77,423",489
"Eddy County, New Mexico","77,458",488
"Jefferson County, Idaho","77,491",487
"Trego County, Kansas","77,500",486
"Calaveras County, California","77,526",485
"Greene County, Georgia","77,527",484
"Whatcom County, Washington","77,581",483
"Mason County, Texas","77,583",482
"Sagadahoc County, Maine","77,591",481
"Jersey County, Illinois","77,607",480
"Kewaunee County, Wisconsin","77,610",479
"Northwest Arctic Borough, Alaska","77,647",478
"Botetourt County, Virginia","77,680",477
"Butler County, Kansas","77,724",476
"Jasper County, Indiana","77,777",475
"Petersburg Census Area, Alaska","77,826",474
"Berkeley County, South Carolina","77,874",473
"Franklin County, Washington","77,877",472
"Martin County, Florida","77,894",471
"Livingston Parish, Louisiana","77,978",470
"Moore County, North Carolina","77,981",469
"Plaquemines Parish, Louisiana","77,996",468
"Randall County, Texas","78,038",467
"Clinton County, Illinois","78,054",466
"Madison County, Alabama","78,058",465
"Hartley County, Texas","78,065",464
"St. Louis County, Missouri","78,067",463
"McHenry County, North Dakota","78,071",462
"Ramsey County, Minnesota","78,108",461
"Ward County, North Dakota","78,143",460
"Uinta County, Wyoming","78,164",459
"Rice County, Minnesota","78,214",458
"Rutherford County, Tennessee","78,291",457
"Woodford County, Kentucky","78,295",456
"Cook County, Illinois","78,304",455
"Goodhue County, Minnesota","78,338",454
"Stillwater County, Montana","78,380",453
"Lafayette County, Missouri","78,397",452
"Foster County, North Dakota","78,426",451
"Licking County, Ohio","78,505",450
"Outagamie County, Wisconsin","78,705",449
"Stark County, North Dakota","78,734",448
"Ouray County, Colorado","78,750",447
"Charleston County, South Carolina","78,795",446
"Polk County, Iowa","78,827",445
"Albany County, New York","78,829",444
"Tarrant County, Texas","78,872",443
"Lake County, Colorado","78,942",442
"Adams County, Pennsylvania","78,975",441
"McCone County, Montana","79,022",440
"Mathews County, Virginia","79,054",439
"Madison County, Mississippi","79,105",438
"Nicollet County, Minnesota","79,113",437
"Camden County, North Carolina","79,120",436
"Morgan County, Indiana","79,134",435
"York County, Pennsylvania","79,183",434
"St. Charles Parish, Louisiana","79,191",433
"Iowa County, Wisconsin","79,226",432
"Converse County, Wyoming","79,235",431
"Mecklenburg County, North Carolina","79,265",430
"Columbia County, Wisconsin","79,271",429
"Warren County, Virginia","79,313",428
"Grand County, Colorado","79,367",427
"Sweetwater County, Wyoming","79,375",426
"Nevada County, California","79,395",425
"King William County, Virginia","79,398",424
"Douglas County, Washington","79,422",423
"Walton County, Georgia","79,425",422
"Benton County, Iowa","79,444",421
"Putnam County, Ohio","79,453",420
"Effingham County, Georgia","79,474",419
"Seminole County, Florida","79,490",418
"Morton County, North Dakota","79,555",417
"Clermont County, Ohio","79,573",416
"Skagway Municipality, Alaska","79,583",415
"Henry County, Georgia","79,663",414
"DeSoto County, Mississippi","79,666",413
"Seward County, Nebraska","79,677",412
"Bowman County, North Dakota","79,709",411
"Blanco County, Texas","79,717",410
"Steele County, Minnesota","79,722",409
"Dare County, North Carolina","79,742",408
"York County, Maine","79,743",407
"Fallon County, Montana","79,750",406
"Grafton County, New Hampshire","79,949",405
"Aleutians East Borough, Alaska","79,961",404
"Plymouth County, Iowa","79,963",403
"Hays County, Texas","79,990",402
"Hood County, Texas","80,013",401
"Woodford County, Illinois","80,093",400
"Monroe County, Florida","80,111",399
"Bottineau County, North Dakota","80,113",398
"Yamhill County, Oregon","80,125",397
"Limestone County, Alabama","80,146",396
"McClain County, Oklahoma","80,150",395
"Bastrop County, Texas","80,151",394
"York County, South Carolina","80,158",393
"Hood River County, Oregon","80,254",392
"Beaver County, Utah","80,268",391
"Yoakum County, Texas","80,317",390
"Prince George County, Virginia","80,318",389
"Dearborn County, Indiana","80,352",388
"Boone County, Illinois","80,502",387
"West Baton Rouge Parish, Louisiana","80,510",386
"McLean County, North Dakota","80,556",385
"Logan County, Oklahoma","80,565",384
"Borden County, Texas","80,625",383
"Bristol County, Massachusetts","80,628",382
"Monroe County, Pennsylvania","80,656",381
"Maricopa County, Arizona","80,675",380
"Grundy County, Iowa","80,701",379
"Belknap County, New Hampshire","80,719",378
"Scott County, Kentucky","80,782",377
"Roanoke County, Virginia","80,872",376
"Shelby County, Kentucky","81,012",375
"Valdez-Cordova Census Area, Alaska","81,053",374
"Fayette County, Tennessee","81,074",373
"Piatt County, Illinois","81,151",372
"New Haven County, Connecticut","81,156",371
"Traill County, North Dakota","81,157",370
"Greene County, Ohio","81,243",369
"Beaufort County, South Carolina","81,260",368
"Greene County, Virginia","81,338",367
"Lancaster County, Pennsylvania","81,458",366
"Morgan County, Georgia","81,524",365
"Washoe County, Nevada","81,531",364
"Fairbanks North Star, Alaska","81,655",363
"LaGrange County, Indiana","81,658",362
"Talbot County, Maryland","81,667",361
"Columbia County, New York","81,741",360
"Blaine County, Idaho","81,794",359
"Sumner County, Tennessee","81,883",358
"Mountrail County, North Dakota","81,886",357
"Mills County, Iowa","81,907",356
"Sioux County, Iowa","81,914",355
"La Plata County, Colorado","81,936",354
"Camden County, New Jersey","82,005",353
"Collier County, Florida","82,011",352
"Skagit County, Washington","82,029",351
"Union County, South Dakota","82,036",350
"Mono County, California","82,038",349
"Deschutes County, Oregon","82,042",348
"Jackson County, Georgia","82,056",347
"Burleigh County, North Dakota","82,141",346
"Mercer County, North Dakota","82,155",345
"Northampton County, Pennsylvania","82,201",344
"Clay County, Florida","82,242",343
"Clay County, Missouri","82,264",342
"Weber County, Utah","82,291",341
"Gwinnett County, Georgia","82,296",340
"Stanley County, South Dakota","82,298",339
"Leelanau County, Michigan","82,345",338
"Canadian County, Oklahoma","82,364",337
"Ocean County, New Jersey","82,379",336
"Henrico County, Virginia","82,424",335
"Queens County, New York","82,431",334
"Cass County, Missouri","82,473",333
"Lincoln County, Missouri","82,543",332
"Clinton County, Michigan","82,594",331
"Johnson County, Indiana","82,730",330
"El Paso County, Colorado","82,748",329
"Ketchikan Gateway Borough, Alaska","82,763",328
"Garfield County, Colorado","82,772",327
"Currituck County, North Carolina","82,793",326
"San Joaquin County, California","82,837",325
"Cumberland County, Pennsylvania","82,849",324
"Island County, Washington","82,850",323
"Porter County, Indiana","82,915",322
"Butler County, Pennsylvania","82,932",321
"Fairfield County, Ohio","82,969",320
"Pierce County, Wisconsin","82,996",319
"Lincoln County, Wyoming","83,033",318
"Carson County, Texas","83,199",317
"Strafford County, New Hampshire","83,212",316
"Columbia County, Oregon","83,265",315
"Los Angeles County, California","83,411",314
"Gallatin County, Montana","83,434",313
"Fredericksburg City, Virginia","83,445",312
"North Slope Borough, Alaska","83,472",311
"Caroline County, Virginia","83,562",310
"Lee County, Georgia","83,632",309
"Multnomah County, Oregon","83,668",308
"Rensselaer County, New York","83,734",307
"Gloucester County, Virginia","83,750",305
"Hughes County, South Dakota","83,750",305
"Benton County, Washington","83,778",304
"McKenzie County, North Dakota","83,813",303
"Cabarrus County, North Carolina","83,828",302
"Pike County, Georgia","83,866",301
"Cape May County, New Jersey","83,870",300
"Ada County, Idaho","83,881",299
"Galveston County, Texas","83,913",298
"Ottawa County, Michigan","83,932",297
"Sacramento County, California","84,010",296
"Hampshire County, Massachusetts","84,025",295
"Isanti County, Minnesota","84,063",294
"Kaufman County, Texas","84,075",293
"Nassau County, Florida","84,085",292
"Calumet County, Wisconsin","84,151",291
"Chatham County, North Carolina","84,222",290
"Washtenaw County, Michigan","84,245",289
"Douglas County, Nevada","84,262",288
"Dane County, Wisconsin","84,297",287
"Leavenworth County, Kansas","84,307",286
"Passaic County, New Jersey","84,465",285
"Saunders County, Nebraska","84,474",284
"Skamania County, Washington","84,500",283
"Riverside County, California","84,505",282
"Dawson County, Georgia","84,516",281
"Santa Rosa County, Florida","84,715",280
"Bremer County, Iowa","84,727",279
"Golden Valley County, North Dakota","84,750",278
"Grant County, Kansas","84,808",277
"Menard County, Illinois","84,846",276
"Park County, Colorado","85,019",275
"Yolo County, California","85,097",274
"Pottawatomie County, Kansas","85,241",273
"Hancock County, Indiana","85,262",272
"Benton County, Arkansas","85,269",271
"New Castle County, Delaware","85,309",270
"Wise County, Texas","85,385",269
"Miami County, Kansas","85,564",268
"Kent County, Rhode Island","85,732",267
"Steele County, North Dakota","85,750",266
"New London County, Connecticut","85,760",265
"Orange County, North Carolina","85,785",264
"Denver County, Colorado","85,853",263
"Addison County, Vermont","85,870",262
"Harris County, Georgia","85,936",261
"Sublette County, Wyoming","85,960",260
"Williams County, North Dakota","86,139",259
"Fulton County, Georgia","86,267",258
"Adams County, Colorado","86,297",257
"Delaware County, Pennsylvania","86,390",256
"Matanuska-Susitna Borough, Alaska","86,435",255
"Andrews County, Texas","86,458",254
"Hartford County, Connecticut","86,612",253
"Grand Isle County, Vermont","86,639",252
"Hanson County, South Dakota","86,827",251
"Hudson County, New Jersey","86,854",250
"Cecil County, Maryland","86,869",249
"Storey County, Nevada","86,932",248
"Clear Creek County, Colorado","87,169",247
"Le Sueur County, Minnesota","87,180",246
"Larimer County, Colorado","87,199",245
"Denali, Alaska","87,292",244
"Orange County, Virginia","87,309",243
"Virginia Beach City, Virginia","87,544",242
"Suffolk County, Massachusetts","87,669",241
"Cass County, Nebraska","87,673",240
"Cumberland County, Maine","87,710",239
"Elko County, Nevada","87,755",238
"Suffolk City, Virginia","87,758",237
"Kalawao County, Hawaii","87,813",236
"Somervell County, Texas","87,899",235
"Juab County, Utah","88,048",234
"Calhoun County, Illinois","88,059",233
"Madison County, Iowa","88,110",232
"Guadalupe County, Texas","88,111",231
"Baltimore County, Maryland","88,157",230
"Worcester County, Massachusetts","88,524",229
"Merrimack County, New Hampshire","88,806",228
"Kauai County, Hawaii","88,869",227
"Thurston County, Washington","88,895",226
"Teton County, Idaho","88,906",225
"Winkler County, Texas","89,155",224
"Weld County, Colorado","89,182",223
"Paulding County, Georgia","89,237",222
"Wilson County, Tennessee","89,462",221
"Chittenden County, Vermont","89,494",220
"Washington County, Nebraska","89,671",219
"Wilson County, Texas","89,708",218
"Warren County, Iowa","89,741",217
"Medina County, Ohio","89,968",216
"Grundy County, Illinois","89,993",215
"Salt Lake County, Utah","90,011",214
"Coweta County, Georgia","90,031",213
"Clark County, Washington","90,115",212
"Midland County, Texas","90,123",211
"San Luis Obispo County, California","90,158",210
"Olmsted County, Minnesota","90,420",209
"Barnstable County, Massachusetts","90,447",208
"Shelby County, Alabama","90,618",207
"Bryan County, Georgia","90,627",206
"Litchfield County, Connecticut","90,660",205
"Fluvanna County, Virginia","90,766",204
"Monterey County, California","91,043",203
"Warrick County, Indiana","91,105",202
"Kodiak Island Borough, Alaska","91,138",201
"Utah County, Utah","91,263",200
"Pierce County, Washington","91,486",199
"Manassas Park City, Virginia","91,673",198
"Isle of Wight County, Virginia","91,680",197
"Boone County, Kentucky","91,697",196
"Dunn County, North Dakota","91,758",195
"Orange County, New York","91,806",194
"Washington County, Wisconsin","91,915",193
"Brazoria County, Texas","91,972",192
"Ozaukee County, Wisconsin","92,258",191
"Arapahoe County, Colorado","92,292",190
"Lincoln County, South Dakota","92,317",189
"Santa Barbara County, California","92,332",188
"Culpeper County, Virginia","92,359",187
"Lander County, Nevada","92,388",186
"Frederick County, Virginia","92,443",185
"Platte County, Missouri","92,543",184
"Columbia County, Georgia","92,571",183
"Hennepin County, Minnesota","92,595",182
"Oakland County, Michigan","92,620",180
"Warren County, New Jersey","92,620",180
"Mercer County, New Jersey","92,697",179
"Chesapeake City, Virginia","92,703",178
"Travis County, Texas","92,731",177
"Dodge County, Minnesota","92,890",176
"Dukes County, Massachusetts","93,225",175
"Ellis County, Texas","93,248",174
"Campbell County, Wyoming","93,315",173
"Lexington City, Virginia","93,651",172
"Kitsap County, Washington","93,675",171
"Comal County, Texas","93,744",169
"Jefferson County, West Virginia","93,744",169
"Ascension Parish, Louisiana","93,800",168
"Bristol Bay Borough, Alaska","94,167",167
"Cobb County, Georgia","94,244",166
"Essex County, Massachusetts","94,378",165
"Dutchess County, New York","94,578",164
"Burke County, North Dakota","94,583",163
"Union County, New Jersey","95,000",162
"Hillsborough County, New Hampshire","95,112",161
"Routt County, Colorado","95,144",160
"Hendricks County, Indiana","95,261",158
"Sitka Borough, Alaska","95,261",158
"Maui County, Hawaii","95,379",157
"Union County, North Carolina","95,533",156
"Tooele County, Utah","95,545",155
"Juneau Borough, Alaska","95,711",154
"Parker County, Texas","95,721",153
"Anchorage Borough, Alaska","95,731",152
"Clackamas County, Oregon","95,740",151
"Chesterfield County, Virginia","95,757",150
"Anoka County, Minnesota","95,782",149
"Gilpin County, Colorado","95,902",148
"Sarpy County, Nebraska","95,911",147
"Divide County, North Dakota","95,938",146
"Montgomery County, Texas","95,946",145
"Middlesex County, Connecticut","96,084",144
"Pitkin County, Colorado","96,123",143
"Livingston County, Michigan","96,135",142
"Richmond County, New York","96,185",141
"Newport County, Rhode Island","96,319",140
"Kane County, Illinois","96,400",139
"Wake County, North Carolina","96,734",138
"San Diego County, California","96,974",137
"Solano County, California","97,037",136
"Saratoga County, New York","97,038",135
"Geauga County, Ohio","97,162",134
"Chisago County, Minnesota","97,446",133
"Albemarle County, Virginia","97,708",132
"Prince Georges County, Maryland","97,935",131
"St. Croix County, Wisconsin","97,950",130
"Rappahannock County, Virginia","98,663",129
"Eagle County, Colorado","98,887",128
"El Dorado County, California","99,246",127
"Tolland County, Connecticut","99,264",126
"Sonoma County, California","99,266",125
"Sherburne County, Minnesota","99,431",124
"Washington County, Rhode Island","99,510",123
"Dallas County, Iowa","99,533",122
"St. Charles County, Missouri","99,596",121
"Gloucester County, New Jersey","99,668",120
"Boulder County, Colorado","99,770",119
"Honolulu County, Hawaii","99,816",118
"New York County, New York","99,880",117
"St. Johns County, Florida","100,020",116
"McHenry County, Illinois","100,101",115
"Washington County, Oregon","100,121",114
"Summit County, Colorado","100,611",113
"Aleutians West Census Area, Alaska","100,662",112
"Monroe County, Illinois","100,685",111
"James City County, Virginia","100,711",110
"Cherokee County, Georgia","100,824",109
"Spencer County, Kentucky","101,118",108
"Alpine County, California","101,125",107
"Davis County, Utah","101,285",106
"Dakota County, Minnesota","101,360",105
"Waukesha County, Wisconsin","101,639",104
District of Columbia,"101,722",103
"Ventura County, California","102,141",102
"Burlington County, New Jersey","102,615",101
"Williamson County, Texas","102,851",100
"Wright County, Minnesota","102,980",99
"Boone County, Indiana","103,038",98
"Warren County, Ohio","103,128",97
"Jefferson County, Colorado","103,167",96
"King George County, Virginia","103,264",95
"Johnson County, Kansas","103,644",94
"Will County, Illinois","103,678",93
"Snohomish County, Washington","104,083",92
"Denton County, Texas","104,180",91
"Kendall County, Texas","104,196",90
"Santa Cruz County, California","104,409",89
"San Benito County, California","104,451",88
"Union County, Ohio","104,496",87
"Lake County, Illinois","104,553",86
"Hanover County, Virginia","104,678",85
"Wasatch County, Utah","104,855",84
"Spotsylvania County, Virginia","105,068",83
"York County, Virginia","105,154",82
"Middlesex County, New Jersey","105,206",81
"Plymouth County, Massachusetts","105,387",80
"Goochland County, Virginia","105,600",79
"Napa County, California","105,809",78
"Bristol County, Rhode Island","105,875",77
"Fayette County, Georgia","105,910",76
"Chambers County, Texas","106,103",75
"Rockland County, New York","106,173",74
"Kendall County, Illinois","106,358",73
"Harford County, Maryland","106,417",72
"DuPage County, Illinois","107,035",71
"Montgomery County, Pennsylvania","107,441",70
"Clarke County, Virginia","107,475",69
"Bucks County, Pennsylvania","107,826",68
"Powhatan County, Virginia","108,089",67
"Teton County, Wyoming","108,279",66
"Queen Annes County, Maryland","108,332",65
"Orange County, California","109,361",64
"Placer County, California","109,375",63
"Fairfield County, Connecticut","109,390",62
"Fort Bend County, Texas","109,987",61
"Rockingham County, New Hampshire","110,225",60
"Manassas City, Virginia","110,559",59
"Washington County, Minnesota","110,828",58
"Sussex County, New Jersey","111,094",57
"Carroll County, Maryland","111,672",56
"Glasscock County, Texas","112,188",55
"New Kent County, Virginia","113,120",54
"Alexandria City, Virginia","113,179",53
"Collin County, Texas","113,255",52
"St. Marys County, Maryland","113,668",51
"Poquoson City, Virginia","114,503",50
"Westchester County, New York","114,651",49
"Hamilton County, Indiana","114,866",48
"Frederick County, Maryland","115,724",47
"Anne Arundel County, Maryland","116,009",46
"Oconee County, Georgia","116,221",45
"Carver County, Minnesota","116,308",44
"King County, Washington","116,340",43
"Charles County, Maryland","116,882",42
"Oldham County, Kentucky","117,334",41
"Broomfield County, Colorado","117,541",40
"Scott County, Minnesota","118,268",39
"Monmouth County, New Jersey","118,527",38
"Chester County, Pennsylvania","118,574",37
"Bergen County, New Jersey","118,714",36
"Contra Costa County, California","120,020",35
"Norfolk County, Massachusetts","120,621",34
"Morgan County, Utah","120,854",33
"Putnam County, New York","120,970",32
"Rockwall County, Texas","121,303",31
"Middlesex County, Massachusetts","121,304",30
"Alameda County, California","122,488",29
"Suffolk County, New York","122,498",28
"Fauquier County, Virginia","122,785",27
"Prince William County, Virginia","123,193",26
"Delaware County, Ohio","123,995",25
"Elbert County, Colorado","124,360",24
"Montgomery County, Maryland","125,583",23
"Williamson County, Tennessee","125,943",22
"Summit County, Utah","126,392",21
"Stafford County, Virginia","128,036",20
"Calvert County, Maryland","128,078",19
"Fairfax City, Virginia","128,708",18
"Morris County, New Jersey","130,808",17
"Forsyth County, Georgia","131,660",16
"Somerset County, New Jersey","131,948",15
"Hunterdon County, New Jersey","133,534",14
"Nantucket County, Massachusetts","135,590",13
"Los Alamos County, New Mexico","135,801",12
"San Francisco County, California","136,689",11
"Arlington County, Virginia","137,387",10
"Nassau County, New York","137,709",9
"Douglas County, Colorado","139,010",8
"Howard County, Maryland","140,971",7
"Marin County, California","142,019",6
"Fairfax County, Virginia","145,165",5
"San Mateo County, California","149,907",4
"Santa Clara County, California","153,792",3
"Falls Church City, Virginia","164,536",2
"Loudoun County, Virginia","170,463",1
